AFLAS8D
HFDTEDATE:190726
HFDTE190726
HFFXA500
HFPLTPILOTINCHARGE:David Neale
HFCM2CREW2:
HFGTYGLIDERTYPE:PIK-20D
HFGIDGLIDERID:G-DDLY
HFDTMGPSDATUM:WGS84
HFRFWFIRMWAREVERSION:Flarm-IGC07.40
HFRHWHARDWAREVERSION:LXN-Flarm-IGC
HFFTYFRTYPE:LXN Red Box Flarm
HFGPSRECEIVER:u-blox,TIM-LP,16,8191
HFPRSPRESSALTSENSOR:Intersema MS5534B,8191
HFCCLCOMPETITIONCLASS:15m
HFCIDCOMPETITIONID:
I023638FXA3940SIU
C190726100221000000000002Task
C0000000N00000000ET
C5143096N00250776WUSK
C5212759N00209508WWOR
C5245766N00327245WVRY
C5143096N00250776WUSK
C0000000N00000000EL
LFLA11052202vqn=?=PhEvBbh]UXHXFYK?XCMDMB
B1105225143096N00250590WA-00730007600111
LFLA11052302vqn=?xdLKaMjpu=@P@NAHT;PIPFQ
LFLA11052602Igl@:fdgxExosnFCSCUBVCP;U<U:
LFLA11053002vqn=?nZRAFsJPU]`p`naiuZqgngp
B1105305143096N00250590WA-00740007500110
LFLA11053102vqn=?j%VZeXlns;>N>P?HT;PIPFQ
LFLA11053102Igl@:fdgxExosnFCSCUBVCP;R;U:
LFLA11053602vqn=?Q=ukwBjpu=@P@NAj%yblelc
LFLA11053802vqn=?UIq>BwYSNfcscub[ohsZs#s
B1105385143096N00250590WA-00740007500110
B1105465143096N00250590WA-00730007500110
LFLA11054902Igl@:gefrGrFyGojZj#k_jir[r#s
LFLA11055002vqn=?N=uCDyJPU]`p`naMAVELEKD
LFLA11055302vqn=?EV%%[NuwjBGWGYFrfqZt]t[
B1105545143097N00250593WA-00730007500111
LFLA11055603srruojpjrvvqup
LFLA110559011
B1106025143115N00250660WA-00740007500111
LFLA110603 STEALTH OFF
LFLA110603 NOTRACK OFF
LFLA110603ID 1 4056BF
LFLA110603OB
LFLA11060307OBSTEXP 
LFLA11060307DEVNO LXN-Flarm-IGC-4875
LFLA11060307BUILD ea7cf80c9
LFLA11060307RANGE 25500
LFLA11060307ACFT 1
LFLA11060307FREQ 100
LFLA11060307CFLAGS 00
LFLA11060307RFTX 1
LFLA11060307MISC 00
LFLA11060307LOGINT 1
LFLA11060307MSG 1
LFLA11060307NMEAOUT1 1
LFLA11060307BAUD1 2
LFLA110603EE0mledrsrsA?A?A>hhrrrssrrssrrsut
LFLA110603EE1A?rstutursA?A?A?A?srsrA?rssrVV
LFLA110603EE2A?srA?rsA?ee:;vvA?A?A?A?rsA?A?
LFLA110603EE3deA?rssrrs
B1106035143118N00250676WA-00750007500111
LFLA11060402vqn=?haYdk>hb_a?OsNrvbm%w%x_
B1106045143122N00250693WA-00750007500111
B1106055143126N00250711WA-00750007500111
B1106065143130N00250731WA-00750007500111
LFLA110607AZNSTAT 0 0
B1106075143135N00250752WA-00760007500111
B1106085143140N00250774WA-00750007500111
LFLA11060902G]uIC%V%nsm?p>Sue?b>J?TGQHQF
LFLA11060902Ofp<>FnF:GAC?BOqaC%BVCP;U<U:
B1106095143146N00250798WA-00760007400111
LFLA11061002Ofp<><t<b_i]i#a?OuPthu%mdmcl
B1106105143151N00250823WA-00750007500111
B1106115143156N00250849WA-00730007500111
B1106125143161N00250876WA-00720007500111
LFLA11061302Ofp<>`W_c`f[gZ<[kWjVBW<OIPIN
B1106135143166N00250904WA-00720007600111
LFLA11061402Ofp<>[T#F=C;G:iFVkVj%khsZs]r
B1106145143170N00250933WA-00700007800111
B1106155143174N00250962WA-00680008100111
B1106165143178N00250992WA-00650008500111
B1106175143180N00251022WA-00650008800111
B1106185143180N00251052WA-00600009200111
B1106195143179N00251083WA-00560009600111
LFLA11062002G]uICu:rurlUbTnL<rOsgrajcjdk
B1106205143177N00251113WA-00550010000111
B1106215143174N00251143WA-00520010500111
B1106225143170N00251173WA-00460010900111
B1106235143165N00251203WA-00420011200111
B1106245143159N00251232WA-00370011600111
B1106255143152N00251261WA-00330012000111
B1106265143144N00251290WA-00280012500111
LFLA11062702G]uICY`X#`f_P%g>N[FZn[xcmdmb
B1106275143135N00251317WA-00220013000111
LFLA11062802G]uIC%W_yrl?q?i?OaD`laripioh
B1106285143125N00251345WA-00220013500111
B1106295143114N00251372WA-00180013900111
B1106305143104N00251399WA-00130014100111
LFLA11063102G]uICdfeMOY#J#c=Me@dxen]sZs#
B1106315143093N00251427WA-00110014500111
B1106325143082N00251454WA-00080015000111
B1106335143072N00251481WA-00030015500111
B1106345143061N00251508WA000020016300111
LFLA11063502Ofp<>WTW:RL@n@xO?_B%j_tgqhqf
B1106355143050N00251533WA000110017100111
B1106365143038N00251557WA000190017900111
B1106375143027N00251582WA000280018700111
B1106385143016N00251605WA000360019400111
B1106395143005N00251629WA000360019900111
B1106405142994N00251653WA000420020300111
LFLA11064102Lmm><echU:DsBtPwg?b>vbqZt]t[
B1106415142983N00251677WA000450020700111
LFLA11064202vqn=?bv>[HuFB?i>NyLxBW@KBKEJ
B1106425142972N00251701WA000490020900111
B1106435142962N00251725WA000520021200111
B1106445142951N00251750WA000540021400111
B1106455142941N00251775WA000570021600111
LFLA11064602Lmm><FFELH>wFxEZjXmYamfuZsZu
B1106465142931N00251800WA000590021900111
B1106475142920N00251826WA000630022200111
B1106485142910N00251851WA000660022600111
B1106495142900N00251877WA000710022900111
B1106505142889N00251902WA000740023300111
B1106515142878N00251927WA000740023600111
B1106525142867N00251952WA000770024100111
B1106535142856N00251977WA000820024500111
B1106545142845N00252002WA000870024800111
B1106555142834N00252028WA000910025100111
LFLA11065603srurknlowDD;G:
B1106565142822N00252054WA000940025300111
B1106575142811N00252080WA000960025500111
LFLA110657RFC 7640 34140 441 0 0
B1106585142800N00252106WA001000025900111
B1106595142790N00252134WA001040026500111
B1107005142781N00252162WA001110027200111
B1107015142773N00252190WA001180027900111
B1107025142766N00252220WA001240028500111
B1107035142759N00252249WA001310028900111
B1107045142753N00252278WA001310029400111
B1107055142745N00252307WA001400029700111
B1107065142738N00252336WA001390029900111
B1107075142731N00252364WA001420030200111
B1107085142726N00252393WA001450030700111
B1107095142721N00252421WA001490031100111
B1107105142718N00252450WA001550031500111
B1107115142715N00252479WA001590031900111
LFLA11071202vqn=?rbJ?sF_h]Z@PN@Ody%mdmcl
B1107125142714N00252507WA001620032300111
B1107135142714N00252535WA001670032700111
B1107145142715N00252563WA001700033100111
LFLA11071502vqn=?#mEfLajupkO?IWHk%yblelc
B1107155142718N00252591WA001730033300111
LFLA11071602vqn=?AS[nDyfadXtd_q%vfqZsZt[
B1107165142722N00252618WA001730033500111
LFLA11071702Lmm><XMNYmsCxFnQAn`ouijaxaw`
B1107175142728N00252644WA001760033700111
B1107185142735N00252669WA001780034000111
B1107195142743N00252693WA001810034300111
B1107205142752N00252716WA001850034600111
LFLA11072102vqn=?<V%T%KOXM=]mAO@vgp[u#uZ
B1107215142762N00252738WA001890034900111
B1107225142773N00252758WA001920035200111
B1107235142785N00252777WA001950035600111
B1107245142798N00252794WA001990035900111
B1107255142812N00252810WA002030036300111
B1107265142827N00252823WA002070036600111
B1107275142842N00252834WA002110037000111
B1107285142857N00252843WA002110037600111
B1107295142873N00252851WA002170038100111
B1107305142889N00252857WA002220038600111
B1107315142904N00252860WA002280039300111
B1107325142920N00252862WA002350040000111
B1107335142936N00252863WA002430040700111
LFLA11073402Lmm><%`[TukJ`NWdtGYF<PCX>W>Y
B1107345142952N00252863WA002500041200111
LFLA11073502Lmm><;=>xYOsIw[hxDRE?KHS:S=R
B1107355142968N00252861WA002550041600111
B1107365142984N00252859WA002580041900111
LFLA11073702Ofp<>>:AfGAeWiMVFwivbw#ofoin
B1107375143001N00252857WA002600042200111
B1107385143017N00252854WA002650042600111
B1107395143033N00252852WA002700043000111
LFLA11074002Lmm><pkpQpv[Q_H;KM;LVBQ:T=T;
B1107405143049N00252850WA002700043400111
LFLA11074102Ofp<>ICHYxncYgQRBESDXEN=S:S<
B1107415143065N00252848WA002750043700111
LFLA11074202Ofp<>kBjhI?RhV%eutbuit_lelbm
LFLA11074202Lmm><nloRsmeWiQRBCUB@LGT=T:U
B1107425143081N00252846WA002790044000111
B1107435143098N00252844WA002830044100111
B1107445143115N00252842WA002820044100111
B1107455143131N00252840WA002830044300111
LFLA11074602Ofp<>oHpjKU;q?g#l%p_k%ufpipg
B1107465143148N00252838WA002860044500111
B1107475143164N00252836WA002880044700111
B1107485143181N00252834WA002900045000111
B1107495143198N00252832WA002930045200111
B1107505143214N00252830WA002950045500111
B1107515143231N00252829WA002990045700111
LFLA11075202Lmm><x=uiH>IsEJYIVHW_khsZs]r
B1107525143249N00252828WA002990046000111
B1107535143266N00252828WA003010046200111
B1107545143283N00252829WA003030046500111
LFLA11075502Lmm><Y]UjKUbWiJbrLyMeyZqgngp
B1107555143301N00252832WA003070046900111
LFLA11075603srurlqkpxBB=I<
B1107565143318N00252836WA003100047200111
B1107575143335N00252843WA003140047700111
B1107585143351N00252853WA003190048100111
B1107595143367N00252865WA003220048400111
F1107590102030406171928311209
B1108005143382N00252879WA003260048700111
B1108015143396N00252895WA003300049100111
B1108025143410N00252913WA003340049400111
B1108035143422N00252932WA003380049800111
B1108045143434N00252953WA003380050200110
B1108055143444N00252976WA003430050700111
B1108065143453N00253000WA003480051200111
B1108075143461N00253027WA003540051700111
B1108085143466N00253055WA003600052000111
B1108095143470N00253083WA003640052400111
B1108105143472N00253113WA003670052700111
B1108115143473N00253143WA003700053000111
B1108125143473N00253173WA003730053300111
B1108135143471N00253203WA003760053700110
B1108145143467N00253234WA003810054200111
B1108155143463N00253264WA003880054800111
B1108165143455N00253293WA003880055400111
B1108175143446N00253321WA003940055900111
B1108185143435N00253348WA004000056400111
B1108195143424N00253374WA004050056800111
B1108205143412N00253400WA004080057000111
B1108215143398N00253424WA004100057300111
B1108225143384N00253446WA004140057500111
B1108235143369N00253467WA004160057800111
B1108245143353N00253484WA004200058200111
B1108255143336N00253500WA004240058600111
LFLA11082602Lmm><lHpuAGt;mOtdh=iuhk`y`va
B1108265143318N00253514WA004300059100111
B1108275143300N00253525WA004350059600110
B1108285143282N00253534WA004350060200111
B1108295143263N00253541WA004400060700111
B1108305143244N00253546WA004460061200111
B1108315143225N00253552WA004500061600111
B1108325143206N00253557WA004540061800111
B1108335143186N00253561WA004570062100111
B1108345143166N00253565WA004610062400111
B1108355143147N00253569WA004650062800110
B1108365143127N00253572WA004680063100110
B1108375143107N00253576WA004700063300110
B1108385143087N00253580WA004730063500111
B1108395143067N00253583WA004750063800111
B1108405143047N00253586WA004750064100111
B1108415143027N00253589WA004790064400111
B1108425143007N00253591WA004810064700111
B1108435142986N00253595WA004830065000111
B1108445142966N00253598WA004870065300111
B1108455142946N00253602WA004900065600111
B1108465142926N00253605WA004930065800110
B1108475142905N00253607WA004950065900110
B1108485142885N00253610WA004960066100111
B1108495142865N00253612WA005000066600111
B1108505142844N00253615WA005050067200111
B1108515142825N00253616WA005140067700110
B1108525142806N00253614WA005140068000110
LFLA11085302Lmm><MYRIjtKeSRFV#I]q#wdjcje
LFLA11085302vqn=?<Me[h%`c%_k[YlXkZufofpg
B1108535142789N00253608WA005190068500110
B1108545142773N00253599WA005250068900111
LFLA11085502Lmm><>CHy=CPfXRIYLyMALGT=T:U
B1108555142760N00253585WA005280069300111
LFLA11085603srruknlow@@G;F
B1108565142749N00253569WA005310069500111
B1108575142741N00253550WA005350069600111
B1108585142736N00253530WA005350069500111
LFLA11085902Lmm><`efkF@TZLjiyPtP<QBY?V?X
B1108595142734N00253509WA005350069500111
B1109005142735N00253489WA005350069400111
LFLA11090102vqn=?mfN%gaotq%aqI]IduZqgngp
B1109015142739N00253471WA005330069300111
B1109025142745N00253454WA005310069100111
B1109035142753N00253441WA005300069000111
B1109045142763N00253431WA005300068900111
B1109055142774N00253425WA005280068700111
B1109065142786N00253422WA005270068400111
B1109075142798N00253425WA005250068300111
B1109085142809N00253431WA005220068100111
B1109095142820N00253442WA005210067900111
B1109105142828N00253457WA005180067700111
B1109115142834N00253476WA005170067600111
B1109125142837N00253496WA005160067600111
B1109135142838N00253517WA005160067600111
B1109145142835N00253537WA005160067400111
B1109155142830N00253557WA005150067300111
B1109165142822N00253576WA005140067300111
B1109175142812N00253592WA005140067300111
B1109185142802N00253607WA005160067500111
B1109195142791N00253620WA005160067600111
B1109205142780N00253633WA005170067600111
B1109215142769N00253644WA005170067500111
B1109225142757N00253654WA005160067400111
B1109235142744N00253662WA005150067200110
B1109245142730N00253668WA005120067000110
B1109255142717N00253672WA005100066800110
B1109265142703N00253675WA005080066600110
B1109275142689N00253677WA005060066400111
LFLA11092802Lmm><UJQiKUcM[=J:OrN:ODW>WAV
LFLA11092802tKL;>C;@`M`]i#:M=PuQfstgqhqf
LFLA11092802?JL_]ZefNdZLbTreuh=iuhk`y`va
B1109285142674N00253677WA005050066300111
B1109295142660N00253677WA005050066300111
B1109305142646N00253677WA005050066300111
B1109315142632N00253676WA005050066300111
B1109325142617N00253675WA005050066200111
B1109335142603N00253674WA005040066200111
B1109345142589N00253672WA005030066100111
B1109355142574N00253671WA005030066200111
B1109365142560N00253668WA005030066400111
LFLA11093702Lmm><EVUmGAwAoeyiQtP<QBY?V?X
B1109375142546N00253666WA005060066600111
LFLA11093802Lmm><]nmaSMbLZfrbMxL@MFU<U;T
B1109385142532N00253662WA005090066700111
B1109395142518N00253655WA005080066600110
B1109405142506N00253642WA005070066500109
B1109415142495N00253625WA005070066500110
LFLA11094202vqn=?jhPppvvmx%yiuPt`lcxax%y
B1109425142487N00253605WA005070066600111
B1109435142483N00253582WA005080066900111
B1109445142484N00253559WA005100067300111
B1109455142487N00253540WA005140067600111
LFLA11094602tKL;>ILOZe[]J#pm]i=iITSHQHNI
B1109465142494N00253524WA005180067900111
B1109475142502N00253513WA005190068000111
LFLA11094802vqn=?SAyPOYZh]KTDJvJ<PGT:S:U
B1109485142513N00253507WA005200068000111
LFLA11094902tKL;>MHCYLRiWiXJ:MyMm`_lbkbm
LFLA11094902Lmm><?LOy<B%XfWM=JvJ>KHS=T=R
B1109495142525N00253506WA005200068000110
B1109505142536N00253511WA005200068000111
B1109515142545N00253522WA005190067900111
LFLA11095202Lmm><BXSEqwX%PdN>_D`laripini
B1109525142553N00253537WA005200067800111
B1109535142558N00253555WA005190067700111
B1109545142560N00253576WA005190067500111
B1109555142559N00253598WA005180067300111
LFLA11095602tKL;>VA:FH>BuCUvfMvJrghsZs#s
LFLA11095603srru[%#_gqpwkv
B1109565142554N00253620WA005150067200111
B1109575142545N00253639WA005140067200111
B1109585142533N00253654WA005140067400111
B1109595142519N00253664WA005150067600111
B1110005142505N00253671WA005180067800111
B1110015142490N00253673WA005190067900111
B1110025142475N00253669WA005200068000111
B1110035142461N00253660WA005200068000110
LFLA11100402vqn=?lbJwZdQSNem]D_CGS<OFOIN
B1110045142448N00253646WA005210068000109
B1110055142439N00253627WA005210068100110
LFLA11100602?JL_]SFE:yoWaOIM=%Eam`shqhni
B1110065142433N00253605WA005230068400111
B1110075142431N00253582WA005230068700110
B1110085142433N00253560WA005270069000111
B1110095142440N00253542WA005300069100111
LFLA11101002vqn=?Zt<pe[?E@A:J%Ea[ohs]t]r
B1110105142449N00253528WA005310069200111
B1110115142461N00253522WA005330069300111
LFLA11101202?JL_][olEpviOa:HXQrN:ODWAXAV
B1110125142474N00253523WA005330069400111
B1110135142485N00253531WA005340069500111
B1110145142493N00253546WA005350069600111
B1110155142498N00253566WA005360069600111
LFLA11101602vqn=?R?w[kui[fqN>KxLO;TGNGQF
B1110165142498N00253588WA005370069600111
B1110175142494N00253611WA005360069600111
B1110185142485N00253630WA005370069600111
B1110195142472N00253645WA005370069800111
B1110205142457N00253652WA005370070000111
B1110215142441N00253651WA005410070200111
B1110225142426N00253642WA005430070400111
LFLA11102302vqn=?CJb:OYoupFN>KxLCW@KBKEJ
LFLA111023AZNSTAT 0 0
B1110235142414N00253627WA005440070600110
LFLA11102402?JL_]J<?>ukjDrHO?JyMALGT=T:U
B1110245142406N00253606WA005460070800111
B1110255142402N00253584WA005480071000111
B1110265142403N00253561WA005500071100111
B1110275142408N00253541WA005510071200111
LFLA11102802?JL_]SFE_RLY_QGEUIZFRGL?V?Y>
B1110285142417N00253525WA005530071400111
B1110295142428N00253516WA005540071500111
B1110305142440N00253514WA005560071700111
B1110315142451N00253519WA005570071900111
B1110325142461N00253532WA005570072000111
B1110335142467N00253549WA005590072000111
B1110345142471N00253569WA005590072000111
B1110355142470N00253591WA005590071900110
B1110365142465N00253612WA005590071900111
B1110375142456N00253631WA005570072000111
B1110385142443N00253645WA005590072100111
B1110395142429N00253653WA005610072400111
B1110405142413N00253654WA005650072600111
B1110415142399N00253649WA005660072900111
B1110425142386N00253637WA005700073100109
B1110435142375N00253620WA005720073300111
LFLA11104402?JL_]YFE;xnJcUVAQLwK?JIR;R<S
B1110445142368N00253601WA005740073600111
B1110455142364N00253579WA005740073800111
B1110465142363N00253558WA005760074000111
B1110475142366N00253538WA005790074200111
B1110485142372N00253520WA005810074500111
LFLA11104902?JL_]anmbOYpIwgdtnUq]pcx%w%y
B1110495142381N00253507WA005840074800111
B1110505142391N00253500WA005870075000111
B1110515142402N00253499WA005880075000111
B1110525142413N00253504WA005900075000111
B1110535142422N00253516WA005890074900111
B1110545142428N00253533WA005880074800111
B1110555142432N00253553WA005870074600110
LFLA11105603srurmpjqya`g[f
B1110565142431N00253575WA005840074500111
B1110575142426N00253597WA005840074500111
B1110585142417N00253616WA005840074600111
B1110595142404N00253631WA005840074700111
B1111005142389N00253640WA005840074800111
B1111015142373N00253641WA005860074900111
B1111025142357N00253635WA005880075100111
B1111035142344N00253622WA005900075300109
B1111045142333N00253603WA005930075600110
LFLA11110502vqn=?;`XP?IF=HkgwsPtugp[r[uZ
B1111055142326N00253582WA005960075800111
LFLA11110602?JL_]]lojF@U#JDN><g;O:YBKBLC
B1111065142324N00253559WA005990076000110
B1111075142325N00253537WA006010076200111
LFLA11110802Lmm><APK?rlpIwop`i:frgl_v_y%
LFLA11110802vqn=?U<tm#b_daifvoTpq[tgqhqf
B1111085142330N00253518WA006040076500111
B1111095142338N00253503WA006070076900111
B1111105142348N00253492WA006110077200111
LFLA11111102?JL_]?PKY#b_Vhrm]e>bvcp[u#uZ
LFLA11111102Lmm><vib`UKSZL>IYQrN:ODWAXAV
B1111115142358N00253487WA006110077400111
B1111125142369N00253487WA006140077500111
B1111135142379N00253493WA006150077400111
LFLA111113RFC 8152 34554 449 0 0
B1111145142388N00253505WA006140077300111
B1111155142394N00253522WA006130077100111
B1111165142396N00253542WA006110076900111
B1111175142393N00253564WA006090076800111
B1111185142385N00253584WA006080076700111
B1111195142374N00253601WA006070076800111
B1111205142359N00253612WA006070076900111
B1111215142343N00253616WA006090077000111
B1111225142326N00253613WA006110077200111
B1111235142311N00253604WA006140077400111
B1111245142299N00253588WA006140077800111
B1111255142290N00253569WA006190078300111
B1111265142284N00253548WA006220078700111
B1111275142282N00253527WA006270079000111
B1111285142283N00253506WA006310079200111
LFLA11112902Lmm><CQJ]SMeM[#[k:i=Q<WDMDJE
LFLA11112902?JL_]M<?nH>v>pop`QrN:ODW>WAV
B1111295142288N00253487WA006320079300111
LFLA11113002tKL;>P?<Gyo=tBRXH;h<guripioh
B1111305142296N00253471WA006340079400111
B1111315142306N00253460WA006340079500111
B1111325142318N00253456WA006350079600111
LFLA11113302tKL;>`mnRb#?vHXK;>eAbxwdjcje
B1111335142330N00253460WA006360079700111
LFLA11113402?JL_]UBI?rlQiW>xhjYmalgtZsZu
B1111345142340N00253469WA006370079800111
LFLA11113502Lmm><EUVCnxT#JPeu`C_k%ufpipg
B1111355142348N00253485WA006380079800111
B1111365142351N00253504WA006370079800111
B1111375142351N00253526WA006370079700111
B1111385142346N00253547WA006370079700111
B1111395142337N00253565WA006370079700111
B1111405142325N00253580WA006370079700111
B1111415142310N00253590WA006370079800111
B1111425142294N00253594WA006380080000111
B1111435142277N00253594WA006400080200111
B1111445142262N00253587WA006430080500111
B1111455142249N00253573WA006460080800111
B1111465142239N00253554WA006480081100111
B1111475142233N00253531WA006510081300111
LFLA11114802vqn=?Yr:SE;rqtfm]c@dAPGT=T:U
B1111485142232N00253508WA006540081500110
B1111495142236N00253487WA006560081700111
LFLA11115002?JL_]%uvJdZmEsgbrvMyex[pipfq
B1111505142244N00253469WA006560081900111
LFLA11115102vqn=?;`X%nx?DA:BRSpTq`wdjcje
B1111515142254N00253457WA006570082000111
B1111525142267N00253452WA006590082000111
B1111535142279N00253455WA006600082200111
B1111545142290N00253465WA006620082300111
LFLA11115502?JL_]etwgJT<tBDqaqRnZodwaxav
B1111555142298N00253481WA006640082500111
LFLA11115603srruknlowZ[d`e
B1111565142302N00253501WA006650082600111
B1111575142302N00253523WA006650082600111
B1111585142298N00253545WA006670082700110
B1111595142289N00253564WA006680082900111
B1112005142278N00253579WA006700083200111
B1112015142263N00253589WA006720083400111
B1112025142248N00253592WA006750083600111
B1112035142233N00253587WA006750083800111
B1112045142220N00253575WA006780084100110
B1112055142209N00253558WA006810084200110
LFLA11120602vqn=?:RZgxnLWJim]wLxHT;PIPFQ
B1112065142202N00253536WA006820084300111
B1112075142201N00253512WA006830084400110
B1112085142204N00253490WA006840084500111
B1112095142211N00253470WA006850084600111
B1112105142221N00253456WA006860084600111
LFLA11121102vqn=?>YaERLkxm?HX@c?L@WDJCJE
LFLA11121102?JL_]]vu_YOX`N#cs[H#p]velekd
B1112115142234N00253450WA006860084800110
B1112125142247N00253452WA006880085000111
B1112135142258N00253462WA006900085200111
LFLA11121402?JL_]Zxs#YO`Se;vf@b>J?TGQHQF
B1112145142267N00253477WA006920085300111
B1112155142271N00253498WA006920085400111
LFLA11121602vqn=?:RZUC=mvkoP@h:fVGN=T=S<
B1112165142271N00253520WA006940085400111
B1112175142267N00253542WA006940085500110
B1112185142257N00253562WA006950085600111
LFLA11121902vqn=?[r:q_iYJWG[kWmYixajdmdk
B1112195142245N00253578WA006960085800111
B1112205142230N00253590WA006970086000111
B1112215142214N00253596WA007000086100110
B1112225142198N00253594WA007020086300111
B1112235142183N00253583WA007040086500109
B1112245142170N00253566WA007060086700109
B1112255142162N00253543WA007080086800110
LFLA11122602?JL_]KFER_i=vH#vfjYmalgt]tZu
B1112265142159N00253518WA007090087000111
B1112275142161N00253494WA007110087100111
B1112285142168N00253473WA007110087300110
B1112295142178N00253458WA007130087500111
B1112305142191N00253452WA007150087700111
LFLA11123102?JL_]Y:AdJTHk=;IYlVj%khs]t]r
B1112315142204N00253455WA007170087900111
B1112325142215N00253466WA007180088200111
B1112335142222N00253483WA007210088400111
B1112345142225N00253503WA007230088500111
B1112355142224N00253526WA007240088500111
B1112365142218N00253547WA007260088600111
B1112375142208N00253566WA007260088700111
B1112385142194N00253580WA007280088800111
B1112395142179N00253586WA007300088900111
B1112405142162N00253583WA007310089100111
B1112415142147N00253573WA007310089200110
B1112425142134N00253556WA007320089400111
B1112435142125N00253534WA007340089600111
LFLA11124402?JL_]`wtaTJKhVDQAKxL@MFU<U;T
B1112445142120N00253510WA007360089800111
B1112455142120N00253486WA007380089900110
B1112465142124N00253463WA007400090200111
B1112475142132N00253445WA007420090400111
B1112485142143N00253433WA007440090600111
B1112495142155N00253428WA007470090700111
B1112505142168N00253430WA007480090900111
B1112515142178N00253440WA007500091000111
B1112525142186N00253456WA007510091100111
B1112535142191N00253476WA007510091100111
LFLA11125402?JL_]@TWfKUiK]_@PtNrfs`kelej
B1112545142191N00253498WA007510091100110
B1112555142186N00253521WA007520091200109
LFLA11125603srrumpjqy%_h#i
B1112565142177N00253541WA007520091300111
B1112575142163N00253555WA007530091300111
B1112585142147N00253563WA007540091500111
B1112595142131N00253562WA007560091800111
F1112590102030406171928311209
B1113005142115N00253555WA007580092000111
B1113015142101N00253541WA007590092100110
B1113025142090N00253521WA007600092200111
B1113035142084N00253497WA007610092300111
LFLA11130402?JL_]%vuOi_XZLodtaB%j_tgngqf
B1113045142082N00253472WA007630092400110
LFLA11130502vqn=?BKc:KU`c%:<LBaE`lcxax%y
B1113055142086N00253448WA007640092600111
B1113065142093N00253428WA007640092800111
LFLA11130702Lmm><X?<#SMmGyaZji:frgl_v_y%
B1113075142103N00253413WA007670093000111
B1113085142114N00253405WA007690093200111
LFLA11130902vqn=?tZRk[eAB?NSCNuQfr]nhqho
B1113095142126N00253404WA007710093500111
LFLA11131002Lmm><CMNaVPx:lu=M>eAM@SHNGNI
B1113105142137N00253410WA007730093700111
B1113115142147N00253423WA007760093800111
LFLA11131202?JL_]r_#@vpW]KkHXG#HTIJAW>W@
B1113125142153N00253440WA007780094000111
LFLA11131302vqn=?pfNn[eSPUkM=LwK<PGT=T:U
B1113135142155N00253461WA007790094000111
B1113145142154N00253483WA007790093900111
B1113155142148N00253504WA007780093800111
B1113165142137N00253523WA007770093600111
LFLA11131702vqn=?t#TXB<nup#IYE%B#qfu[r[t
B1113175142122N00253535WA007770093700111
B1113185142106N00253541WA007780094000111
B1113195142089N00253540WA007780094400111
B1113205142073N00253534WA007830094600111
B1113215142059N00253520WA007850094600110
LFLA11132202vqn=?EhPmagAB?AXHE%B@PGT=T:U
B1113225142049N00253500WA007860094600110
B1113235142042N00253476WA007860094600111
B1113245142041N00253451WA007860094600110
B1113255142045N00253428WA007860094700111
LFLA11132602Lmm><u]%mB<MgYFCS?d@LARIPIOH
B1113265142053N00253409WA007870094800111
B1113275142064N00253396WA007880094900111
LFLA11132802vqn=?QlD[msvmxMRBLwK?JEV@Y@W
B1113285142076N00253390WA007900095100111
B1113295142089N00253390WA007930095500110
B1113305142100N00253394WA007970095900111
B1113315142110N00253403WA008010096200111
LFLA11133202?JL_]u[`#RLV#JcN>:i=Q<WDMDJE
B1113325142118N00253416WA008010096400111
B1113335142124N00253433WA008030096500111
B1113345142126N00253454WA008040096500111
B1113355142124N00253475WA008050096500111
B1113365142118N00253496WA008040096500111
B1113375142107N00253513WA008040096600111
B1113385142094N00253526WA008060096800111
B1113395142079N00253532WA008080097000110
B1113405142064N00253532WA008100097200111
B1113415142048N00253526WA008120097200111
B1113425142035N00253512WA008120097200110
LFLA11134302vqn=?#Hpq%hhZgip`f=iPAVELEKD
B1113435142024N00253493WA008110097100110
LFLA11134402?JL_]`:A]SMSaOx#lrQuit_lelbm
B1113445142017N00253471WA008110097100110
B1113455142015N00253446WA008110097100110
B1113465142016N00253422WA008110097200111
B1113475142021N00253400WA008110097300111
LFLA11134802Lmm><ipkr=Cy<jidtBaEYDO<U<R=
B1113485142029N00253382WA008130097500111
B1113495142039N00253369WA008140097600111
B1113505142051N00253362WA008150097700111
B1113515142063N00253363WA008170097900110
B1113525142075N00253371WA008180098100111
LFLA11135302vqn=?`DlFPVDADNbr`C_UDK@V?VA
B1113535142084N00253384WA008210098300111
LFLA11135402Lmm><gpkt:DkFxRaqqRnZodwaxav
B1113545142091N00253401WA008230098600111
B1113555142096N00253420WA008260098700111
LFLA11135602?JL_]dkpBlr<yGiFVPsO;NEV@Y@W
LFLA11135603srrulqkpx#]b%c
B1113565142097N00253441WA008260098700111
B1113575142092N00253463WA008260098600111
B1113585142084N00253483WA008250098600111
B1113595142071N00253498WA008250098600111
B1114005142056N00253506WA008250098700111
LFLA11140102vqn=??fNckuoroQ?OC`Dq`wdmdje
B1114015142039N00253505WA008260098900110
B1114025142024N00253496WA008280099000111
B1114035142011N00253479WA008300099200111
LFLA11140402?JL_]>#_FpvX]KV@PE%BVCP;R;U:
B1114045142001N00253458WA008300099300111
B1114055141995N00253434WA008310099300111
B1114065141994N00253409WA008310099400110
B1114075141997N00253386WA008320099600111
B1114085142004N00253366WA008320099700111
B1114095142013N00253352WA008340099900111
B1114105142025N00253344WA008360100100111
B1114115142037N00253344WA008380100300111
LFLA11141202vqn=?uGokkuRNSMeu#G[VGP;U<U:
B1114125142048N00253350WA008410100700111
LFLA11141302?JL_]golqF@TaOdP@MvJ>KHS=T=R
B1114135142057N00253362WA008450100900111
B1114145142063N00253378WA008470101000111
B1114155142066N00253396WA008480101000111
B1114165142065N00253416WA008490101000111
LFLA11141702vqn=?P#TnoyNROLo_lWk<MBY@Y?X
B1114175142059N00253436WA008480101000110
B1114185142050N00253454WA008490101000111
B1114195142037N00253467WA008480101000111
LFLA11142002vqn=?TbJlvpZf[kXHLwK#mby_v_x
B1114205142023N00253476WA008480101000111
B1114215142007N00253478WA008480100900111
B1114225141990N00253474WA008480101000111
B1114235141974N00253465WA008480101100111
LFLA11142402?JL_]JqjU[eoBtP;K%Eam`shqhoh
B1114245141959N00253452WA008490101200111
B1114255141947N00253435WA008500101300111
B1114265141938N00253413WA008510101300111
B1114275141932N00253389WA008520101300111
LFLA11142802vqn=?q@x?F@<H=DO?rQum#shqhni
B1114285141931N00253365WA008510101300110
B1114295141935N00253342WA008510101300111
B1114305141942N00253322WA008510101300111
B1114315141953N00253309WA008520101400111
LFLA11143202?JL_]XrySZdoBtUJ:IZFRGL?V?Y>
B1114325141965N00253302WA008530101600111
B1114335141978N00253303WA008530101700110
B1114345141989N00253311WA008540101900110
B1114355141998N00253324WA008560102000110
B1114365142004N00253342WA008590102100111
B1114375142006N00253363WA008590102200111
LFLA11143802?JL_]R;@qF@=xFcFV=f:N;XCMDMB
B1114385142004N00253385WA008600102300111
LFLA111439AZNSTAT 0 0
B1114395141998N00253406WA008610102400111
LFLA11144002vqn=?x:rHuHp?qtJ:YjVtejaxaw`
B1114405141987N00253423WA008620102600111
B1114415141974N00253436WA008640102800111
B1114425141960N00253441WA008680103100111
B1114435141944N00253440WA008700103200111
B1114445141930N00253431WA008720103200111
B1114455141917N00253416WA008700103100110
B1114465141908N00253396WA008700102900111
LFLA11144702?JL_]nKPcKUTaOATDD_CWBQ:S:T;
B1114475141904N00253372WA008690102800111
B1114485141904N00253347WA008670102700111
B1114495141909N00253325WA008660102800111
B1114505141918N00253307WA008660102900111
B1114515141929N00253296WA008680103100111
B1114525141941N00253291WA008710103300111
B1114535141953N00253294WA008720103400111
B1114545141964N00253302WA008740103600111
LFLA11145502?JL_]FdgyAGuAo@uelWk_jir#u#s
B1114555141972N00253316WA008750103800111
LFLA11145603srrunkqjrmlsor
B1114565141978N00253333WA008770103900111
B1114575141980N00253352WA008770103900111
B1114585141979N00253373WA008770103900111
B1114595141974N00253393WA008770103800111
B1115005141966N00253412WA008770103800111
B1115015141955N00253428WA008760103700111
B1115025141941N00253438WA008770103800111
B1115035141925N00253443WA008770103900111
B1115045141909N00253442WA008780104100111
B1115055141893N00253434WA008800104400111
LFLA11150602?JL_]iGD=smFj<ZqaOtP<QBY@Y?X
B1115065141879N00253422WA008820104600110
B1115075141868N00253405WA008850104800111
B1115085141859N00253385WA008860104900111
LFLA11150902?JL_]DbiBjt?sE%scLwK?JIR<U<S
B1115095141854N00253363WA008860104900111
LFLA11151002?JL_];]%w?IkGyyZjE%BVCP;R;U:
B1115105141853N00253340WA008850104700111
B1115115141856N00253318WA008850104600111
B1115125141862N00253299WA008840104600111
LFLA11151302Lmm><;]%s:DpDrchxD_CWBQ:S:T;
B1115135141872N00253285WA008830104600111
B1115145141884N00253277WA008840104600111
B1115155141896N00253275WA008840104700110
LFLA11151602Lmm><jNMxAGlHv;sc#G[oZyblelc
B1115165141908N00253280WA008850104800111
LFLA11151702?JL_]dHCs:DoCuIn%#G[oZyblelc
B1115175141918N00253291WA008860104900111
B1115185141926N00253306WA008870105000111
B1115195141930N00253324WA008890105100111
B1115205141932N00253344WA008910105300111
B1115215141930N00253365WA008920105300111
B1115225141925N00253384WA008920105400111
B1115235141917N00253402WA008910105300111
B1115245141907N00253418WA008910105200111
B1115255141894N00253432WA008900105100111
B1115265141880N00253442WA008900105200111
B1115275141865N00253449WA008910105500110
B1115285141849N00253454WA008950105800111
B1115295141834N00253459WA008980106000111
LFLA111529RFC 8663 34759 451 0 0
LFLA11153002vqn=?vsx]WbD@EygwjVjTEJAW>W@
B1115305141820N00253464WA008980106100111
LFLA11153102vqn=?A?<s@mead>O?sOswfqZsZt[
B1115315141806N00253472WA008990106100111
B1115325141794N00253482WA008990106100111
B1115335141782N00253493WA009000106200111
B1115345141771N00253505WA008990106100111
B1115355141761N00253519WA008970105800111
B1115365141752N00253535WA008970105400111
B1115375141743N00253552WA008940105200111
B1115385141736N00253572WA008900105100111
B1115395141729N00253592WA008880105100110
B1115405141723N00253612WA008880105200110
B1115415141716N00253632WA008890105300110
B1115425141709N00253652WA008910105300111
B1115435141702N00253672WA008900105300111
B1115445141695N00253692WA008900105200111
B1115455141687N00253712WA008900105300111
B1115465141679N00253732WA008910105400111
B1115475141669N00253751WA008930105500111
B1115485141658N00253768WA008930105600111
B1115495141645N00253779WA008940105800111
B1115505141629N00253783WA008960106000111
B1115515141614N00253779WA008980106300111
B1115525141601N00253768WA009000106500110
B1115535141590N00253751WA009030106700111
B1115545141584N00253730WA009040106800111
B1115555141581N00253707WA009060106900111
LFLA11155603srruidfe]bc#h]
B1115565141583N00253685WA009080106900111
B1115575141589N00253666WA009080107000110
B1115585141598N00253652WA009080107000111
B1115595141610N00253643WA009070106900111
LFLA11160002Lmm><F[`Pc]CoA;GWvMyex[pipfq
B1116005141622N00253640WA009070106900111
B1116015141634N00253644WA009080106900111
B1116025141644N00253655WA009070107000111
LFLA11160302Lmm><Myr?ukaUcQcsmVj%khs]t]r
B1116035141652N00253671WA009080107100111
B1116045141656N00253690WA009100107200111
B1116055141656N00253710WA009110107400111
B1116065141652N00253731WA009130107500111
B1116075141644N00253750WA009130107700111
B1116085141634N00253766WA009150107800111
B1116095141622N00253778WA009160107800111
B1116105141607N00253785WA009170107900110
B1116115141592N00253785WA009170108000111
B1116125141577N00253779WA009190108200110
B1116135141564N00253766WA009190108300110
B1116145141554N00253748WA009210108600111
B1116155141547N00253726WA009220108700111
B1116165141544N00253703WA009240108800111
B1116175141546N00253681WA009240108900111
B1116185141551N00253661WA009260109000111
B1116195141560N00253646WA009270109200111
B1116205141571N00253636WA009300109300111
B1116215141583N00253633WA009300109200111
B1116225141595N00253636WA009300109100111
B1116235141605N00253647WA009290109100111
LFLA11162402vqn=?ZV%ZXe[f[Dn%lWkm%wdjcje
B1116245141613N00253664WA009290109100111
B1116255141617N00253683WA009290109300111
LFLA11162602vqn=?UaYEuHI<IOp`uNrTIP;R;U:
B1116265141618N00253705WA009310109500111
B1116275141615N00253727WA009320109700110
B1116285141609N00253747WA009340109900111
B1116295141600N00253765WA009370110200111
B1116305141588N00253778WA009390110400111
B1116315141574N00253786WA009410110700110
B1116325141559N00253786WA009440110900111
B1116335141545N00253780WA009470111100111
B1116345141532N00253768WA009480111200110
B1116355141523N00253749WA009490111300111
B1116365141518N00253727WA009500111400111
B1116375141517N00253704WA009500111400111
B1116385141522N00253682WA009500111400111
LFLA11163902?JL_]G`[iKUZ=k=?OC`DXEN=T=S<
B1116395141530N00253665WA009500111400111
B1116405141542N00253654WA009500111400111
B1116415141555N00253649WA009490111300111
B1116425141568N00253653WA009490111400111
B1116435141579N00253664WA009500111500111
B1116445141588N00253681WA009510111800111
LFLA11164502?JL_]GZaj;E`?q]=M;h<P=VEKBKD
B1116455141594N00253701WA009540112100111
B1116465141598N00253722WA009580112500111
B1116475141599N00253744WA009640112800111
B1116485141598N00253765WA009670113100111
B1116495141593N00253786WA009680113300111
B1116505141584N00253805WA009680113500111
B1116515141574N00253820WA009700113600111
B1116525141561N00253830WA009710113800111
B1116535141547N00253834WA009730113900111
B1116545141533N00253831WA009760114000111
B1116555141520N00253822WA009760114000111
LFLA11165603srruhegd#bc#h]
B1116565141510N00253807WA009770114000111
B1116575141503N00253787WA009760113900111
B1116585141500N00253765WA009750113800111
LFLA11165902vqn=?wuvqAlMXMsrbZI]<MDWAXAV
B1116595141502N00253743WA009740113800111
B1117005141509N00253723WA009750113800111
LFLA11170102vqn=?><?dN[SNSDGWXkWbxajcjdk
B1117015141519N00253708WA009750113900111
LFLA11170202?JL_]wPKhJTCdRUK;XkWCV=NGNHO
B1117025141532N00253701WA009760114000111
B1117035141545N00253700WA009760114100111
B1117045141558N00253707WA009780114300111
B1117055141568N00253721WA009800114600111
LFLA11170602?JL_]i?<FvpkLZW#laB%j_tgqhqf
B1117065141575N00253739WA009830114900111
B1117075141579N00253760WA009870115100111
B1117085141580N00253781WA009890115300111
B1117095141579N00253803WA009890115300110
B1117105141577N00253825WA009890115400111
B1117115141575N00253847WA009890115300111
B1117125141573N00253870WA009890115300111
B1117135141572N00253893WA009890115300111
B1117145141571N00253917WA009890115400111
B1117155141570N00253940WA009890115500111
B1117165141569N00253965WA009900115600111
B1117175141567N00253989WA009920115800111
B1117185141565N00254014WA009940116200111
B1117195141560N00254038WA009980116600111
B1117205141554N00254062WA010020117000111
B1117215141544N00254082WA010060117500111
B1117225141531N00254098WA010110117800111
B1117235141517N00254107WA010170118200111
B1117245141501N00254110WA010200118500111
B1117255141486N00254105WA010230118800111
B1117265141473N00254093WA010250119000111
B1117275141463N00254074WA010260119100111
B1117285141458N00254051WA010260119100111
B1117295141459N00254027WA010270119000111
B1117305141464N00254006WA010270119000111
LFLA11173102Lmm><[BIuH>cEs;@PSpTHU>MDMCL
LFLA11173102?JL_]e<?k>H];mEFVMvJ>KHS:S=R
B1117315141475N00253991WA010280119100111
B1117325141488N00253983WA010280119400111
B1117335141501N00253986WA010310119700111
LFLA11173402?JL_]MryQ]crTbMcsg<htijaw%w`
LFLA11173402Lmm><BZaIukZ<jEk[oTp#qby_v_x
B1117345141513N00253996WA010330120000111
B1117355141521N00254014WA010370120300111
B1117365141525N00254035WA010410120700111
B1117375141524N00254058WA010460121200111
B1117385141518N00254080WA010510121700111
B1117395141509N00254099WA010550122000111
B1117405141498N00254115WA010550122200111
B1117415141485N00254126WA010580122400111
B1117425141470N00254131WA010600122700111
B1117435141455N00254132WA010650123000111
B1117445141440N00254128WA010670123400111
B1117455141427N00254119WA010710123900110
B1117465141415N00254105WA010760124200110
B1117475141406N00254088WA010810124500111
B1117485141400N00254069WA010830124600111
B1117495141397N00254048WA010830124700111
B1117505141397N00254027WA010830124700111
B1117515141400N00254006WA010830124600111
LFLA11175202?JL_]cXSfSMoN`EHX#G[oZybkblc
B1117525141407N00253989WA010830124500111
LFLA11175302Lmm><QZaYdZTuCvn%XkWCV=NGNHO
B1117535141417N00253976WA010820124500111
B1117545141428N00253968WA010810124500111
B1117555141441N00253966WA010820124600111
LFLA11175602Lmm><?mnAlrYxF;p`NuQ=PCX>W>Y
LFLA11175602?JL_]HaZM`fGfXM%n@c?K>UFPIPG
LFLA11175603srrujomnvvwptq
B1117565141453N00253970WA010820124700111
B1117575141464N00253980WA010840124900111
B1117585141473N00253994WA010860125200111
B1117595141480N00254011WA010900125500111
F1117590102030406171928311209
B1118005141484N00254031WA010930125900111
B1118015141484N00254052WA010970126200111
B1118025141481N00254074WA011000126600111
LFLA11180302vqn=?At<;B<wjwb:J`C_wdk`v_va
B1118035141475N00254094WA011040126900110
B1118045141468N00254114WA011070127100111
LFLA11180502vqn=?cMeZe[KVKh?OmVjUHO<U<R=
B1118055141459N00254131WA011070127100111
B1118065141447N00254147WA011070127100111
B1118075141433N00254159WA011060127000111
B1118085141417N00254166WA011070127200111
B1118095141401N00254166WA011080127600111
B1118105141385N00254160WA011130128200111
B1118115141371N00254149WA011190128700110
B1118125141360N00254133WA011240129100111
B1118135141352N00254114WA011270129300111
B1118145141347N00254093WA011300129500111
B1118155141346N00254072WA011310129600111
B1118165141347N00254051WA011310129600111
B1118175141352N00254031WA011310129700111
B1118185141359N00254014WA011320129800111
B1118195141368N00254001WA011330129900111
LFLA11182002?JL_]XchiUK#<jYO?[H#p]velekd
B1118205141379N00253992WA011340129900111
B1118215141390N00253987WA011340130000111
B1118225141402N00253987WA011360130100110
LFLA11182302?JL_]O]%uI?tTbjBRyJvbw#oipin
B1118235141413N00253992WA011380130300111
B1118245141423N00254002WA011380130400111
B1118255141432N00254015WA011400130500111
B1118265141439N00254033WA011420130600111
B1118275141442N00254054WA011430130700111
B1118285141441N00254077WA011440130900111
B1118295141436N00254099WA011440131000110
B1118305141428N00254120WA011450131100111
B1118315141416N00254137WA011470131300111
B1118325141403N00254151WA011480131500111
B1118335141388N00254161WA011500131700111
LFLA11183402vqn=?kqjSPVZf[#l#BaEfs#oipin
B1118345141372N00254167WA011530131900111
B1118355141356N00254168WA011550132000111
B1118365141340N00254162WA011560132200111
B1118375141325N00254151WA011590132500110
B1118385141313N00254136WA011610132800111
B1118395141302N00254119WA011650133100111
B1118405141294N00254099WA011680133300111
LFLA11184102vqn=?<<?YXNlxmBO?XlXsfqZsZt[
B1118415141288N00254079WA011690133400111
B1118425141284N00254057WA011690133400111
B1118435141282N00254036WA011690133300111
B1118445141283N00254014WA011690133200110
B1118455141286N00253993WA011680133200111
B1118465141291N00253974WA011670133100111
B1118475141297N00253954WA011670133100111
B1118485141304N00253936WA011670132900111
B1118495141311N00253917WA011650132700111
B1118505141319N00253899WA011620132500111
B1118515141327N00253880WA011590132300111
B1118525141335N00253860WA011580132200111
B1118535141343N00253840WA011570132200111
LFLA11185402vqn=?hZa>AGsorom]`Ea>KDWAXAV
B1118545141351N00253820WA011580132300111
LFLA11185502vqn=?:IBklr<H=A;KTqUwbm%w%x_
LFLA111855AZNSTAT 0 0
B1118555141358N00253799WA011580132300111
LFLA11185603srurqlnmu%_h#i
B1118565141366N00253779WA011580132200111
B1118575141373N00253759WA011570132200111
B1118585141382N00253739WA011570132200111
B1118595141391N00253721WA011570132200111
B1119005141401N00253703WA011580132200111
B1119015141411N00253686WA011580132300111
B1119025141421N00253669WA011590132400111
LFLA11190302?JL_]l>=oD:OoA=EU#I]q#wdmdje
B1119035141432N00253652WA011600132500110
B1119045141442N00253634WA011610132600110
B1119055141452N00253617WA011610132700110
B1119065141463N00253601WA011640133000111
B1119075141474N00253585WA011640133300111
B1119085141484N00253570WA011690133800111
B1119095141494N00253556WA011730134200111
B1119105141503N00253543WA011780134500111
B1119115141512N00253531WA011810134600111
B1119125141521N00253519WA011820134600111
B1119135141530N00253507WA011820134200111
B1119145141539N00253495WA011760133800111
B1119155141549N00253482WA011720133500111
B1119165141559N00253468WA011690133200111
B1119175141569N00253454WA011660133000111
B1119185141580N00253439WA011640132900111
B1119195141591N00253425WA011640132800111
B1119205141602N00253411WA011630132700111
B1119215141613N00253396WA011620132600111
B1119225141624N00253380WA011610132600111
B1119235141634N00253364WA011600132500111
B1119245141644N00253349WA011600132500111
B1119255141655N00253333WA011600132500111
B1119265141665N00253318WA011590132400111
LFLA11192702?JL_]qRYr;EZ:lRK;i<htijaw%w`
B1119275141676N00253302WA011570132200111
LFLA11192802?JL_]UolaXNuUc;BRCUBVCP;R;U:
B1119285141687N00253287WA011560132100111
B1119295141698N00253273WA011550132100111
LFLA11193002Lmm><g=>lNXqQ_e#lRoSGRAJCJDK
B1119305141709N00253259WA011560132100110
B1119315141720N00253246WA011560132200111
B1119325141731N00253233WA011570132100111
LFLA11193302Lmm><dEFJpvMm;#brMxL@MFU;R;T
B1119335141742N00253220WA011560132000111
B1119345141753N00253208WA011550131900111
B1119355141764N00253195WA011530131700111
LFLA11193602vqn=?b]%V@F@DAc]mRoSwbm%xax_
B1119365141775N00253182WA011520131600111
B1119375141786N00253170WA011500131400111
B1119385141798N00253159WA011480131300111
B1119395141810N00253147WA011480131300111
LFLA11194002?JL_]a>=xTJkK]YN>g:frgl_y`y%
B1119405141821N00253136WA011480131300111
B1119415141833N00253126WA011480131300111
B1119425141844N00253115WA011480131300111
B1119435141855N00253104WA011470131200111
B1119445141866N00253093WA011470131100111
B1119455141877N00253081WA011460131000111
LFLA111945RFC 9175 35130 454 0 0
B1119465141888N00253069WA011450130900111
B1119475141899N00253057WA011440130800111
B1119485141910N00253045WA011420130700111
B1119495141921N00253033WA011410130500111
B1119505141932N00253020WA011400130500111
LFLA11195102Lmm><jQJtRLdDr[euOrN:ODW>WAV
B1119515141943N00253009WA011390130400111
B1119525141955N00252997WA011400130500111
LFLA11195302vqn=?b[`brlErDrm]I#Hdy%mdmcl
LFLA11195302?JL_]KqjlJT]=k=BRnSo[nev_v`w
B1119535141966N00252986WA011410130600111
B1119545141977N00252976WA011410130700111
B1119555141988N00252967WA011430130800111
LFLA11195603srrumpjqyZ[d`e
B1119565142000N00252957WA011430130800111
LFLA11195702?JL_]?VUmJTZ:ljue=h<P=VEKBKD
LFLA11195702Lmm><u#_lKUyYgi%nVkWCV=NHQHO
B1119575142011N00252948WA011430130800111
B1119585142022N00252940WA011430130700111
B1119595142033N00252931WA011420130600111
B1120005142045N00252923WA011420130500111
B1120015142056N00252914WA011390130300111
LFLA11200202?JL_]VA:aAGkK]MYI_B%j_tgngqf
B1120025142067N00252905WA011380130200111
B1120035142079N00252896WA011370130100111
B1120045142090N00252888WA011370130100111
LFLA11200502?JL_]T:AYyoCcUQVF]H#p]vekbkd
B1120055142101N00252879WA011370130100111
LFLA11200602vqn=?guv%kuAn@osc@eAydk`v_va
B1120065142112N00252871WA011380130200111
B1120075142123N00252862WA011390130400111
B1120085142133N00252854WA011410130500111
B1120095142143N00252846WA011410130600111
B1120105142152N00252837WA011430130700111
B1120115142162N00252828WA011440130700111
B1120125142171N00252820WA011440130700111
LFLA11201302vqn=??KPCWQj=kQVFYGXN;TGNGQF
B1120135142180N00252811WA011440130700111
B1120145142190N00252803WA011430130600111
B1120155142199N00252795WA011420130500111
B1120165142209N00252788WA011410130300111
LFLA11201702Lmm><u%]CagXxF_csLyMALGT=T:U
B1120175142220N00252782WA011380130100111
B1120185142230N00252776WA011360129900111
B1120195142242N00252771WA011340129700111
B1120205142253N00252767WA011320129500111
B1120215142265N00252762WA011300129400111
B1120225142277N00252756WA011300129300111
B1120235142289N00252749WA011280129200111
B1120245142300N00252739WA011280129200110
LFLA11202502vqn=?cvu`jtO`Ng`pcubWBM>XAX?
LFLA11202502Lmm><BSXpSMRsElscp%q]pcx%w%y
B1120255142311N00252727WA011280129300111
LFLA11202602vqn=?tibrh%rEs<BRWIVQ<SHQHNI
B1120265142321N00252713WA011280129300111
B1120275142329N00252697WA011290129400110
B1120285142337N00252679WA011300129400111
B1120295142344N00252660WA011300129400111
B1120305142350N00252640WA011290129400111
LFLA11203102vqn=?SDG@JTWhVSVFxfyDY>MCJCL
B1120315142356N00252619WA011290129300111
B1120325142361N00252599WA011280129100111
LFLA11203302?JL_]vibC]c[:lheuk]j%khsZs]r
B1120335142367N00252578WA011260128900111
B1120345142374N00252558WA011260128700111
B1120355142380N00252538WA011230128600111
B1120365142387N00252518WA011220128500111
LFLA11203702vqn=?Q@;gtjtCuPJ:WIVK>YBKBLC
B1120375142394N00252498WA011190128400111
B1120385142401N00252479WA011190128300111
B1120395142408N00252460WA011180128200111
LFLA11204002Lmm><N@;@h%#=kuwgserfs`kbkej
B1120405142416N00252441WA011170128100111
B1120415142423N00252422WA011160128000111
B1120425142431N00252403WA011140127900111
LFLA11204302tKL;>ERYgwqkJ#hbrdreetshqhoh
B1120435142438N00252384WA011140127900111
B1120445142445N00252366WA011130127800111
B1120455142453N00252348WA011120127800111
B1120465142460N00252329WA011120127700111
B1120475142467N00252311WA011120127700111
LFLA11204802Lmm><ZnmVE;TuCyrb@eAM@SHNGNI
B1120485142474N00252293WA011110127700111
B1120495142482N00252276WA011120127700111
B1120505142489N00252258WA011110127700111
B1120515142496N00252240WA011120127600111
B1120525142503N00252223WA011110127500111
B1120535142511N00252206WA011100127500111
B1120545142518N00252189WA011090127400111
B1120555142526N00252173WA011090127400111
LFLA11205602?JL_]AKPN;EKj<?<LrOsgrajdmdk
LFLA11205603srurojpks`afZg
B1120565142534N00252157WA011080127300111
B1120575142542N00252140WA011070127200111
B1120585142550N00252124WA011060127000111
LFLA11205902?JL_]LUV@NXFgYSXH#I]q#wdmdje
B1120595142558N00252107WA011060126800111
B1121005142566N00252090WA011040126600111
B1121015142574N00252072WA011020126400111
LFLA11210202Igl@:NWT;XN>_Qyrbrdsgrajcjdk
B1121025142582N00252054WA010990126300111
LFLA11210302Ofp<>SKPxh%rSeGDTDREYDO<U<R=
B1121035142590N00252036WA010970126100111
B1121045142597N00252017WA010950125900111
B1121055142605N00251999WA010930125700111
B1121065142614N00251981WA010910125500111
LFLA11210702tKL;>`jq:UKjK]sxh;f:eyripini
B1121075142622N00251964WA010880125200111
B1121085142630N00251947WA010860125000111
B1121095142638N00251929WA010830124600111
B1121105142647N00251912WA010780124200111
LFLA11211102?JL_]TJQ<VP%?q>FVmXl`mfu#u[t
B1121115142656N00251894WA010740123900111
B1121125142665N00251876WA010740123600111
B1121135142675N00251857WA010710123400111
B1121145142684N00251837WA010690123200111
LFLA11211502Lmm><F@;GLRfGyC;KxMyex[pgngp
B1121155142695N00251818WA010650123100111
B1121165142705N00251799WA010640122900111
B1121175142717N00251780WA010630122700111
B1121185142728N00251761WA010610122400111
LFLA11211902Lmm><myrV;EDbTPXH_B%j_tgngqf
B1121195142740N00251742WA010570122200111
B1121205142752N00251722WA010540122000111
B1121215142764N00251702WA010540122100111
B1121225142776N00251683WA010560122500111
B1121235142787N00251666WA010620123000111
LFLA11212402Lmm><D?<BLRZ;mnvf=h<P=VELEKD
B1121245142797N00251649WA010620123400111
B1121255142806N00251632WA010660123700111
B1121265142815N00251616WA010720123800111
LFLA11212702Ofp<>_%]>VPlM[@HXGYFRGL?V?Y>
B1121275142824N00251599WA010720123700111
B1121285142833N00251583WA010720123600111
B1121295142842N00251566WA010700123400111
B1121305142851N00251548WA010680123300111
LFLA11213102tKL;>#feUYO_>pwtdygx@LO<U<R=
B1121315142859N00251530WA010670123200111
B1121325142867N00251511WA010650123000111
B1121335142875N00251491WA010630122800111
B1121345142884N00251470WA010610122700111
LFLA11213502?JL_]iibtvpxVhVUEWIVBW<OFOIN
B1121355142892N00251450WA010580122400111
B1121365142900N00251428WA010560122100111
B1121375142907N00251405WA010560121900111
B1121385142913N00251381WA010530121700111
LFLA11213902Ofp<>trytxnuSeUXHFXGSFM>Y@Y>
B1121395142918N00251355WA010510121700111
B1121405142920N00251328WA010510121900111
B1121415142921N00251301WA010530122200111
B1121425142921N00251274WA010560122400111
B1121435142920N00251248WA010570122500111
B1121445142919N00251223WA010600122500111
B1121455142917N00251198WA010590122400111
B1121465142915N00251173WA010570122100111
B1121475142913N00251148WA010560121900111
B1121485142911N00251123WA010540121800111
LFLA11214902Lmm><KKPYYOOq?YYIGYFRGL?V?Y>
B1121495142908N00251098WA010540121700111
LFLA11215002?JL_]%%]HI?>`N<<LL:MALGT=T:U
B1121505142906N00251073WA010530121600111
LFLA11215102Igl@:DDGI<BDbT;;KHVIUHK@Y@VA
B1121515142904N00251049WA010520121500111
B1121525142903N00251025WA010510121200111
B1121535142902N00251000WA010480120700111
B1121545142904N00250975WA010430120000111
LFLA11215502G]uIC`_#%e[BdRifvOrN:ODW>W@W
B1121555142907N00250950WA010350119100111
LFLA11215603srurojpksrslxm
B1121565142912N00250924WA010240118200111
B1121575142921N00250899WA010140117200111
B1121585142931N00250875WA010030116300111
LFLA11215902?JL_]<:AadZuRdRJ:B_CWBQ:S:U:
B1121595142945N00250854WA009950115700111
B1122005142960N00250837WA009890115300111
B1122015142977N00250824WA009840114700111
B1122025142995N00250814WA009840114200111
LFLA11220302?JL_]jnmylrgHvUP@JwK?JIR;R<S
B1122035143014N00250806WA009790113800110
B1122045143033N00250798WA009740113400110
B1122055143052N00250789WA009700112900110
B1122065143071N00250781WA009650112400111
LFLA11220702tKL;>lEmoyoGhV;FVJwKYEFU:S:U
B1122075143091N00250773WA009590112000111
B1122085143111N00250764WA009550111600111
B1122095143131N00250755WA009520111300111
B1122105143152N00250746WA009490111100111
LFLA11221102?JL_]DkCpwqIfX<IY_B%j_tgngqf
B1122115143171N00250738WA009490111700111
B1122125143189N00250731WA009580112700111
B1122135143205N00250724WA009710114000110
B1122145143219N00250718WA009830115000110
B1122155143231N00250712WA009830115800110
LFLA11221602?JL_]KfND;EqOaI<LuPthu%mdmcl
B1122165143243N00250706WA009930116500110
B1122175143253N00250701WA010000116900110
B1122185143262N00250695WA010040117000110
LFLA11221902?JL_]hMeZe[Lj<AEUnSo[nev`y`w
B1122195143271N00250689WA010060117000111
B1122205143281N00250684WA010050116700111
B1122215143290N00250677WA010030116400111
B1122225143300N00250670WA010000116100111
LFLA11222302?JL_]`T#C;EA%PZfvhviuhk`y`w`
B1122235143310N00250663WA009960115800111
B1122245143320N00250654WA009940115600111
B1122255143330N00250645WA009910115400111
B1122265143340N00250635WA009880115200111
LFLA11222702?JL_]MgOb[ehGyFAQIWHTIJAXAVA
B1122275143350N00250625WA009880115000110
B1122285143360N00250615WA009870114800110
B1122295143370N00250604WA009850114600110
B1122305143380N00250593WA009830114400110
B1122315143390N00250582WA009810114300110
LFLA11223202?JL_]vGoDvCNq?LRBXFYEX;PIPFQ
B1122325143400N00250571WA009790114100110
B1122335143410N00250560WA009780114000111
B1122345143420N00250549WA009770113900111
B1122355143430N00250538WA009750113700111
B1122365143440N00250527WA009730113600111
LFLA11223702?JL_]WhPcXexWirl#q_p#qby_v_x
B1122375143450N00250516WA009720113500111
B1122385143460N00250504WA009710113400111
B1122395143470N00250492WA009710113300111
B1122405143480N00250481WA009710113300111
B1122415143490N00250469WA009690113200111
B1122425143500N00250458WA009690113100111
B1122435143510N00250446WA009670113000111
B1122445143519N00250435WA009670112900110
B1122455143529N00250423WA009650112700110
B1122465143539N00250410WA009630112600110
B1122475143548N00250398WA009620112600111
B1122485143558N00250384WA009610112500111
B1122495143567N00250371WA009610112400111
B1122505143576N00250357WA009590112300111
B1122515143586N00250344WA009590112200111
B1122525143596N00250333WA009580112100111
B1122535143607N00250322WA009580112000111
B1122545143617N00250313WA009570112000111
B1122555143628N00250305WA009570112000111
LFLA11225603srrulqkpx#]b%c
B1122565143639N00250298WA009570112000111
B1122575143650N00250292WA009570112000111
B1122585143662N00250288WA009570112000111
B1122595143673N00250284WA009570112000111
F1122590102030406171928311209
B1123005143684N00250280WA009570112000111
B1123015143696N00250277WA009580112000111
B1123025143707N00250273WA009580112000111
B1123035143718N00250271WA009580112100111
B1123045143729N00250268WA009590112200111
B1123055143740N00250266WA009600112300111
B1123065143751N00250264WA009600112400111
B1123075143761N00250262WA009610112400111
B1123085143772N00250261WA009610112400111
B1123095143782N00250259WA009610112300111
B1123105143793N00250257WA009610112200111
LFLA112311AZNSTAT 0 0
B1123115143804N00250256WA009600112300111
B1123125143814N00250255WA009600112400111
B1123135143824N00250254WA009620112500111
B1123145143835N00250254WA009620112500111
B1123155143845N00250252WA009610112400111
B1123165143855N00250251WA009600112200111
B1123175143866N00250250WA009570111900111
B1123185143876N00250248WA009550111700111
B1123195143887N00250247WA009550111400111
B1123205143899N00250246WA009520111300111
B1123215143910N00250245WA009500111100111
LFLA11232202vGFuwTTWih%Gp>_dtesdDVAJCJDK
B1123225143921N00250242WA009490111000111
B1123235143933N00250239WA009480111000111
B1123245143944N00250234WA009470111000111
B1123255143955N00250228WA009470111000111
B1123265143966N00250221WA009480111000111
LFLA11232702vGFuwA?<g#bjEs[gw]k#ix_lbkbm
B1123275143977N00250214WA009480111100111
B1123285143989N00250207WA009480111000111
B1123295144000N00250201WA009480110900111
LFLA11233002vGFuwVYRD?IUZLUQAYGXex_lelbm
B1123305144012N00250194WA009470110900110
B1123315144023N00250187WA009470110900110
B1123325144035N00250181WA009470110900110
B1123335144046N00250175WA009470110900110
B1123345144058N00250169WA009470111000111
B1123355144069N00250164WA009480111000111
B1123365144080N00250159WA009490111000111
B1123375144091N00250154WA009490111000111
B1123385144102N00250149WA009480110800111
B1123395144114N00250144WA009470110700111
B1123405144125N00250139WA009450110600111
B1123415144137N00250134WA009450110500111
B1123425144149N00250129WA009440110500111
B1123435144161N00250124WA009440110400111
LFLA11234402vGFuw_W_?D:`Wih]mWjVdv`kelej
B1123445144173N00250119WA009430110500110
LFLA11234502vGFuwqIqunxJeSRO?N@Oapfu#u[t
B1123455144186N00250114WA009430110500110
B1123465144198N00250110WA009440110500110
B1123475144210N00250105WA009440110400111
LFLA11234802vGFuwS#Tf[e=rDNSCSERdu[pfofq
B1123485144222N00250099WA009440110400111
LFLA11234902vGFuwBmE%c]Gp>VK;K=J]mcxax%y
B1123495144235N00250094WA009430110300111
B1123505144247N00250089WA009420110200111
B1123515144260N00250084WA009410110100111
B1123525144273N00250079WA009400110000111
LFLA11235302vGFuwZU]E@FbM[sn%n`oq#riofoh
B1123535144286N00250073WA009400110100111
B1123545144299N00250068WA009420110200111
B1123555144312N00250063WA009430110400111
LFLA11235603srrulqkpx[Zead
B1123565144325N00250058WA009440110500111
B1123575144337N00250053WA009440110600111
LFLA11235802vGFuwpEmvmsW`NVK;i<hZqgt]tZu
B1123585144349N00250049WA009460110700111
B1123595144361N00250044WA009470110700111
B1124005144373N00250039WA009470110600110
B1124015144385N00250034WA009460110500110
LFLA112401RFC 9687 35353 459 0 0
B1124025144397N00250028WA009450110400110
B1124035144408N00250022WA009440110300110
B1124045144420N00250016WA009420110100110
B1124055144431N00250010WA009400109900110
B1124065144443N00250004WA009380109700110
B1124075144454N00249999WA009350109500110
B1124085144466N00249993WA009330109200110
B1124095144478N00249987WA009310108900110
B1124105144491N00249981WA009310108600110
B1124115144503N00249975WA009270108400110
B1124125144516N00249968WA009250108200110
LFLA11241302vGFuwZLd<C=Am;yl#m[lUDJAW>W@
B1124135144528N00249962WA009220107900110
B1124145144541N00249955WA009190107800110
LFLA11241502vqn=?yRYUh%VJWdaq`na<NIR;R<S
B1124155144554N00249948WA009170107700110
B1124165144567N00249942WA009170107600110
B1124175144579N00249936WA009160107600110
LFLA11241802vqn=?HbiNagLXMF;KvKwRHO<R;R=
B1124185144592N00249931WA009150107500110
B1124195144605N00249926WA009130107300110
B1124205144618N00249920WA009120107200110
B1124215144631N00249915WA009110107100110
B1124225144643N00249909WA009120107100110
LFLA11242302vGFuwKaY%h%ZN`C>N>P?N<RIPIOH
B1124235144656N00249903WA009120107100111
B1124245144668N00249896WA009120107200111
B1124255144680N00249889WA009120107100110
LFLA11242602vGFuwYqI;E;Am;XL<P>Q@JDWAXAV
B1124265144692N00249882WA009110107100110
B1124275144704N00249874WA009100106900110
B1124285144716N00249866WA009080106700110
B1124295144729N00249857WA009060106500110
B1124305144741N00249849WA009040106300110
B1124315144754N00249840WA009010106100110
B1124325144767N00249831WA008980105800110
B1124335144780N00249823WA008950105500110
B1124345144794N00249814WA008930105200110
B1124355144808N00249806WA008910105000110
B1124365144822N00249798WA008910105000110
B1124375144836N00249790WA008900105100110
B1124385144849N00249782WA008900105300110
B1124395144863N00249774WA008920105500110
B1124405144876N00249767WA008930105600110
B1124415144889N00249760WA008950105800110
B1124425144902N00249753WA008970105900110
B1124435144915N00249746WA008980105900110
B1124445144928N00249739WA008980105900110
B1124455144942N00249733WA008980105900110
B1124465144955N00249726WA009000106100110
B1124475144968N00249720WA009020106400110
LFLA11244802vqn=?BWTnE;]h]jwg<i=>LCXAX>Y
B1124485144981N00249715WA009050106600110
B1124495144994N00249709WA009050106800110
B1124505145006N00249704WA009060106900110
LFLA11245102vqn=?q[`>rlXMXKVF[FZakdwaxav
B1124515145019N00249701WA009090107000111
B1124525145031N00249699WA009100107200111
B1124535145044N00249697WA009110107300111
B1124545145057N00249693WA009130107400111
B1124555145069N00249687WA009150107500111
LFLA11245603srrumpjqyZ[d`e
B1124565145080N00249677WA009160107700111
B1124575145090N00249663WA009180107800111
B1124585145097N00249645WA009200108000111
B1124595145100N00249624WA009220108200111
B1125005145100N00249602WA009230108400110
B1125015145096N00249582WA009250108500111
LFLA11250202?JL_]TT#FbWS_Qcqafyfrgl_v_y%
B1125025145089N00249563WA009250108600111
B1125035145078N00249549WA009260108800111
B1125045145064N00249539WA009280109000111
LFLA11250502Ofp<>noGmP]Nq?M?Oo`o[nev_v`w
B1125055145050N00249536WA009290109300111
B1125065145036N00249539WA009330109600111
B1125075145022N00249548WA009350109900111
LFLA11250802Ofp<>ykCeIt=ZLuN>dsdxen]sZs#
B1125085145011N00249562WA009380110100110
B1125095145001N00249580WA009400110300110
LFLA11251002Ofp<>OT#ChU[<jxN>P@O;NEV?V@W
B1125105144996N00249601WA009410110400110
LFLA11251102Lmm><H<tLn;kLZD#l%nam`shqhni
B1125115144994N00249625WA009410110500110
B1125125144996N00249648WA009420110500111
B1125135145002N00249669WA009420110500111
LFLA11251402Ofp<>RPhiP]StB;[kjZmalgtZsZu
LFLA11251402Lmm><QRZHq<mJ#eEUTDSGRAJDMDK
B1125145145012N00249686WA009420110600111
LFLA11251502?JL_]uoGoFsBeSu?OP@O;NEV@Y@W
B1125155145024N00249698WA009420110700111
B1125165145037N00249704WA009440110900111
B1125175145050N00249702WA009450111200111
B1125185145063N00249694WA009480111500111
B1125195145073N00249680WA009510111600110
B1125205145079N00249661WA009530111700110
B1125215145082N00249640WA009540111800110
B1125225145080N00249618WA009540111800111
B1125235145073N00249598WA009550111800111
B1125245145063N00249582WA009550111800111
LFLA11252502?JL_]nt<xTiDcUngwWGXDY:QHQGP
LFLA11252502vGFuwZHpwoyHn@cjZ:J=ir]ngnho
B1125255145049N00249572WA009550111900111
B1125265145034N00249569WA009580112200111
B1125275145019N00249573WA009580112500111
B1125285145005N00249583WA009600112800111
B1125295144994N00249598WA009630113000110
LFLA11253002Ofp<>d_W`;nbEstP@yivbw#ofoin
B1125305144985N00249618WA009670113200110
B1125315144980N00249641WA009690113400111
LFLA11253202Lmm><%bJPiTEbTOl#P@O;NEV?V@W
B1125325144978N00249664WA009700113500111
B1125335144980N00249687WA009710113500111
LFLA11253402vqn=?B:AAlrOROEbrqanfs#ofoin
B1125345144986N00249708WA009710113400111
B1125355144995N00249726WA009700113300111
B1125365145007N00249738WA009690113300111
B1125375145020N00249745WA009700113400111
B1125385145033N00249747WA009710113600111
B1125395145046N00249746WA009740113900111
B1125405145059N00249740WA009740114000111
B1125415145070N00249727WA009760114200111
B1125425145078N00249710WA009770114400111
B1125435145082N00249689WA009780114500111
LFLA11254402?JL_]JJbxRgoP%tsc`p_k%ufofpg
B1125445145082N00249667WA009800114500111
B1125455145078N00249646WA009800114500111
B1125465145069N00249628WA009800114500111
B1125475145057N00249614WA009800114500111
LFLA11254802Ofp<>yx@IbWYvH`xhQAN:ODW>WAV
LFLA11254802vGFuwI]U?m@qHvNFV_o`_kdw%wav
B1125485145043N00249606WA009800114500111
B1125495145027N00249606WA009800114600111
B1125505145012N00249614WA009820114800111
LFLA11255102vGFuwb<tksmBk=C`pFVIFR=NHQHO
B1125515144999N00249628WA009830115000110
B1125525144989N00249648WA009850115100111
B1125535144983N00249672WA009850115200111
LFLA11255402Ofp<>baY:sF>aOxP@jZmalgt]tZu
B1125545144981N00249697WA009860115200111
B1125555144984N00249721WA009870115200111
LFLA11255603srruhegd#wvqup
B1125565144991N00249742WA009860115200111
B1125575145002N00249759WA009870115300111
LFLA11255802vGFuwXjBAGAeLZu@PiyfM?YBMDMB
B1125585145015N00249769WA009860115300111
B1125595145028N00249774WA009880115500111
B1126005145042N00249773WA009910115800111
B1126015145055N00249767WA009940116000111
B1126025145066N00249755WA009960116100111
LFLA11260302vGFuwOoGPYOU#JsjZO?PDU:QHQGP
B1126035145074N00249738WA009960116200111
B1126045145077N00249717WA009980116300110
B1126055145076N00249696WA009980116300109
B1126065145071N00249675WA009980116300110
LFLA11260702?JL_]PQinLafIwEP@`p_k%ufofpg
B1126075145061N00249658WA009980116400111
B1126085145049N00249647WA009980116400111
B1126095145035N00249641WA009990116600111
B1126105145020N00249642WA010010116800111
LFLA11261102vGFuwvMeRdYr:lRDT_o`tejaw%w`
B1126115145007N00249650WA010030116900111
B1126125144995N00249664WA010040117000110
B1126135144986N00249683WA010050117200110
LFLA11261402vGFuwBaYYdYaYguK;vfy`qfu#u[t
B1126145144980N00249705WA010060117300110
B1126155144979N00249728WA010060117300110
B1126165144981N00249751WA010060117200111
B1126175144987N00249772WA010060117300111
LFLA11261802?JL_]ot<JeX#:l%>N#l[oZybkblc
B1126185144997N00249788WA010070117400111
B1126195145008N00249800WA010070117600111
B1126205145020N00249808WA010080117700111
B1126215145033N00249811WA010100117800111
LFLA11262202?JL_]EDl_XeKm;_WG?O@LARIOFOH
B1126225145045N00249810WA010110117900111
B1126235145057N00249806WA010120117800111
B1126245145070N00249800WA010120117800111
B1126255145082N00249794WA010110117700111
B1126265145094N00249787WA010110117800111
B1126275145107N00249779WA010120117800111
B1126285145119N00249771WA010120117900111
B1126295145131N00249762WA010120117900111
B1126305145143N00249752WA010130118000111
B1126315145155N00249742WA010130118200111
B1126325145167N00249732WA010140118500111
B1126335145178N00249721WA010170118700111
B1126345145189N00249711WA010200118900111
B1126355145201N00249701WA010230119000111
B1126365145212N00249691WA010250119200111
B1126375145223N00249681WA010260119300111
B1126385145234N00249671WA010280119400111
B1126395145244N00249662WA010290119300111
B1126405145255N00249651WA010280119100111
B1126415145266N00249641WA010250118900111
B1126425145278N00249630WA010220118800110
B1126435145289N00249618WA010220118800110
B1126445145300N00249605WA010220119000110
B1126455145310N00249593WA010250119200111
B1126465145320N00249581WA010270119300111
B1126475145330N00249567WA010270119400111
B1126485145338N00249552WA010290119500111
B1126495145346N00249536WA010300119600111
B1126505145352N00249518WA010320119700111
B1126515145358N00249500WA010330119800111
B1126525145363N00249481WA010340119900111
B1126535145367N00249461WA010350119900111
B1126545145370N00249441WA010350119900111
B1126555145373N00249421WA010350119900111
LFLA11265603srrunkqjra`g[f
B1126565145375N00249402WA010350119900111
B1126575145378N00249382WA010350119900111
B1126585145380N00249363WA010350119800111
B1126595145382N00249344WA010350119700111
B1127005145384N00249324WA010350119700111
B1127015145386N00249304WA010340119700111
B1127025145388N00249284WA010340119600111
B1127035145389N00249264WA010340119500111
B1127045145390N00249243WA010320119400111
LFLA11270502vqn=?mBjMb#VKVghx[mZVGP;R;U:
B1127055145392N00249221WA010320119400111
LFLA11270602vGFuwJDlJq<=uCurboanRCL?V?Y>
B1127065145394N00249200WA010330119500111
B1127075145396N00249178WA010340119700111
B1127085145397N00249157WA010370119900111
LFLA11270902vGFuwr]U_:ow?q<;KBTC_nir#u#s
B1127095145399N00249136WA010390120100111
B1127105145400N00249115WA010390120100111
B1127115145401N00249094WA010390119900111
B1127125145402N00249074WA010370119700111
LFLA11271302vqn=?MbJ>[eac%USCL:MAPGT:S:U
B1127135145402N00249054WA010350119400111
B1127145145401N00249033WA010310119100111
B1127155145401N00249012WA010280119000111
B1127165145400N00248991WA010260118800111
B1127175145398N00248970WA010250118700111
B1127185145397N00248949WA010250118500111
B1127195145396N00248928WA010220118400111
B1127205145395N00248906WA010200118400111
B1127215145394N00248886WA010210118400111
B1127225145392N00248866WA010220118500111
B1127235145390N00248846WA010220118400111
B1127245145388N00248825WA010230118100111
B1127255145386N00248804WA010190117700111
B1127265145384N00248782WA010160117500111
LFLA112727AZNSTAT 0 0
B1127275145383N00248759WA010130117500111
B1127285145381N00248737WA010140117600111
LFLA11272902vqn=?CpHgGAQSNdeudresgp[r[uZ
B1127295145381N00248715WA010160117800111
B1127305145380N00248694WA010170117900111
B1127315145381N00248673WA010170117900111
B1127325145381N00248651WA010170117900111
B1127335145383N00248630WA010170117900111
B1127345145385N00248609WA010180118100111
B1127355145387N00248589WA010180118300111
B1127365145390N00248569WA010200118400111
B1127375145394N00248550WA010210118500111
LFLA11273802vqn=?jFnnOYG=HVRBpUqk%yblelc
B1127385145397N00248531WA010220118500111
B1127395145401N00248512WA010230118600111
B1127405145405N00248492WA010230118600111
LFLA11274102vqn=?BoG`D:VLYtxhB_Cet[pipfq
B1127415145408N00248472WA010230118500111
B1127425145411N00248451WA010230118600111
B1127435145414N00248430WA010230118600111
B1127445145417N00248409WA010230118600111
B1127455145420N00248388WA010220118500111
B1127465145423N00248366WA010210118400111
LFLA11274702vqn=?BlDJuk%daKO?b?cm]riofoh
B1127475145427N00248345WA010200118200111
B1127485145431N00248324WA010200118200111
B1127495145435N00248302WA010200118200111
B1127505145439N00248281WA010200118300111
LFLA11275102vqn=?FqIc;EylycgwPuQ[nir[r#s
B1127515145443N00248259WA010210118400111
B1127525145447N00248237WA010210118500111
B1127535145451N00248215WA010220118600111
B1127545145454N00248193WA010230118700111
B1127555145457N00248170WA010240118800111
LFLA11275603srurqlnmu%_h#i
B1127565145460N00248147WA010250118900111
B1127575145463N00248124WA010260118900111
B1127585145465N00248100WA010260118900111
B1127595145468N00248077WA010260119000111
F1127590102030406171928311209
B1128005145471N00248055WA010260118900111
B1128015145474N00248032WA010260118900111
B1128025145477N00248010WA010250118800111
LFLA11280302vqn=?VTWd=CVKVPO?e@dHU:QGNGP
B1128035145480N00247988WA010240118700111
B1128045145483N00247966WA010240118600111
B1128055145486N00247944WA010230118500111
LFLA11280602vqn=?KPKPxnZgZa%n_q%=PGT=T:U
B1128065145489N00247922WA010220118400111
B1128075145492N00247901WA010210118200111
B1128085145496N00247881WA010200118100111
LFLA11280902vqn=?sxse=C#i#vrb:g;`mby_v_x
B1128095145501N00247861WA010180118000111
B1128105145506N00247842WA010170117800111
B1128115145511N00247823WA010150117700111
B1128125145517N00247804WA010130117600111
B1128135145523N00247785WA010130117400111
B1128145145529N00247766WA010120117300111
LFLA11281502vqn=?=@;G`flylLN>ZG[>KDW>WAV
B1128155145535N00247747WA010110117300111
B1128165145542N00247729WA010100117200111
B1128175145548N00247710WA010090117000111
LFLA112817RFC 10199 35491 464 0 0
B1128185145554N00247691WA010070116900111
B1128195145560N00247671WA010050116700111
B1128205145566N00247651WA010020116400111
B1128215145573N00247630WA009990116100111
LFLA11282202vqn=?KMNpWQ=H=ln%B_Cbw`kelej
B1128225145579N00247609WA009960115900111
B1128235145586N00247588WA009950115700111
B1128245145592N00247566WA009930115500111
B1128255145598N00247544WA009910115400111
B1128265145605N00247522WA009910115300111
B1128275145611N00247499WA009900115100111
B1128285145617N00247477WA009890115000111
B1128295145623N00247455WA009870114900111
B1128305145629N00247432WA009860114900111
B1128315145635N00247410WA009860114900111
B1128325145641N00247388WA009850114900111
LFLA11283302vqn=?lkpVpvWJWHEUDRE%kdw%wav
B1128335145647N00247366WA009850114800111
B1128345145652N00247344WA009840114700111
B1128355145658N00247322WA009830114600111
B1128365145664N00247300WA009810114400111
B1128375145669N00247279WA009800114300111
B1128385145676N00247257WA009800114100111
B1128395145683N00247236WA009790114100111
B1128405145689N00247215WA009780114200111
B1128415145696N00247194WA009780114400111
B1128425145702N00247174WA009800114700111
B1128435145708N00247156WA009830114900111
B1128445145714N00247138WA009860115000111
B1128455145720N00247120WA009870114900111
LFLA11284602vqn=?hhcB]cvly=?OuPtALCX>W>Y
B1128465145726N00247102WA009850114700111
B1128475145731N00247085WA009820114500111
B1128485145737N00247066WA009800114200111
B1128495145743N00247048WA009770114000111
B1128505145750N00247030WA009750113700111
B1128515145757N00247012WA009750113500111
B1128525145764N00246994WA009720113200111
B1128535145771N00246976WA009680113000111
B1128545145778N00246957WA009660112700111
B1128555145785N00246938WA009640112400111
LFLA11285603srurojpks`afZg
B1128565145792N00246920WA009610112000111
B1128575145800N00246901WA009580111500111
B1128585145808N00246881WA009520110900111
B1128595145816N00246861WA009450110200111
B1129005145825N00246839WA009380109800111
LFLA11290102vqn=?mvuQyoPROfeuNsO[nir[r#s
B1129015145834N00246817WA009350109900111
B1129025145842N00246795WA009390110300111
B1129035145851N00246775WA009430110600111
B1129045145859N00246755WA009430110900111
B1129055145868N00246737WA009470111200111
B1129065145876N00246719WA009500111400111
B1129075145885N00246701WA009510111500111
B1129085145893N00246683WA009520111500111
B1129095145902N00246665WA009530111600111
B1129105145911N00246647WA009550111900111
LFLA11291102vqn=?`ef@h%F;FA:JvKwHU:QGNGP
B1129115145920N00246629WA009580112200111
B1129125145928N00246611WA009610112500111
B1129135145936N00246594WA009630112500111
B1129145145946N00246577WA009620112300111
B1129155145957N00246563WA009590112100111
B1129165145970N00246551WA009580112000111
B1129175145983N00246539WA009580112000111
B1129185145996N00246528WA009570112100111
B1129195146009N00246517WA009580112500111
B1129205146022N00246505WA009620113000110
B1129215146033N00246493WA009670113600110
B1129225146045N00246482WA009710113900110
B1129235146056N00246471WA009760114100111
B1129245146069N00246466WA009780114300111
B1129255146081N00246467WA009800114500111
B1129265146093N00246474WA009820114600111
B1129275146102N00246488WA009830114700111
B1129285146108N00246507WA009840114700111
B1129295146110N00246528WA009830114600111
B1129305146107N00246550WA009830114600111
LFLA11293102tKL;>:Hph?j;oAIaq#H#Q:=NGNHO
B1129315146100N00246570WA009830114600111
B1129325146088N00246586WA009820114600111
B1129335146075N00246596WA009830114700111
LFLA11293402tKL;>CBjgAlRfX[jZ<g;n]Zqgngp
B1129345146059N00246599WA009840114900111
B1129355146044N00246595WA009850114900111
B1129365146030N00246585WA009850114800111
B1129375146018N00246569WA009860114700111
B1129385146009N00246549WA009840114700111
B1129395146005N00246525WA009840114600112
B1129405146005N00246500WA009850114700112
B1129415146010N00246477WA009860114900112
B1129425146018N00246458WA009860115200112
B1129435146029N00246442WA009890115500112
B1129445146039N00246428WA009920115900112
B1129455146051N00246418WA009960116200112
B1129465146063N00246413WA009990116400112
B1129475146076N00246415WA010010116600112
B1129485146087N00246423WA010030116700112
B1129495146095N00246438WA010030116700112
B1129505146101N00246457WA010030116800112
B1129515146102N00246478WA010030116800112
B1129525146099N00246499WA010030116700112
B1129535146092N00246519WA010030116700112
B1129545146080N00246534WA010030116600112
B1129555146066N00246542WA010030116500112
LFLA11295603srrubgef%xynro
B1129565146051N00246543WA010020116400112
B1129575146036N00246536WA010010116400111
B1129585146023N00246521WA010010116500112
B1129595146013N00246502WA010010116500111
B1130005146008N00246479WA010010116500112
B1130015146005N00246455WA010020116600112
B1130025146006N00246430WA010030116800112
B1130035146008N00246407WA010050117200111
B1130045146011N00246385WA010090117500112
B1130055146015N00246364WA010130117700112
B1130065146022N00246344WA010140117900112
B1130075146030N00246329WA010150117900112
B1130085146042N00246319WA010150117900112
B1130095146055N00246315WA010150117900112
B1130105146067N00246319WA010150117800112
B1130115146079N00246330WA010140117800112
B1130125146087N00246348WA010150117900112
B1130135146091N00246369WA010150118000112
B1130145146090N00246392WA010160118100112
B1130155146084N00246413WA010180118200112
B1130165146074N00246429WA010200118400112
B1130175146062N00246440WA010210118500112
B1130185146047N00246444WA010210118500112
B1130195146032N00246442WA010210118400112
B1130205146018N00246433WA010210118300112
B1130215146006N00246418WA010190118200111
B1130225145997N00246397WA010180118200112
B1130235145992N00246374WA010190118400112
B1130245145990N00246349WA010210118700112
B1130255145990N00246326WA010240119300112
B1130265145992N00246304WA010290119700112
B1130275145995N00246284WA010340119800112
B1130285146002N00246267WA010340119800112
B1130295146011N00246254WA010340119700112
B1130305146023N00246247WA010330119500112
B1130315146035N00246247WA010300119300112
B1130325146047N00246254WA010280119100112
B1130335146057N00246268WA010280119000112
B1130345146064N00246287WA010260118900112
B1130355146066N00246310WA010250118800112
B1130365146062N00246332WA010240118800112
B1130375146053N00246353WA010240118900112
B1130385146041N00246367WA010260119200112
B1130395146027N00246374WA010290119600112
B1130405146012N00246374WA010320119800112
B1130415145998N00246367WA010350120000110
B1130425145986N00246355WA010360120100110
B1130435145976N00246338WA010380120200110
B1130445145969N00246317WA010390120300111
B1130455145965N00246295WA010390120400111
B1130465145965N00246273WA010390120600111
B1130475145967N00246252WA010400120800110
B1130485145971N00246233WA010430120900111
B1130495145977N00246214WA010430120700111
B1130505145983N00246196WA010430120500111
B1130515145990N00246178WA010410120400111
B1130525145998N00246159WA010400120300111
B1130535146007N00246141WA010390120200111
B1130545146015N00246122WA010380120200111
B1130555146022N00246103WA010380120200111
LFLA11305603srrunkqjr#]b%c
B1130565146029N00246083WA010370120200111
B1130575146036N00246063WA010370120100111
B1130585146043N00246043WA010350119900111
B1130595146051N00246023WA010350119800111
B1131005146058N00246003WA010340119700111
B1131015146066N00245984WA010330119700111
B1131025146074N00245965WA010330119600111
B1131035146082N00245946WA010320119600111
B1131045146091N00245928WA010320119500111
B1131055146100N00245911WA010310119400111
B1131065146109N00245893WA010300119300111
B1131075146118N00245877WA010300119300111
B1131085146127N00245860WA010300119200111
B1131095146137N00245845WA010290119200111
B1131105146146N00245829WA010280119100111
B1131115146156N00245814WA010270118900111
B1131125146165N00245798WA010270118700111
B1131135146176N00245783WA010250118500111
B1131145146186N00245768WA010230118300111
B1131155146197N00245753WA010210118100111
B1131165146208N00245739WA010190117900111
B1131175146219N00245724WA010160117800111
B1131185146230N00245709WA010150117600111
B1131195146241N00245693WA010130117400111
B1131205146253N00245678WA010120117300111
B1131215146264N00245663WA010130117300111
B1131225146275N00245648WA010140117300111
B1131235146287N00245633WA010140117300111
B1131245146298N00245619WA010140117400111
B1131255146308N00245605WA010140117500111
B1131265146319N00245591WA010150117500111
B1131275146330N00245577WA010150117500111
B1131285146341N00245564WA010150117600111
B1131295146352N00245552WA010160117800111
B1131305146363N00245541WA010190118200111
B1131315146373N00245530WA010230118700111
B1131325146383N00245520WA010280118900111
B1131335146393N00245510WA010290118900111
B1131345146403N00245500WA010280118700111
B1131355146413N00245490WA010260118400111
B1131365146424N00245479WA010220118100111
B1131375146435N00245468WA010180117800111
B1131385146445N00245457WA010180117500111
B1131395146456N00245445WA010160117300111
B1131405146467N00245433WA010130117200111
B1131415146478N00245421WA010120117000111
B1131425146490N00245409WA010100116800111
LFLA113143AZNSTAT 0 0
B1131435146501N00245397WA010080116600111
B1131445146512N00245384WA010070116700111
B1131455146524N00245372WA010080117000111
B1131465146534N00245359WA010120117500111
B1131475146544N00245348WA010170117900111
B1131485146554N00245336WA010210118300111
B1131495146563N00245325WA010240118500111
B1131505146572N00245314WA010240118400111
B1131515146580N00245303WA010240118000111
B1131525146589N00245292WA010190117400111
B1131535146599N00245280WA010140116600111
B1131545146609N00245268WA010070115800111
B1131555146621N00245255WA009990115200111
LFLA11315603srurojpks`afZg
B1131565146633N00245241WA009930114900111
B1131575146646N00245227WA009900114700111
B1131585146658N00245212WA009880114500111
B1131595146671N00245198WA009850114400111
B1132005146684N00245183WA009850114300111
B1132015146697N00245168WA009830114200111
B1132025146710N00245154WA009830114100111
B1132035146723N00245140WA009830114000111
B1132045146737N00245127WA009820113900111
B1132055146750N00245115WA009820114000111
B1132065146763N00245104WA009810114100111
B1132075146775N00245095WA009820114200111
B1132085146788N00245086WA009830114300111
B1132095146800N00245078WA009840114300111
B1132105146812N00245070WA009840114200111
B1132115146824N00245063WA009830114000111
B1132125146836N00245056WA009810113700111
B1132135146848N00245049WA009790113500111
B1132145146861N00245042WA009780113500111
B1132155146874N00245036WA009790113700111
B1132165146887N00245030WA009790114100111
B1132175146900N00245023WA009810114400111
B1132185146912N00245015WA009850114900111
B1132195146924N00245006WA009910115400111
B1132205146936N00244999WA009980115800111
B1132215146948N00244999WA010020116200111
B1132225146960N00245005WA010070116700111
B1132235146969N00245017WA010110117200111
B1132245146975N00245034WA010150117600111
B1132255146978N00245054WA010190117900111
B1132265146977N00245075WA010230118200111
B1132275146971N00245096WA010240118400111
B1132285146961N00245113WA010250118400111
B1132295146948N00245126WA010250118300111
B1132305146933N00245133WA010240118000111
B1132315146916N00245132WA010200117700111
B1132325146900N00245124WA010180117600111
B1132335146886N00245108WA010170117600110
LFLA113233RFC 10711 35510 464 0 0
B1132345146876N00245087WA010170117600110
B1132355146869N00245063WA010180117700111
B1132365146867N00245038WA010200117900111
B1132375146869N00245014WA010210118100111
B1132385146875N00244992WA010240118400111
B1132395146884N00244976WA010290118900111
B1132405146896N00244965WA010330119300111
B1132415146908N00244959WA010360119500111
B1132425146920N00244959WA010360119600111
B1132435146933N00244967WA010380119600111
B1132445146942N00244983WA010380119600111
B1132455146947N00245005WA010390119700111
B1132465146947N00245030WA010400119900111
B1132475146940N00245054WA010420120200111
B1132485146927N00245071WA010440120400111
B1132495146911N00245082WA010450120500111
B1132505146894N00245084WA010450120500111
B1132515146877N00245079WA010450120400111
B1132525146861N00245065WA010450120400110
B1132535146847N00245045WA010460120500110
B1132545146839N00245020WA010480120600109
B1132555146835N00244993WA010480120900110
LFLA11325603srrujomnv]#c_b
B1132565146837N00244967WA010500121200111
B1132575146843N00244945WA010530121600111
B1132585146853N00244928WA010600122100111
B1132595146864N00244917WA010640122600111
F1132590103040617191128311209
B1133005146876N00244913WA010700123000111
B1133015146888N00244918WA010730123300111
B1133025146897N00244931WA010770123500111
B1133035146902N00244950WA010790123600111
B1133045146903N00244973WA010800123600111
B1133055146897N00244995WA010810123800111
B1133065146885N00245013WA010840124100111
B1133075146870N00245023WA010860124400111
B1133085146853N00245024WA010860124500111
B1133095146836N00245015WA010880124600111
B1133105146823N00244998WA010890124700111
B1133115146815N00244974WA010890124700110
B1133125146814N00244949WA010900124800111
B1133135146819N00244927WA010920125000111
B1133145146828N00244911WA010940125200111
B1133155146841N00244905WA010970125500111
B1133165146853N00244908WA010980125500111
B1133175146864N00244921WA010980125500111
B1133185146870N00244942WA010980125500111
B1133195146870N00244967WA010990125600110
B1133205146864N00244992WA011000125800111
B1133215146851N00245011WA011000126100111
B1133225146835N00245021WA011040126500111
B1133235146817N00245020WA011070126800111
B1133245146801N00245009WA011100127100111
B1133255146788N00244990WA011140127200110
B1133265146781N00244967WA011160127300110
B1133275146779N00244943WA011160127300111
B1133285146783N00244920WA011170127400111
B1133295146791N00244902WA011180127600111
B1133305146802N00244890WA011220127800111
B1133315146815N00244883WA011220128000111
B1133325146827N00244882WA011240128100111
B1133335146840N00244888WA011250128300110
B1133345146850N00244900WA011250128500111
B1133355146858N00244919WA011270128800111
B1133365146861N00244941WA011300128900111
B1133375146860N00244965WA011310129000111
B1133385146853N00244988WA011320129100111
B1133395146841N00245007WA011330129300111
B1133405146825N00245018WA011360129500111
B1133415146808N00245020WA011370129600111
B1133425146790N00245013WA011380129700111
B1133435146775N00244998WA011400129700110
B1133445146764N00244977WA011400129700110
B1133455146758N00244951WA011400129800110
B1133465146758N00244926WA011400129900111
B1133475146763N00244904WA011420130000111
B1133485146774N00244889WA011420130200111
B1133495146787N00244884WA011450130400111
B1133505146800N00244887WA011460130600110
B1133515146811N00244899WA011480130700111
B1133525146820N00244917WA011490130900111
B1133535146824N00244941WA011510131100111
B1133545146822N00244966WA011540131400111
B1133555146815N00244989WA011570131700111
LFLA11335603srrumpjqyZ[d`e
B1133565146803N00245007WA011590132000111
B1133575146787N00245018WA011620132100111
B1133585146770N00245021WA011620132000111
B1133595146753N00245017WA011620131900111
B1134005146737N00245004WA011600131700111
B1134015146724N00244983WA011590131600110
B1134025146717N00244958WA011580131700110
B1134035146714N00244932WA011610132100111
B1134045146715N00244908WA011650132600111
B1134055146721N00244888WA011690132900111
B1134065146730N00244873WA011710133100111
B1134075146742N00244867WA011730133100111
B1134085146754N00244869WA011730133100111
B1134095146765N00244880WA011730133100111
B1134105146773N00244898WA011720133000111
B1134115146776N00244922WA011730133000110
B1134125146773N00244947WA011730133200111
B1134135146764N00244970WA011740133500111
B1134145146751N00244987WA011760133900111
B1134155146735N00244996WA011800134200111
B1134165146717N00244999WA011840134400111
B1134175146700N00244996WA011850134400111
B1134185146684N00244986WA011850134200111
B1134195146669N00244969WA011850134200110
B1134205146659N00244947WA011850134300111
B1134215146653N00244922WA011880134700111
B1134225146653N00244897WA011910135000111
B1134235146657N00244875WA011930135200111
B1134245146664N00244858WA011940135300111
B1134255146675N00244846WA011950135300111
B1134265146687N00244841WA011950135200111
B1134275146699N00244844WA011940135100111
B1134285146711N00244854WA011930135000111
B1134295146720N00244872WA011920135000111
B1134305146724N00244896WA011920135100111
B1134315146723N00244921WA011930135300111
B1134325146717N00244947WA011960135700110
B1134335146707N00244969WA011990136000111
B1134345146694N00244987WA012030136300111
B1134355146678N00244999WA012040136400111
B1134365146661N00245001WA012050136500111
B1134375146644N00244996WA012050136500111
B1134385146628N00244984WA012050136400111
B1134395146615N00244966WA012050136400109
B1134405146607N00244942WA012050136400111
B1134415146604N00244918WA012070136600111
B1134425146606N00244894WA012080136800111
B1134435146612N00244875WA012110137000111
B1134445146620N00244858WA012120137200111
B1134455146629N00244843WA012140137300111
B1134465146639N00244831WA012150137400111
B1134475146649N00244821WA012160137500111
B1134485146660N00244814WA012170137600111
B1134495146672N00244810WA012180137700111
B1134505146683N00244811WA012190137800111
B1134515146694N00244813WA012190137900111
B1134525146705N00244817WA012200137900111
B1134535146716N00244823WA012190137800111
B1134545146728N00244828WA012190137700111
B1134555146739N00244834WA012180137700111
LFLA11345603srruknlow#]b%c
B1134565146750N00244841WA012170137600111
B1134575146762N00244847WA012180137700111
B1134585146774N00244853WA012190137900111
B1134595146786N00244858WA012200138100111
B1135005146797N00244863WA012240138400111
B1135015146809N00244868WA012260138800111
B1135025146820N00244873WA012310139200111
B1135035146830N00244877WA012360139600111
B1135045146840N00244882WA012360140000111
B1135055146850N00244886WA012390140200111
B1135065146859N00244890WA012410140300111
B1135075146869N00244895WA012430140300111
B1135085146878N00244900WA012430140300111
B1135095146888N00244904WA012430140200111
B1135105146899N00244909WA012420140100111
B1135115146909N00244914WA012410140000111
B1135125146920N00244919WA012400139900111
B1135135146932N00244923WA012380139600111
B1135145146944N00244927WA012350139100111
B1135155146957N00244928WA012290138700111
B1135165146970N00244927WA012260138400111
B1135175146984N00244922WA012260138400111
B1135185146996N00244916WA012250138400111
B1135195147009N00244907WA012250138400111
B1135205147020N00244896WA012250138400111
B1135215147031N00244884WA012250138400111
B1135225147042N00244870WA012250138400111
B1135235147053N00244857WA012240138300111
B1135245147064N00244843WA012230138200111
B1135255147075N00244830WA012210138000111
B1135265147086N00244816WA012200137700111
B1135275147097N00244801WA012170137500111
B1135285147108N00244787WA012150137300111
B1135295147119N00244772WA012130137100111
B1135305147130N00244756WA012130137100111
B1135315147140N00244741WA012120137000111
B1135325147151N00244726WA012110136900111
B1135335147160N00244710WA012110136800111
B1135345147170N00244695WA012090136600110
B1135355147180N00244679WA012080136500110
B1135365147189N00244664WA012060136200110
B1135375147198N00244647WA012020135800110
B1135385147208N00244630WA011990135500111
B1135395147217N00244612WA011950135200111
B1135405147225N00244594WA011910134800111
B1135415147234N00244575WA011880134400111
B1135425147243N00244557WA011840134100111
B1135435147252N00244538WA011840133900111
B1135445147262N00244521WA011810133600111
B1135455147272N00244505WA011790133400111
B1135465147283N00244491WA011770133400111
B1135475147294N00244478WA011770133400111
B1135485147306N00244466WA011760133400110
B1135495147317N00244455WA011760133300110
B1135505147329N00244445WA011760133200110
B1135515147342N00244436WA011730132900111
B1135525147355N00244427WA011700132700111
B1135535147368N00244419WA011680132400111
B1135545147382N00244411WA011660132300111
B1135555147396N00244403WA011650132200111
LFLA11355603srrumpjqyZ[d`e
B1135565147411N00244396WA011650132200111
B1135575147425N00244389WA011650132200111
B1135585147440N00244383WA011660132100111
LFLA113559AZNSTAT 0 0
B1135595147455N00244378WA011650132000111
B1136005147470N00244374WA011640132000111
B1136015147484N00244371WA011640132000111
B1136025147498N00244369WA011640131900111
B1136035147513N00244367WA011620131800111
B1136045147527N00244366WA011610131600111
B1136055147541N00244365WA011590131400110
B1136065147555N00244363WA011570131200110
B1136075147570N00244362WA011530130900110
B1136085147584N00244360WA011510130600111
B1136095147599N00244356WA011510130500111
B1136105147614N00244350WA011490130400111
B1136115147628N00244343WA011480130200111
B1136125147643N00244335WA011460130000111
B1136135147657N00244324WA011430129900111
B1136145147671N00244312WA011430129800111
B1136155147685N00244299WA011420129900111
B1136165147697N00244286WA011430130100111
B1136175147709N00244272WA011450130200111
B1136185147720N00244258WA011470130300111
B1136195147731N00244243WA011460130200111
B1136205147741N00244229WA011450130200111
B1136215147751N00244214WA011450130300111
B1136225147760N00244199WA011450130200111
B1136235147770N00244185WA011450130000111
B1136245147780N00244170WA011430129600111
B1136255147790N00244153WA011400129300111
B1136265147800N00244136WA011360128800111
B1136275147811N00244118WA011310128300111
B1136285147821N00244099WA011250127900111
B1136295147832N00244079WA011210127600111
B1136305147842N00244058WA011180127400111
B1136315147852N00244037WA011170127300111
B1136325147863N00244016WA011160127300111
B1136335147873N00243994WA011160127300111
B1136345147883N00243972WA011180127400111
B1136355147892N00243950WA011180127400111
B1136365147902N00243929WA011170127300111
B1136375147911N00243907WA011160127300111
B1136385147921N00243886WA011160127500111
B1136395147930N00243865WA011180128000111
B1136405147938N00243846WA011230128600111
B1136415147946N00243827WA011290129200111
B1136425147954N00243810WA011340129600111
B1136435147962N00243792WA011380129900111
B1136445147969N00243776WA011400130100111
B1136455147977N00243759WA011420130200111
B1136465147984N00243743WA011420130100111
B1136475147993N00243727WA011400129900111
B1136485148001N00243710WA011400129700111
B1136495148010N00243694WA011380129500111
LFLA113649RFC 11223 35510 464 0 0
B1136505148019N00243676WA011360129400111
B1136515148029N00243659WA011350129400111
B1136525148038N00243641WA011350129400111
B1136535148047N00243623WA011340129400111
B1136545148057N00243605WA011350129600111
B1136555148066N00243587WA011370129700111
LFLA11365603srurpmolt%_h#i
B1136565148075N00243569WA011380129700111
B1136575148084N00243551WA011390129800111
B1136585148093N00243534WA011390129800111
B1136595148102N00243517WA011380129800111
B1137005148111N00243501WA011380129600111
B1137015148121N00243484WA011380129500111
B1137025148130N00243467WA011360129300111
B1137035148139N00243450WA011350129100111
B1137045148148N00243432WA011330128900111
B1137055148158N00243414WA011290128600111
B1137065148167N00243396WA011260128300111
B1137075148177N00243377WA011230127900111
B1137085148187N00243357WA011180127500111
B1137095148197N00243336WA011140127100111
B1137105148208N00243315WA011100126800111
B1137115148219N00243293WA011080126500111
B1137125148231N00243271WA011070126400111
B1137135148242N00243249WA011060126300111
B1137145148254N00243226WA011060126400111
B1137155148265N00243204WA011060126500111
B1137165148277N00243181WA011070126700111
B1137175148288N00243158WA011080126800111
B1137185148300N00243135WA011090126800111
B1137195148312N00243113WA011100126900111
B1137205148323N00243090WA011100127100111
B1137215148335N00243069WA011120127200111
B1137225148346N00243047WA011140127100111
B1137235148358N00243026WA011120127000111
B1137245148369N00243006WA011100126800111
B1137255148379N00242985WA011070126300111
B1137265148391N00242964WA011000125600111
B1137275148402N00242941WA011000125000111
B1137285148414N00242918WA010930124600111
B1137295148425N00242895WA010890124300111
B1137305148437N00242872WA010850124200111
B1137315148448N00242848WA010830124000111
B1137325148459N00242825WA010820123900111
B1137335148470N00242802WA010810123700111
B1137345148481N00242779WA010770123400111
B1137355148492N00242755WA010740123300111
B1137365148503N00242732WA010730123100111
B1137375148514N00242708WA010720123000111
B1137385148526N00242684WA010720123000111
B1137395148537N00242659WA010730123100111
B1137405148548N00242635WA010730123300111
B1137415148559N00242612WA010740123600111
B1137425148569N00242589WA010760124000111
B1137435148579N00242568WA010810124400111
B1137445148588N00242547WA010850124600111
B1137455148597N00242526WA010870124700111
B1137465148606N00242505WA010880124700111
B1137475148614N00242484WA010890124700111
B1137485148622N00242463WA010880124600111
B1137495148630N00242441WA010880124600111
B1137505148637N00242420WA010870124500111
B1137515148645N00242398WA010850124400111
B1137525148652N00242377WA010830124200111
B1137535148660N00242356WA010830124000111
B1137545148667N00242334WA010800123600111
B1137555148674N00242312WA010760123100111
LFLA11375603srurojpks`afZg
B1137565148681N00242290WA010720122700111
B1137575148689N00242266WA010680122300111
B1137585148696N00242242WA010640122000111
B1137595148703N00242217WA010610121700111
F1137590103040617191128311209
B1138005148709N00242191WA010570121400111
B1138015148715N00242165WA010540121000111
B1138025148721N00242138WA010490120500111
B1138035148726N00242110WA010450120000111
B1138045148731N00242081WA010400119600111
B1138055148736N00242052WA010350119200111
B1138065148741N00242022WA010350118900111
B1138075148746N00241993WA010310118600111
B1138085148751N00241963WA010290118400111
B1138095148756N00241933WA010270118300111
B1138105148761N00241903WA010250118100111
B1138115148766N00241874WA010230117900111
B1138125148771N00241844WA010210117700111
B1138135148776N00241814WA010190117500111
B1138145148781N00241784WA010150117200111
B1138155148786N00241754WA010130117100111
B1138165148791N00241724WA010120117100111
B1138175148796N00241694WA010120117100111
B1138185148801N00241663WA010130117100111
B1138195148806N00241633WA010130117000111
B1138205148811N00241603WA010120117000111
B1138215148816N00241573WA010120117000111
B1138225148821N00241544WA010120117000111
B1138235148826N00241514WA010120117000111
B1138245148831N00241484WA010120117000111
B1138255148835N00241455WA010130117000111
B1138265148839N00241425WA010120117000111
B1138275148843N00241396WA010120117000111
B1138285148846N00241366WA010120116900111
B1138295148850N00241336WA010110116700111
B1138305148853N00241306WA010090116600111
B1138315148857N00241277WA010080116600111
B1138325148860N00241249WA010080116600111
B1138335148863N00241221WA010080116700111
B1138345148866N00241194WA010080116700111
B1138355148870N00241167WA010090116500111
B1138365148873N00241140WA010070116200111
B1138375148876N00241112WA010040115900111
B1138385148879N00241084WA010010115600111
B1138395148883N00241055WA009980115400111
B1138405148886N00241027WA009960115200111
B1138415148890N00240998WA009950115100111
B1138425148894N00240969WA009930114900111
B1138435148897N00240940WA009910114700111
B1138445148901N00240910WA009910114500111
B1138455148904N00240881WA009890114300111
B1138465148907N00240851WA009870114200111
B1138475148910N00240820WA009860114000111
B1138485148913N00240789WA009840113800111
B1138495148915N00240758WA009820113700111
B1138505148918N00240727WA009800113800111
B1138515148920N00240696WA009810114100111
B1138525148921N00240666WA009850114500111
B1138535148922N00240638WA009890114900111
B1138545148923N00240610WA009930115300111
B1138555148923N00240584WA009970115500111
LFLA11385603srurpmolta`g[f
B1138565148924N00240558WA009980115700111
B1138575148924N00240532WA009980115800111
B1138585148924N00240507WA010000116000111
B1138595148924N00240482WA010020116100111
B1139005148924N00240457WA010030116000111
B1139015148924N00240433WA010010115900111
B1139025148924N00240408WA010010115700111
B1139035148923N00240382WA009990115600111
B1139045148923N00240357WA009980115500111
B1139055148922N00240331WA009980115400111
B1139065148922N00240306WA009960115300111
B1139075148921N00240280WA009940115200111
B1139085148920N00240254WA009940115100111
B1139095148919N00240228WA009940115000111
B1139105148918N00240202WA009940114900111
B1139115148917N00240176WA009920114800111
B1139125148916N00240149WA009910114700111
B1139135148915N00240123WA009890114500111
B1139145148914N00240096WA009880114400111
B1139155148913N00240070WA009860114300111
B1139165148912N00240043WA009860114200111
B1139175148911N00240016WA009850114100111
B1139185148909N00239989WA009830114000111
B1139195148909N00239962WA009820114000110
B1139205148908N00239935WA009830114200110
B1139215148907N00239908WA009860114500111
B1139225148907N00239882WA009890114700111
B1139235148907N00239857WA009890114700111
B1139245148910N00239833WA009900114800111
B1139255148913N00239810WA009900114800111
B1139265148918N00239787WA009900114900111
B1139275148923N00239766WA009920115200111
B1139285148928N00239747WA009940115500111
B1139295148933N00239728WA009970115700111
B1139305148938N00239710WA009980115700111
B1139315148943N00239692WA009990115800111
B1139325148947N00239674WA009990115800111
B1139335148952N00239656WA009990115800111
B1139345148957N00239638WA010000115900111
B1139355148962N00239620WA009990115900111
B1139365148967N00239602WA009990115800111
B1139375148971N00239584WA009990115700111
B1139385148975N00239565WA009980115500111
B1139395148979N00239546WA009960115300111
B1139405148983N00239526WA009940115000111
B1139415148986N00239505WA009910114800111
B1139425148988N00239482WA009880114500111
B1139435148988N00239459WA009850114300111
B1139445148987N00239435WA009830114000111
B1139455148985N00239410WA009790113700111
B1139465148980N00239385WA009760113400111
B1139475148975N00239360WA009750113200110
B1139485148969N00239336WA009740113200110
B1139495148962N00239312WA009740113100111
B1139505148955N00239288WA009740113100111
B1139515148948N00239265WA009730112900111
B1139525148939N00239243WA009710112600110
B1139535148930N00239221WA009690112500111
B1139545148919N00239200WA009680112500111
B1139555148907N00239181WA009670112600111
LFLA11395603srruknlowa`g[f
B1139565148895N00239163WA009690112700111
B1139575148882N00239145WA009690112700110
B1139585148869N00239129WA009700112800111
B1139595148856N00239114WA009700112900111
B1140005148843N00239099WA009700112800111
B1140015148830N00239084WA009690112700111
B1140025148817N00239069WA009690112600111
B1140035148804N00239053WA009680112500111
B1140045148791N00239037WA009670112300111
B1140055148779N00239020WA009650112000111
B1140065148766N00239001WA009620111700111
B1140075148755N00238982WA009600111600111
B1140085148743N00238961WA009580111500111
B1140095148733N00238939WA009580111500111
B1140105148724N00238915WA009580111600111
B1140115148717N00238890WA009600111900111
B1140125148713N00238864WA009650112300111
B1140135148711N00238839WA009700112700111
B1140145148712N00238814WA009730113000111
LFLA114015AZNSTAT 0 0
B1140155148719N00238794WA009730113300111
B1140165148730N00238781WA009760113600111
B1140175148743N00238775WA009770113800111
B1140185148757N00238779WA009780113900111
B1140195148769N00238790WA009800114100111
B1140205148777N00238807WA009810114200111
B1140215148782N00238829WA009830114400111
B1140225148782N00238852WA009860114600111
B1140235148777N00238874WA009880114800111
B1140245148768N00238892WA009910115000111
B1140255148755N00238905WA009920115200111
B1140265148739N00238910WA009930115200111
B1140275148723N00238906WA009940115300111
B1140285148708N00238895WA009940115400111
B1140295148696N00238877WA009950115500111
B1140305148688N00238854WA009970115700111
B1140315148685N00238829WA009980115900111
B1140325148688N00238805WA010010116100111
B1140335148695N00238784WA010040116400111
B1140345148706N00238768WA010070116700111
B1140355148719N00238760WA010090116900111
B1140365148733N00238760WA010120117200111
B1140375148746N00238768WA010140117400111
B1140385148756N00238783WA010150117500111
B1140395148764N00238803WA010160117600111
B1140405148767N00238826WA010180117600111
B1140415148765N00238849WA010180117700111
B1140425148759N00238871WA010190117900111
B1140435148747N00238889WA010210118100111
B1140445148733N00238899WA010210118200111
B1140455148717N00238901WA010230118300110
B1140465148702N00238895WA010230118400111
B1140475148688N00238882WA010240118500111
B1140485148677N00238862WA010260118600111
B1140495148671N00238839WA010260118700111
B1140505148669N00238815WA010280118800111
B1140515148673N00238791WA010310119000111
B1140525148680N00238771WA010340119400111
B1140535148691N00238756WA010340119800111
B1140545148703N00238747WA010390120100111
B1140555148716N00238745WA010420120200111
LFLA11405603srruhegd#yxosn
B1140565148729N00238751WA010430120300111
B1140575148740N00238765WA010440120300111
B1140585148747N00238784WA010450120400111
B1140595148749N00238807WA010460120500111
B1141005148747N00238830WA010480120700111
B1141015148741N00238851WA010500120900111
B1141025148730N00238868WA010530121100111
B1141035148716N00238877WA010530121100111
B1141045148701N00238879WA010540121200111
B1141055148686N00238873WA010540121300111
LFLA114105RFC 11735 35510 464 0 0
B1141065148673N00238860WA010540121300111
B1141075148662N00238842WA010550121400111
B1141085148656N00238819WA010570121600111
B1141095148655N00238795WA010580121700111
B1141105148659N00238772WA010590121900111
B1141115148667N00238753WA010610122100111
B1141125148678N00238740WA010620122200111
B1141135148692N00238733WA010630122200111
B1141145148706N00238734WA010640122200111
B1141155148718N00238744WA010640122200111
B1141165148728N00238760WA010650122300111
B1141175148735N00238782WA010660122400111
B1141185148737N00238806WA010670122600110
B1141195148733N00238830WA010670122700111
B1141205148726N00238852WA010690122900111
B1141215148714N00238869WA010710123100111
B1141225148699N00238879WA010730123300111
B1141235148683N00238880WA010750123500111
B1141245148667N00238872WA010780123600111
B1141255148654N00238858WA010810123900111
B1141265148644N00238838WA010820124200111
B1141275148638N00238816WA010860124400111
B1141285148636N00238792WA010870124600111
B1141295148640N00238770WA010890124800110
B1141305148649N00238751WA010900124900111
B1141315148661N00238738WA010900124900111
B1141325148674N00238734WA010910124900111
B1141335148688N00238738WA010910124900111
B1141345148700N00238750WA010910125000111
B1141355148709N00238769WA010910125200111
B1141365148713N00238792WA010940125600111
B1141375148711N00238815WA010970125900111
B1141385148705N00238836WA011000126100111
B1141395148695N00238852WA011030126200111
B1141405148681N00238863WA011050126300111
B1141415148665N00238865WA011050126200111
B1141425148650N00238859WA011050126200111
B1141435148637N00238846WA011060126300111
B1141445148627N00238826WA011070126500111
B1141455148622N00238804WA011110126800111
B1141465148623N00238782WA011110127100111
B1141475148628N00238761WA011120127300111
B1141485148637N00238746WA011150127400111
B1141495148648N00238736WA011160127400111
B1141505148661N00238733WA011150127300111
B1141515148674N00238737WA011140127200111
B1141525148686N00238748WA011140127000111
B1141535148695N00238766WA011130127000111
B1141545148699N00238789WA011120127000111
B1141555148698N00238813WA011130127100111
LFLA11415603srruknlow[Zead
B1141565148693N00238836WA011140127200111
B1141575148682N00238855WA011140127300111
B1141585148668N00238867WA011160127400111
B1141595148652N00238872WA011160127500111
B1142005148636N00238868WA011170127500111
B1142015148621N00238856WA011170127500111
B1142025148609N00238839WA011170127600111
B1142035148600N00238817WA011180127700111
B1142045148594N00238793WA011210128000111
B1142055148592N00238768WA011230128300111
B1142065148592N00238745WA011270128500111
B1142075148597N00238723WA011290128700111
B1142085148607N00238707WA011300128800111
B1142095148619N00238697WA011310128800111
B1142105148632N00238696WA011310128800111
B1142115148645N00238703WA011310128800111
B1142125148656N00238718WA011310128800111
B1142135148662N00238739WA011310128900111
B1142145148664N00238762WA011310128900111
B1142155148660N00238786WA011310129000111
B1142165148650N00238806WA011320129100111
B1142175148638N00238821WA011320129200111
B1142185148622N00238828WA011340129300111
B1142195148606N00238827WA011340129200111
B1142205148591N00238817WA011340129100111
B1142215148579N00238801WA011330129100111
B1142225148569N00238780WA011330129300111
B1142235148563N00238757WA011370129500111
B1142245148561N00238732WA011390129800111
B1142255148563N00238709WA011390130100111
B1142265148568N00238688WA011430130400111
B1142275148577N00238672WA011460130700111
B1142285148587N00238660WA011480130800111
B1142295148599N00238655WA011490130900111
B1142305148611N00238655WA011500130900111
B1142315148622N00238663WA011500130900111
B1142325148632N00238676WA011500130900111
B1142335148639N00238694WA011510130900111
B1142345148642N00238716WA011500130900111
B1142355148642N00238738WA011500130900111
B1142365148637N00238760WA011500130800110
B1142375148629N00238779WA011490130700110
B1142385148616N00238794WA011490130700110
B1142395148602N00238802WA011480130600111
B1142405148586N00238803WA011480130500111
B1142415148570N00238797WA011470130500111
B1142425148556N00238786WA011470130500111
B1142435148543N00238770WA011480130700111
B1142445148532N00238752WA011500131000111
B1142455148523N00238731WA011540131200111
B1142465148518N00238708WA011570131400111
B1142475148518N00238685WA011580131500111
B1142485148522N00238663WA011590131600111
B1142495148531N00238645WA011600131700111
B1142505148542N00238633WA011610131800111
B1142515148555N00238629WA011610131900111
B1142525148567N00238631WA011610132000111
B1142535148579N00238641WA011620132000111
B1142545148587N00238657WA011630132000111
B1142555148591N00238678WA011630132000111
LFLA11425603srruknlow#]b%c
B1142565148591N00238701WA011630132100111
B1142575148586N00238724WA011640132300111
B1142585148578N00238744WA011660132300111
B1142595148566N00238760WA011670132400111
F1142590103040617191128311209
B1143005148552N00238770WA011670132500111
B1143015148537N00238773WA011690132600111
B1143025148522N00238768WA011700132800111
B1143035148508N00238757WA011710132800111
B1143045148497N00238740WA011710132900111
B1143055148490N00238718WA011720133000111
B1143065148487N00238694WA011720133100111
B1143075148487N00238671WA011740133200111
B1143085148491N00238648WA011760133400111
B1143095148497N00238629WA011770133500111
B1143105148507N00238615WA011780133600111
B1143115148518N00238607WA011800133700111
B1143125148531N00238605WA011800133700111
B1143135148543N00238610WA011810133800111
B1143145148553N00238622WA011810133800111
B1143155148560N00238639WA011810133800111
B1143165148563N00238659WA011810133800111
B1143175148562N00238681WA011810133800111
B1143185148557N00238703WA011810133800111
B1143195148548N00238722WA011810133700111
B1143205148536N00238736WA011810133700111
B1143215148521N00238745WA011810133700111
B1143225148505N00238746WA011810133800111
B1143235148489N00238741WA011810133900111
B1143245148475N00238728WA011820134000111
B1143255148464N00238710WA011830134100111
B1143265148457N00238688WA011860134300111
B1143275148452N00238665WA011890134600111
B1143285148451N00238642WA011910134900111
B1143295148451N00238619WA011960135100111
B1143305148454N00238598WA011960135100111
B1143315148459N00238579WA011950135000111
B1143325148467N00238563WA011940134900111
B1143335148478N00238552WA011930134800111
B1143345148489N00238546WA011920134800111
B1143355148501N00238542WA011910134700111
B1143365148514N00238541WA011910134700111
B1143375148526N00238539WA011900134700111
B1143385148539N00238539WA011910134700111
B1143395148552N00238538WA011920134800111
B1143405148565N00238539WA011930134900111
B1143415148578N00238540WA011930134800111
B1143425148591N00238542WA011900134500111
B1143435148604N00238545WA011900134300111
B1143445148617N00238548WA011890134100111
B1143455148630N00238551WA011850133900111
B1143465148643N00238555WA011830133800111
B1143475148656N00238559WA011820133700111
B1143485148669N00238563WA011810133600111
B1143495148681N00238568WA011800133400111
B1143505148694N00238572WA011790133300111
B1143515148706N00238575WA011770133100111
B1143525148719N00238578WA011750133000111
B1143535148732N00238580WA011740132900111
B1143545148745N00238582WA011730132800111
B1143555148759N00238584WA011720132600111
LFLA11435603srrulqkpxZ[d`e
B1143565148772N00238586WA011720132400111
B1143575148786N00238588WA011710132300111
B1143585148800N00238588WA011700132200111
B1143595148814N00238589WA011680132100111
B1144005148829N00238589WA011680132100111
B1144015148843N00238588WA011670132000111
B1144025148858N00238588WA011670131900111
B1144035148872N00238587WA011660131900111
B1144045148887N00238587WA011670132100111
B1144055148901N00238586WA011680132200111
B1144065148915N00238584WA011700132400111
B1144075148929N00238581WA011700132400111
B1144085148943N00238578WA011690132300111
B1144095148957N00238574WA011690132200111
B1144105148972N00238569WA011690132200111
B1144115148986N00238566WA011690132200111
B1144125149001N00238563WA011690132300111
B1144135149016N00238562WA011700132300111
B1144145149031N00238561WA011690132400111
B1144155149046N00238561WA011700132400111
B1144165149061N00238561WA011700132400111
B1144175149076N00238562WA011700132400111
B1144185149090N00238563WA011710132500111
B1144195149105N00238564WA011720132700111
B1144205149119N00238565WA011740133000111
B1144215149133N00238566WA011780133300111
B1144225149146N00238567WA011800133500111
B1144235149159N00238569WA011800133600111
B1144245149173N00238570WA011810133500111
B1144255149186N00238571WA011800133300111
B1144265149199N00238571WA011780133100111
B1144275149212N00238573WA011750132900111
B1144285149226N00238574WA011740132800111
B1144295149240N00238576WA011720132600111
B1144305149254N00238578WA011710132400111
LFLA114431AZNSTAT 0 0
B1144315149268N00238580WA011690132400111
B1144325149282N00238582WA011700132600111
B1144335149295N00238583WA011720132800111
B1144345149308N00238586WA011730132900111
B1144355149320N00238588WA011730132800111
B1144365149333N00238590WA011730132600111
B1144375149347N00238592WA011710132400111
B1144385149360N00238594WA011700132300111
B1144395149374N00238596WA011690132200111
B1144405149388N00238597WA011680132200111
B1144415149402N00238598WA011680132200111
B1144425149416N00238599WA011690132200111
B1144435149430N00238600WA011690132300111
B1144445149444N00238601WA011690132400111
B1144455149458N00238601WA011700132400111
B1144465149472N00238602WA011700132400111
B1144475149485N00238602WA011700132400111
B1144485149498N00238602WA011700132400111
B1144495149511N00238603WA011700132400111
B1144505149524N00238604WA011700132500111
B1144515149537N00238605WA011710132500111
B1144525149551N00238607WA011710132600111
B1144535149564N00238608WA011710132500111
B1144545149577N00238609WA011720132400111
B1144555149591N00238610WA011700132300111
LFLA11445603srruknlow#]b%c
B1144565149604N00238612WA011690132200111
B1144575149618N00238613WA011690132200111
B1144585149632N00238614WA011690132300111
B1144595149646N00238615WA011690132400111
B1145005149660N00238616WA011710132500111
B1145015149674N00238616WA011710132600111
B1145025149687N00238617WA011710132700111
B1145035149701N00238617WA011730132800111
B1145045149714N00238618WA011740133100111
B1145055149727N00238619WA011760133400111
B1145065149739N00238620WA011790133800111
B1145075149751N00238621WA011830134100111
B1145085149763N00238622WA011860134200111
B1145095149774N00238623WA011870134200111
B1145105149786N00238624WA011850134000111
B1145115149798N00238625WA011840133700111
B1145125149810N00238626WA011820133600111
B1145135149823N00238627WA011810133500111
B1145145149835N00238628WA011780133300111
B1145155149847N00238629WA011780133200111
B1145165149859N00238629WA011770133000111
B1145175149871N00238629WA011740132800111
B1145185149884N00238628WA011730132700111
B1145195149896N00238626WA011720132500111
B1145205149909N00238624WA011710132400111
B1145215149922N00238621WA011690132100111
LFLA114521RFC 12247 35510 464 0 0
B1145225149935N00238617WA011650131900111
B1145235149948N00238613WA011630131600111
B1145245149961N00238608WA011600131300111
B1145255149975N00238603WA011570131000111
B1145265149989N00238597WA011530130700111
B1145275150003N00238592WA011510130400111
B1145285150017N00238587WA011500130200111
B1145295150032N00238582WA011500130100111
B1145305150046N00238578WA011480130000111
B1145315150060N00238574WA011470129900111
B1145325150075N00238569WA011450129700111
B1145335150089N00238564WA011440129600111
B1145345150104N00238560WA011420129300111
B1145355150119N00238555WA011380129100111
B1145365150133N00238549WA011370128900111
B1145375150148N00238544WA011360128800111
B1145385150164N00238539WA011340128600111
B1145395150179N00238533WA011330128400111
B1145405150194N00238528WA011300128200111
B1145415150210N00238523WA011290128200111
B1145425150226N00238518WA011290128400111
B1145435150241N00238514WA011310128800111
B1145445150255N00238511WA011350129200111
B1145455150268N00238508WA011380129500111
B1145465150281N00238504WA011420129800111
B1145475150294N00238501WA011440130000111
B1145485150306N00238498WA011450130000111
B1145495150318N00238495WA011440129800111
B1145505150330N00238492WA011430129600111
B1145515150342N00238489WA011410129400111
B1145525150354N00238486WA011380129200111
B1145535150367N00238483WA011370129100111
B1145545150380N00238479WA011360129000111
B1145555150393N00238476WA011360129000111
LFLA11455603srrulqkpx[Zead
B1145565150406N00238473WA011370129000111
B1145575150419N00238469WA011360129000111
B1145585150432N00238466WA011360128900111
B1145595150445N00238462WA011350128700111
B1146005150458N00238459WA011330128500111
B1146015150471N00238456WA011310128200111
B1146025150485N00238453WA011270127700111
B1146035150499N00238450WA011220127300111
B1146045150514N00238446WA011190127000111
B1146055150529N00238443WA011160126800111
B1146065150545N00238441WA011150126700111
B1146075150561N00238438WA011150126700111
B1146085150576N00238437WA011150126800111
B1146095150591N00238435WA011160127100111
B1146105150605N00238435WA011180127700111
B1146115150619N00238434WA011240128300111
B1146125150631N00238433WA011310128800111
B1146135150642N00238432WA011360129100111
B1146145150653N00238431WA011380129300111
B1146155150663N00238429WA011380129300111
B1146165150673N00238428WA011380129200111
B1146175150683N00238427WA011380129000111
B1146185150694N00238426WA011340128500111
B1146195150705N00238424WA011280128000111
B1146205150717N00238422WA011210127400111
B1146215150729N00238420WA011210126800111
B1146225150743N00238418WA011160126200111
B1146235150756N00238416WA011100125600110
B1146245150771N00238414WA011030125000111
B1146255150786N00238412WA010980124600111
B1146265150801N00238410WA010940124200111
B1146275150817N00238409WA010900123900111
B1146285150833N00238408WA010870123700111
B1146295150849N00238408WA010850123500111
B1146305150866N00238409WA010820123300111
B1146315150882N00238411WA010810123200111
B1146325150898N00238414WA010790123100111
B1146335150915N00238416WA010780123100111
B1146345150931N00238419WA010780123000111
B1146355150948N00238421WA010780122900111
B1146365150965N00238422WA010770122900111
B1146375150982N00238423WA010770122900111
B1146385150999N00238424WA010760122800111
B1146395151016N00238424WA010750122800111
B1146405151032N00238424WA010760122900111
B1146415151048N00238423WA010750122900111
B1146425151064N00238423WA010750122800111
B1146435151080N00238422WA010740122700111
B1146445151096N00238422WA010740122600111
B1146455151112N00238421WA010720122500111
B1146465151128N00238421WA010710122400111
B1146475151145N00238420WA010710122300111
B1146485151161N00238419WA010700122100111
B1146495151177N00238419WA010690121900111
B1146505151194N00238418WA010670121700111
B1146515151210N00238419WA010660121600111
B1146525151226N00238420WA010650121400111
B1146535151243N00238421WA010630121400111
B1146545151259N00238422WA010630121400111
B1146555151274N00238424WA010630121400111
LFLA11465603srruknlowa`g[f
B1146565151290N00238425WA010610121300111
B1146575151306N00238425WA010600121300111
B1146585151321N00238426WA010600121300111
B1146595151336N00238427WA010600121300111
B1147005151351N00238428WA010600121300111
B1147015151365N00238428WA010600121300111
B1147025151379N00238429WA010600121200111
B1147035151394N00238429WA010600121200111
B1147045151408N00238430WA010590121200111
B1147055151422N00238430WA010590121200111
B1147065151436N00238431WA010590121200111
B1147075151450N00238431WA010570121200111
B1147085151464N00238432WA010580121200111
B1147095151478N00238432WA010580121100111
B1147105151492N00238433WA010570121000111
B1147115151505N00238434WA010550120800111
B1147125151519N00238435WA010540120700111
B1147135151533N00238436WA010540120500111
B1147145151547N00238437WA010520120400111
B1147155151561N00238438WA010500120300111
B1147165151575N00238439WA010490120200111
B1147175151589N00238440WA010480120100111
B1147185151603N00238441WA010480120100111
B1147195151617N00238442WA010470120100111
B1147205151631N00238444WA010470120100111
B1147215151645N00238445WA010480120200111
B1147225151659N00238448WA010480120100111
B1147235151673N00238450WA010460119900111
B1147245151688N00238452WA010440119800111
B1147255151702N00238454WA010440120000111
B1147265151716N00238456WA010450120300111
B1147275151730N00238457WA010490120700111
B1147285151743N00238459WA010530120900111
B1147295151757N00238460WA010540121000111
B1147305151769N00238462WA010550120900111
B1147315151782N00238463WA010540120900111
B1147325151795N00238465WA010540120800111
B1147335151808N00238466WA010530120700111
B1147345151820N00238467WA010520120600111
B1147355151833N00238469WA010500120500111
B1147365151846N00238471WA010490120400111
B1147375151858N00238473WA010480120300111
B1147385151870N00238475WA010480120100111
B1147395151883N00238478WA010460120000111
B1147405151895N00238480WA010440119800111
B1147415151907N00238482WA010410119600111
B1147425151919N00238483WA010400119400111
B1147435151931N00238484WA010370119100111
B1147445151944N00238485WA010360119000111
B1147455151956N00238487WA010350119000111
B1147465151968N00238488WA010350119100111
B1147475151980N00238491WA010360119100111
B1147485151991N00238493WA010350118900111
B1147495152003N00238497WA010320118700111
B1147505152014N00238501WA010280118300111
B1147515152026N00238506WA010280117900111
B1147525152038N00238510WA010240117500111
B1147535152051N00238516WA010190117300111
B1147545152064N00238521WA010170117300111
B1147555152077N00238526WA010170117600111
LFLA11475603srrudich`srmyl
B1147565152090N00238530WA010200118100111
B1147575152101N00238534WA010240118400111
B1147585152112N00238537WA010280118600111
B1147595152123N00238540WA010290118600111
F1147590103040617191128311209
B1148005152133N00238543WA010280118400111
B1148015152144N00238546WA010250118100111
B1148025152156N00238549WA010220117900111
B1148035152167N00238553WA010210117700111
B1148045152179N00238556WA010210117500111
B1148055152191N00238560WA010180117400111
B1148065152202N00238564WA010160117300111
B1148075152214N00238568WA010160117200111
B1148085152226N00238573WA010150117100111
B1148095152237N00238577WA010130117000111
B1148105152249N00238582WA010110116800111
B1148115152260N00238586WA010090116500111
B1148125152271N00238590WA010060116200111
B1148135152283N00238594WA010010115800111
B1148145152295N00238598WA009970115400111
B1148155152308N00238602WA009940115000111
B1148165152321N00238606WA009910114600111
B1148175152334N00238611WA009910114300111
B1148185152348N00238615WA009870114000111
B1148195152362N00238619WA009840113700111
B1148205152376N00238624WA009810113500111
B1148215152390N00238630WA009790113400111
B1148225152405N00238635WA009780113600111
B1148235152419N00238641WA009820114300111
B1148245152431N00238645WA009880114900111
B1148255152443N00238650WA009940115400111
B1148265152455N00238654WA009960115800111
B1148275152467N00238657WA010000116000111
B1148285152478N00238659WA010030116200111
B1148295152490N00238660WA010050116400111
B1148305152501N00238658WA010050116500111
B1148315152513N00238653WA010080116700111
B1148325152523N00238643WA010100116900109
B1148335152532N00238628WA010110117200111
B1148345152537N00238609WA010140117500110
B1148355152539N00238587WA010180117900110
B1148365152537N00238565WA010220118200109
B1148375152531N00238542WA010240118400109
B1148385152523N00238521WA010270118500110
B1148395152510N00238503WA010270118400109
B1148405152495N00238491WA010280118500109
B1148415152478N00238486WA010300118700109
B1148425152460N00238489WA010320119000110
B1148435152445N00238502WA010320119200110
B1148445152434N00238520WA010350119400110
B1148455152428N00238543WA010360119500110
B1148465152427N00238567WA010360119500110
LFLA114847AZNSTAT 0 0
B1148475152431N00238588WA010360119500110
B1148485152440N00238605WA010360119600110
B1148495152452N00238615WA010380119700110
B1148505152465N00238615WA010390119900210
B1148515152477N00238607WA010410120100210
B1148525152486N00238590WA010430120400210
B1148535152491N00238568WA010450120700209
B1148545152490N00238542WA010490121000209
B1148555152484N00238517WA010520121200209
LFLA11485603tutsZ_]%fkjuqt
B1148565152473N00238495WA010520121300208
B1148575152458N00238479WA010540121400207
B1148585152440N00238469WA010560121600209
B1148595152422N00238468WA010580121900209
B1149005152404N00238476WA010610122300209
B1149015152390N00238492WA010650122700210
B1149025152379N00238512WA010680122900210
B1149035152373N00238535WA010700122900210
B1149045152371N00238560WA010700122900210
B1149055152374N00238582WA010700122900210
B1149065152381N00238602WA010710123000210
B1149075152392N00238615WA010710123100210
B1149085152404N00238622WA010720123200210
B1149095152417N00238621WA010720123300209
B1149105152430N00238611WA010730123400210
B1149115152439N00238594WA010740123600210
B1149125152444N00238571WA010760123800210
B1149135152445N00238545WA010780124000210
B1149145152441N00238519WA010800124200210
B1149155152433N00238494WA010820124300210
B1149165152422N00238471WA010840124600210
B1149175152408N00238451WA010870124800208
B1149185152392N00238436WA010900125000210
B1149195152374N00238428WA010930125300210
B1149205152356N00238431WA010960125700210
B1149215152340N00238443WA010960126000210
B1149225152328N00238462WA011000126100209
B1149235152321N00238486WA011010126200210
B1149245152319N00238511WA011010126100209
B1149255152323N00238533WA011010125900210
B1149265152332N00238550WA011010126000210
B1149275152345N00238557WA011010126100210
B1149285152358N00238554WA011030126400209
B1149295152369N00238542WA011050126700209
B1149305152376N00238521WA011070126900209
B1149315152377N00238496WA011090127000209
B1149325152371N00238470WA011110127200210
B1149335152359N00238447WA011140127400209
B1149345152343N00238432WA011140127600208
B1149355152325N00238426WA011170127900208
B1149365152307N00238431WA011200128200209
B1149375152292N00238444WA011240128500209
LFLA114937RFC 12759 35510 464 0 0
B1149385152281N00238464WA011260128700208
B1149395152276N00238488WA011280128800209
B1149405152276N00238512WA011280128700208
B1149415152280N00238534WA011270128600210
B1149425152289N00238550WA011260128500209
B1149435152301N00238558WA011260128700210
B1149445152314N00238557WA011270128900210
B1149455152326N00238548WA011310129200210
B1149465152335N00238532WA011340129600210
B1149475152340N00238510WA011340129800209
B1149485152340N00238486WA011380130100209
B1149495152336N00238461WA011400130200210
B1149505152329N00238437WA011420130200210
B1149515152317N00238415WA011420130200207
B1149525152302N00238398WA011430130200209
B1149535152285N00238388WA011430130300210
B1149545152267N00238386WA011450130600209
B1149555152249N00238392WA011480130900110
LFLA11495603srruidfe]vwptq
B1149565152233N00238403WA011510131100110
B1149575152220N00238419WA011510131100110
B1149585152210N00238440WA011500130900110
B1149595152206N00238464WA011480130600110
B1150005152208N00238489WA011480130500110
B1150015152215N00238509WA011450130400209
B1150025152226N00238522WA011440130400210
B1150035152239N00238527WA011440130600210
B1150045152252N00238521WA011460130900209
B1150055152262N00238508WA011490131300210
B1150065152268N00238488WA011540131700209
B1150075152269N00238464WA011570132000209
B1150085152265N00238440WA011600132300210
B1150095152255N00238418WA011610132400209
B1150105152241N00238401WA011630132500209
B1150115152225N00238391WA011650132600209
B1150125152208N00238390WA011660132700210
B1150135152191N00238397WA011660132800210
B1150145152176N00238411WA011680132700210
B1150155152165N00238431WA011650132500208
B1150165152159N00238454WA011640132400209
B1150175152157N00238478WA011620132200209
B1150185152160N00238501WA011610132200210
B1150195152167N00238519WA011610132200210
B1150205152178N00238531WA011610132300210
B1150215152190N00238535WA011620132500210
B1150225152202N00238532WA011640132700209
B1150235152212N00238522WA011680133000210
B1150245152221N00238507WA011710133100210
B1150255152227N00238487WA011710133200210
B1150265152231N00238466WA011710133400210
B1150275152231N00238442WA011730133500210
B1150285152228N00238417WA011730133600110
B1150295152220N00238394WA011740133600110
B1150305152208N00238375WA011750133500109
B1150315152192N00238361WA011740133400109
B1150325152175N00238354WA011730133400109
B1150335152157N00238356WA011740133600110
B1150345152141N00238363WA011770134000110
B1150355152126N00238374WA011810134400110
B1150365152113N00238389WA011840134400110
B1150375152103N00238408WA011840134300110
B1150385152098N00238430WA011810134100110
B1150395152098N00238453WA011810134000210
B1150405152101N00238474WA011800133900210
B1150415152107N00238493WA011780133700210
B1150425152117N00238506WA011780133600210
B1150435152128N00238513WA011760133700210
B1150445152140N00238513WA011770133800210
B1150455152152N00238506WA011790134100110
B1150465152162N00238494WA011810134300109
B1150475152169N00238476WA011820134400109
B1150485152175N00238456WA011840134400109
B1150495152178N00238433WA011840134400110
B1150505152179N00238410WA011840134500110
B1150515152181N00238386WA011840134600110
B1150525152182N00238363WA011840134700110
B1150535152184N00238340WA011850134700110
B1150545152185N00238317WA011850134500110
B1150555152186N00238293WA011840134300110
LFLA11505603srrupmolt_%i]h
B1150565152187N00238268WA011810134000110
B1150575152188N00238243WA011790133700110
B1150585152188N00238217WA011750133500110
B1150595152189N00238190WA011740133300110
B1151005152190N00238163WA011730133200110
B1151015152191N00238137WA011720133200110
B1151025152192N00238110WA011720133200110
B1151035152192N00238083WA011720133100110
B1151045152193N00238056WA011720133000110
B1151055152194N00238030WA011710132800110
B1151065152195N00238003WA011690132800110
B1151075152195N00237976WA011680132700110
B1151085152195N00237950WA011680132700110
B1151095152195N00237923WA011670132600110
B1151105152194N00237897WA011660132500110
B1151115152194N00237871WA011660132500110
B1151125152193N00237845WA011650132500110
B1151135152193N00237819WA011640132400110
B1151145152193N00237794WA011650132300110
B1151155152194N00237769WA011620132100109
B1151165152196N00237745WA011610131900109
B1151175152201N00237721WA011610131600110
B1151185152207N00237699WA011580131300110
B1151195152216N00237680WA011550131200110
B1151205152226N00237663WA011540131100110
B1151215152238N00237649WA011540131100110
B1151225152249N00237637WA011540131400110
B1151235152261N00237628WA011560131700110
B1151245152272N00237619WA011590131900110
B1151255152283N00237611WA011610132100110
B1151265152293N00237603WA011620132000110
B1151275152303N00237595WA011600131800110
B1151285152314N00237587WA011580131600110
B1151295152324N00237578WA011550131400109
B1151305152335N00237569WA011550131100109
B1151315152346N00237559WA011540130900109
B1151325152357N00237549WA011520130700109
B1151335152368N00237538WA011500130600109
B1151345152380N00237526WA011480130500109
B1151355152392N00237514WA011470130400109
B1151365152404N00237502WA011470130200109
B1151375152416N00237490WA011460130100109
B1151385152428N00237477WA011440129900110
B1151395152440N00237465WA011420129800110
B1151405152452N00237452WA011400129600110
B1151415152465N00237440WA011380129400109
B1151425152477N00237428WA011370129300110
B1151435152489N00237417WA011370129100109
B1151445152501N00237406WA011340128900109
B1151455152513N00237395WA011310128600109
B1151465152526N00237384WA011290128300109
B1151475152539N00237373WA011260127900109
B1151485152552N00237362WA011220127500109
B1151495152566N00237351WA011160127100109
B1151505152580N00237340WA011120126800110
B1151515152595N00237329WA011100126500110
B1151525152610N00237317WA011070126300110
B1151535152625N00237306WA011060126100110
B1151545152639N00237294WA011040125900110
B1151555152654N00237281WA011020125700110
LFLA11515603srurqlnmu%_h#i
B1151565152669N00237269WA011020125500110
B1151575152684N00237256WA010990125400110
B1151585152698N00237244WA010970125300110
B1151595152713N00237232WA010970125300110
B1152005152727N00237220WA010970125200110
B1152015152741N00237207WA010950125100110
B1152025152755N00237195WA010950125100110
B1152035152769N00237183WA010940125100110
B1152045152782N00237171WA010940125000110
B1152055152796N00237159WA010930124900110
B1152065152810N00237147WA010910124700110
B1152075152824N00237135WA010880124400110
B1152085152838N00237123WA010860124100110
B1152095152852N00237111WA010860123900110
B1152105152866N00237099WA010830123700110
B1152115152880N00237086WA010810123400110
B1152125152894N00237074WA010780123100110
B1152135152909N00237061WA010760122800110
B1152145152923N00237048WA010720122600110
B1152155152938N00237035WA010690122400110
B1152165152953N00237022WA010670122200110
B1152175152967N00237009WA010660122100110
B1152185152982N00236995WA010650122100110
B1152195152996N00236981WA010660122300110
B1152205153010N00236967WA010690122700110
B1152215153023N00236954WA010740123200110
B1152225153035N00236941WA010740123600110
B1152235153047N00236929WA010790123800109
B1152245153058N00236917WA010810124000110
B1152255153069N00236905WA010820124100110
B1152265153080N00236894WA010830124100110
B1152275153090N00236883WA010830123900109
B1152285153101N00236872WA010810123700109
B1152295153112N00236861WA010790123500109
B1152305153122N00236851WA010760123300109
B1152315153133N00236841WA010750123100109
B1152325153145N00236831WA010720122800109
B1152335153156N00236821WA010680122500109
B1152345153167N00236810WA010650122200109
B1152355153179N00236799WA010650121900109
B1152365153191N00236788WA010620121500109
B1152375153203N00236776WA010580121200109
B1152385153215N00236764WA010540120900109
B1152395153227N00236753WA010510120600109
B1152405153240N00236741WA010470120300109
B1152415153252N00236729WA010440120000109
B1152425153265N00236718WA010420119700109
B1152435153277N00236706WA010390119400109
B1152445153290N00236695WA010360119200109
B1152455153302N00236683WA010320119000109
B1152465153315N00236672WA010310118800109
B1152475153327N00236660WA010280118600109
B1152485153340N00236648WA010280118500109
B1152495153352N00236636WA010280118300109
B1152505153365N00236623WA010250118200109
B1152515153378N00236611WA010240118100110
B1152525153391N00236598WA010230118000110
B1152535153404N00236584WA010220117800110
B1152545153417N00236571WA010200117500110
B1152555153430N00236556WA010170117300110
LFLA11525603srurqlnmu%_h#i
B1152565153443N00236541WA010140117100110
B1152575153455N00236526WA010130117000110
B1152585153468N00236510WA010120116900110
B1152595153481N00236494WA010110116900110
F11525901030406171911283109
B1153005153493N00236477WA010100116900110
B1153015153505N00236460WA010100116800110
B1153025153517N00236443WA010100116800110
LFLA115303AZNSTAT 0 0
B1153035153529N00236425WA010090116700110
B1153045153540N00236408WA010090116600110
B1153055153551N00236390WA010070116500110
B1153065153562N00236373WA010050116300110
B1153075153574N00236355WA010040116200110
B1153085153585N00236337WA010030116000110
B1153095153596N00236318WA010020115800110
B1153105153607N00236300WA009990115600110
B1153115153619N00236281WA009970115400110
B1153125153630N00236262WA009960115200110
B1153135153642N00236244WA009930114900110
B1153145153654N00236226WA009930114700110
B1153155153666N00236208WA009900114500110
B1153165153678N00236190WA009880114400110
B1153175153691N00236173WA009880114400110
B1153185153704N00236155WA009870114400110
B1153195153716N00236137WA009870114400110
B1153205153728N00236119WA009870114400110
B1153215153740N00236101WA009870114400110
B1153225153752N00236082WA009880114600110
B1153235153763N00236064WA009920115000110
B1153245153773N00236047WA009960115500110
B1153255153782N00236030WA010010115900110
B1153265153790N00236013WA010020116200110
B1153275153798N00235997WA010020116300110
B1153285153805N00235982WA010030116200110
B1153295153812N00235966WA010030115900110
B1153305153820N00235949WA010000115600110
B1153315153827N00235932WA009970115100110
B1153325153835N00235915WA009920114800110
B1153335153842N00235896WA009890114600110
B1153345153849N00235878WA009880114600110
B1153355153856N00235860WA009870114700110
B1153365153862N00235842WA009880114800110
B1153375153868N00235825WA009890114800110
B1153385153874N00235808WA009890114800110
B1153395153880N00235791WA009890114700110
B1153405153886N00235774WA009890114600110
B1153415153892N00235757WA009880114500110
B1153425153898N00235740WA009870114300110
B1153435153903N00235722WA009840114000110
B1153445153909N00235703WA009810113900110
B1153455153914N00235685WA009780113800110
B1153465153919N00235666WA009780113700110
B1153475153924N00235647WA009770113500110
B1153485153928N00235627WA009760113400110
B1153495153933N00235608WA009740113200110
B1153505153937N00235588WA009710112900110
B1153515153942N00235568WA009690112700110
B1153525153946N00235548WA009670112500110
B1153535153950N00235527WA009670112300110
LFLA115353RFC 13271 35510 464 0 0
B1153545153955N00235507WA009640112100110
B1153555153960N00235487WA009620112000110
LFLA11535603srurojpks%_h#i
B1153565153964N00235466WA009610111800110
B1153575153970N00235446WA009590111600110
B1153585153975N00235426WA009570111300110
B1153595153981N00235405WA009540111200110
B1154005153987N00235383WA009530111200110
B1154015153993N00235362WA009530111100110
B1154025153999N00235341WA009520111100110
B1154035154006N00235320WA009530111200110
B1154045154012N00235301WA009540111400110
B1154055154018N00235282WA009540111400110
B1154065154025N00235264WA009550111400110
B1154075154032N00235246WA009550111600110
B1154085154039N00235229WA009560111700110
B1154095154046N00235213WA009570111700110
B1154105154054N00235198WA009560111700110
B1154115154062N00235184WA009570111500110
B1154125154071N00235171WA009540111200110
B1154135154081N00235160WA009510111000110
B1154145154091N00235151WA009490110800110
B1154155154103N00235145WA009490110800110
B1154165154114N00235142WA009480110700109
B1154175154126N00235141WA009480110700110
B1154185154137N00235141WA009480110700110
B1154195154149N00235144WA009480110700110
B1154205154159N00235149WA009480110600110
B1154215154170N00235157WA009480110600110
B1154225154179N00235167WA009470110600110
B1154235154188N00235179WA009470110600110
B1154245154196N00235194WA009470110400110
B1154255154203N00235210WA009450110100110
B1154265154210N00235227WA009410109800110
B1154275154217N00235244WA009390109800110
B1154285154224N00235261WA009390109700110
B1154295154231N00235278WA009390109600110
B1154305154238N00235294WA009380109500110
B1154315154246N00235310WA009380109300110
B1154325154254N00235325WA009360109300110
B1154335154263N00235338WA009350109200110
B1154345154273N00235352WA009350109100110
B1154355154283N00235364WA009340109000110
B1154365154293N00235375WA009330108900110
B1154375154303N00235386WA009320109000110
B1154385154313N00235395WA009330109100110
B1154395154324N00235403WA009330109100110
B1154405154335N00235411WA009330109000110
B1154415154345N00235418WA009330109000110
B1154425154356N00235423WA009330109000110
B1154435154368N00235428WA009340109200110
B1154445154379N00235431WA009340109200110
B1154455154390N00235431WA009360109200110
B1154465154401N00235427WA009370109200110
B1154475154411N00235418WA009360109000109
B1154485154421N00235407WA009340109000110
B1154495154431N00235396WA009320109000110
B1154505154441N00235385WA009320108900110
B1154515154452N00235376WA009320108900110
B1154525154463N00235367WA009310108800110
B1154535154474N00235359WA009320108800110
B1154545154485N00235352WA009310108800110
B1154555154496N00235345WA009300108800110
LFLA11545603srurqlnmu_%i]h
B1154565154507N00235338WA009300108700110
B1154575154517N00235331WA009300108600110
B1154585154528N00235324WA009290108500110
B1154595154539N00235317WA009280108300110
B1155005154550N00235310WA009260108300110
B1155015154560N00235303WA009250108300110
B1155025154571N00235295WA009250108300110
B1155035154581N00235288WA009260108300110
B1155045154591N00235281WA009250108200110
B1155055154601N00235273WA009240108100110
B1155065154612N00235265WA009230107800110
B1155075154622N00235256WA009210107500110
B1155085154633N00235247WA009170107100110
B1155095154644N00235236WA009130106800110
B1155105154655N00235225WA009130106600110
B1155115154666N00235215WA009100106600110
B1155125154676N00235204WA009100106700110
B1155135154687N00235193WA009110106700110
B1155145154697N00235183WA009120106700110
B1155155154706N00235172WA009110106600110
B1155165154716N00235161WA009090106400110
B1155175154725N00235150WA009060106200110
B1155185154735N00235138WA009040106100110
B1155195154744N00235125WA009020106000110
B1155205154753N00235113WA009020105900110
B1155215154763N00235101WA009010105800110
B1155225154773N00235089WA009000105800110
B1155235154782N00235076WA009000105700110
B1155245154792N00235064WA009000105500110
B1155255154801N00235050WA008980105200110
B1155265154811N00235036WA008960104800110
B1155275154821N00235021WA008910104400110
B1155285154831N00235006WA008870103900110
B1155295154842N00234989WA008830103600110
B1155305154852N00234971WA008800103300110
B1155315154863N00234952WA008770103100110
B1155325154874N00234933WA008740102900110
B1155335154884N00234914WA008720102800110
B1155345154894N00234895WA008720102900110
B1155355154904N00234876WA008720102800110
B1155365154914N00234857WA008720102800110
B1155375154924N00234839WA008710102700110
B1155385154933N00234820WA008710102600110
B1155395154943N00234802WA008690102400110
B1155405154952N00234784WA008680102300110
B1155415154961N00234766WA008670102200110
B1155425154971N00234747WA008650102100110
B1155435154980N00234729WA008640102000110
B1155445154990N00234711WA008630102000110
B1155455154999N00234693WA008630102000110
B1155465155008N00234676WA008620101900110
B1155475155016N00234658WA008610101700110
B1155485155025N00234641WA008590101600110
B1155495155034N00234625WA008590101300110
B1155505155043N00234608WA008570101000110
B1155515155052N00234591WA008540100700110
B1155525155061N00234575WA008500100400110
B1155535155071N00234559WA008470100100110
B1155545155081N00234543WA008430099800110
B1155555155091N00234527WA008410099600110
LFLA11555603srurpmolt_%i]h
B1155565155101N00234510WA008390099400110
B1155575155110N00234493WA008370099300110
B1155585155120N00234476WA008360099100110
B1155595155130N00234459WA008350099000110
B1156005155139N00234442WA008330098800110
B1156015155149N00234424WA008330098700110
B1156025155158N00234407WA008320098600110
B1156035155168N00234390WA008300098500110
B1156045155177N00234373WA008280098200110
B1156055155187N00234356WA008270098000110
B1156065155197N00234338WA008250097700110
B1156075155206N00234320WA008210097500110
B1156085155215N00234302WA008190097300110
B1156095155224N00234284WA008160097100110
B1156105155233N00234264WA008140096900110
B1156115155241N00234244WA008120096600110
B1156125155248N00234223WA008090096300110
B1156135155255N00234200WA008050096000110
B1156145155260N00234176WA008050095700110
B1156155155266N00234152WA008030095500110
B1156165155271N00234127WA008000095400110
B1156175155276N00234103WA007980095200110
B1156185155281N00234078WA007960095100110
B1156195155286N00234053WA007950094900110
B1156205155291N00234028WA007940094700110
B1156215155295N00234002WA007910094500110
B1156225155300N00233977WA007890094300110
B1156235155304N00233951WA007870094200110
B1156245155308N00233925WA007850094000110
B1156255155312N00233899WA007840093900110
B1156265155317N00233874WA007820093800110
B1156275155321N00233848WA007820093600110
B1156285155325N00233821WA007800093500110
B1156295155330N00233795WA007790093500110
B1156305155334N00233768WA007790093500110
B1156315155338N00233741WA007790093600110
B1156325155341N00233715WA007800094000110
B1156335155345N00233690WA007850094400110
B1156345155348N00233665WA007890094700110
B1156355155350N00233641WA007940095200110
B1156365155352N00233618WA007980095500110
B1156375155353N00233595WA008030095800110
B1156385155350N00233571WA008040096000110
B1156395155343N00233549WA008060096100110
B1156405155333N00233531WA008060096300109
B1156415155319N00233518WA008070096300109
B1156425155302N00233512WA008080096300109
B1156435155285N00233513WA008080096300109
B1156445155268N00233521WA008070096200110
B1156455155253N00233535WA008060096200110
B1156465155241N00233555WA008050096200109
B1156475155233N00233579WA008060096200110
B1156485155228N00233603WA008060096300110
B1156495155228N00233628WA008070096500110
B1156505155229N00233652WA008100096700110
B1156515155233N00233674WA008120096900110
B1156525155238N00233695WA008130097000110
B1156535155247N00233711WA008130097000110
B1156545155258N00233721WA008130097000110
B1156555155270N00233725WA008130097000110
LFLA11565603srruidfe]xynro
B1156565155282N00233722WA008130097000110
B1156575155294N00233714WA008130097000110
B1156585155303N00233699WA008130097100110
B1156595155310N00233679WA008140097400110
B1157005155314N00233658WA008160097800110
B1157015155315N00233636WA008230098100110
B1157025155313N00233614WA008250098300109
B1157035155306N00233593WA008270098400110
B1157045155296N00233576WA008270098400109
B1157055155282N00233564WA008270098400109
B1157065155265N00233560WA008270098400109
B1157075155249N00233564WA008270098300110
B1157085155233N00233575WA008260098400110
B1157095155220N00233592WA008260098400110
B1157105155210N00233613WA008260098400110
B1157115155205N00233637WA008260098400110
B1157125155205N00233662WA008260098400110
B1157135155208N00233684WA008260098400209
B1157145155216N00233703WA008270098500109
B1157155155226N00233717WA008280098700110
B1157165155237N00233726WA008300098800110
B1157175155249N00233732WA008310098900110
B1157185155261N00233734WA008320098900110
LFLA115719AZNSTAT 0 0
B1157195155272N00233730WA008320099000110
B1157205155282N00233718WA008330099000109
B1157215155289N00233700WA008330099100110
B1157225155292N00233679WA008330099100110
B1157235155290N00233656WA008340099100110
B1157245155284N00233633WA008340099100110
B1157255155275N00233613WA008330099000109
B1157265155261N00233597WA008330098900109
B1157275155245N00233586WA008330099200109
B1157285155229N00233580WA008370099600110
B1157295155213N00233580WA008390099800110
B1157305155197N00233586WA008400099900110
B1157315155183N00233600WA008400099800110
B1157325155173N00233619WA008400099700109
B1157335155166N00233641WA008390099700110
B1157345155165N00233664WA008390099700109
B1157355155168N00233685WA008390099700108
B1157365155176N00233702WA008390099700110
B1157375155186N00233714WA008380099600110
B1157385155198N00233718WA008380099500110
B1157395155211N00233715WA008370099600110
B1157405155222N00233706WA008370099600110
B1157415155231N00233691WA008380099700110
B1157425155236N00233670WA008390099800110
B1157435155236N00233647WA008390099900110
B1157445155232N00233624WA008400099800110
B1157455155223N00233603WA008400099800109
B1157465155211N00233586WA008400099900108
B1157475155196N00233574WA008410100000109
B1157485155180N00233566WA008420100100110
B1157495155164N00233562WA008430100100110
B1157505155147N00233564WA008440100100110
B1157515155130N00233571WA008430100100109
B1157525155115N00233583WA008440100100110
B1157535155103N00233601WA008430100100110
B1157545155094N00233622WA008430100100110
B1157555155088N00233644WA008440100200110
LFLA11575603srruknlow[Zead
B1157565155087N00233667WA008440100300110
B1157575155089N00233689WA008450100300109
B1157585155094N00233709WA008450100300110
B1157595155103N00233723WA008450100400110
F11575901030406171911283109
B1158005155114N00233732WA008450100500110
B1158015155125N00233736WA008460100600110
B1158025155137N00233734WA008470100600110
B1158035155148N00233726WA008480100700110
B1158045155158N00233715WA008480100700110
B1158055155166N00233699WA008490100800110
B1158065155172N00233682WA008500101000110
B1158075155177N00233663WA008510101100110
B1158085155182N00233644WA008520101200110
B1158095155186N00233624WA008510101100110
LFLA115809RFC 13783 35510 464 0 0
B1158105155190N00233604WA008500100900110
B1158115155194N00233583WA008500100700110
B1158125155198N00233561WA008480100500110
B1158135155203N00233539WA008460100400110
B1158145155207N00233517WA008440100200110
B1158155155212N00233494WA008430099900110
B1158165155216N00233471WA008410099600110
B1158175155220N00233448WA008370099300110
B1158185155224N00233424WA008340099000110
B1158195155228N00233400WA008320098800110
B1158205155233N00233375WA008300098700110
B1158215155237N00233351WA008280098500110
B1158225155241N00233326WA008270098400110
B1158235155244N00233301WA008270098300110
B1158245155248N00233276WA008270098200110
B1158255155252N00233251WA008240098200110
B1158265155256N00233227WA008250098400110
B1158275155260N00233203WA008260098500110
B1158285155264N00233179WA008280098700110
B1158295155268N00233157WA008290098800110
B1158305155272N00233134WA008300098800110
B1158315155276N00233112WA008300098700110
B1158325155281N00233091WA008290098600110
B1158335155286N00233068WA008270098200110
B1158345155291N00233045WA008220097700110
B1158355155296N00233021WA008170097300110
B1158365155301N00232996WA008120096900110
B1158375155307N00232971WA008120096600110
B1158385155312N00232944WA008100096300110
B1158395155317N00232918WA008080096100110
B1158405155322N00232892WA008050095900110
B1158415155327N00232865WA008030095800110
B1158425155332N00232838WA008020095700110
B1158435155336N00232812WA008010095700110
B1158445155341N00232785WA008000095500110
B1158455155345N00232758WA007980095300110
B1158465155349N00232731WA007960095200110
B1158475155353N00232705WA007950095100110
B1158485155358N00232679WA007950095000110
B1158495155364N00232653WA007940095000110
B1158505155370N00232629WA007940095000110
B1158515155376N00232605WA007940095000110
B1158525155383N00232582WA007950095100110
B1158535155390N00232560WA007940095100110
B1158545155397N00232538WA007950095100110
B1158555155404N00232517WA007950095000110
LFLA11585603srurnkqjr_%i]h
B1158565155411N00232495WA007940094800110
B1158575155419N00232474WA007920094600110
B1158585155426N00232452WA007900094400110
B1158595155434N00232429WA007870094100110
B1159005155443N00232406WA007840093800110
B1159015155451N00232383WA007810093600110
B1159025155459N00232360WA007810093400110
LFLA11590302EUVIDwV%Li_YOR?=MrOs@QFU<U;T
B1159035155468N00232336WA007790093100110
B1159045155477N00232312WA007760092900110
B1159055155487N00232289WA007740092800110
LFLA11590602EUVIDLmEdKUi_bJQAh=iJ;TGQHQF
B1159065155496N00232266WA007720092600110
B1159075155506N00232243WA007710092400110
B1159085155517N00232220WA007690092200110
B1159095155527N00232197WA007670092000110
B1159105155537N00232174WA007650091800110
B1159115155547N00232151WA007630091600110
B1159125155558N00232129WA007610091400110
B1159135155569N00232106WA007590091300110
B1159145155580N00232084WA007580091100110
B1159155155591N00232062WA007580091000110
B1159165155602N00232041WA007560090900110
B1159175155612N00232019WA007560090900110
B1159185155623N00231997WA007540090800110
B1159195155634N00231976WA007520090700110
B1159205155644N00231955WA007510090600110
B1159215155655N00231933WA007510090600110
B1159225155664N00231911WA007510090500110
B1159235155674N00231889WA007510090500110
B1159245155682N00231866WA007500090400110
B1159255155691N00231843WA007490090400110
B1159265155699N00231820WA007470090200110
B1159275155708N00231797WA007460090100110
B1159285155716N00231773WA007460090000110
B1159295155724N00231750WA007450089900110
B1159305155731N00231726WA007440089800110
B1159315155739N00231702WA007430089600110
B1159325155747N00231677WA007410089400110
B1159335155754N00231652WA007390089200110
B1159345155762N00231627WA007370088900110
B1159355155769N00231601WA007330088700110
B1159365155777N00231576WA007300088400110
B1159375155785N00231550WA007280088200110
B1159385155792N00231524WA007270088100110
B1159395155800N00231497WA007260088100110
B1159405155808N00231471WA007270088200110
B1159415155815N00231446WA007270088800110
B1159425155822N00231422WA007310089700110
B1159435155827N00231400WA007410090700110
B1159445155833N00231380WA007510091400110
B1159455155840N00231363WA007600091900110
B1159465155849N00231351WA007640092300110
B1159475155859N00231345WA007680092700110
B1159485155869N00231347WA007710093000110
B1159495155879N00231355WA007760093400110
B1159505155886N00231370WA007800093800110
B1159515155889N00231390WA007860094200109
B1159525155888N00231411WA007900094600110
B1159535155883N00231433WA007910094700110
B1159545155875N00231454WA007910094700110
B1159555155862N00231471WA007910094500110
LFLA11595603srurmpjqy#]b%c
B1159565155845N00231483WA007910094500110
B1159575155826N00231487WA007900094600110
B1159585155806N00231483WA007920094900110
B1159595155789N00231471WA007940095100110
B1200005155774N00231452WA007960095400110
B1200015155763N00231429WA007990095600110
B1200025155757N00231403WA008010095700110
B1200035155757N00231378WA008040095900110
B1200045155761N00231357WA008050096000109
B1200055155769N00231341WA008080096200110
B1200065155780N00231333WA008080096300110
B1200075155792N00231335WA008090096500110
B1200085155803N00231347WA008110096800110
B1200095155809N00231366WA008130097100110
B1200105155810N00231390WA008170097500110
B1200115155805N00231414WA008220098000110
B1200125155795N00231437WA008260098300110
B1200135155781N00231455WA008290098500110
B1200145155763N00231466WA008310098600110
B1200155155743N00231468WA008320098800110
B1200165155724N00231460WA008340099000110
B1200175155707N00231445WA008360099200109
B1200185155694N00231424WA008380099300110
B1200195155685N00231399WA008380099600109
B1200205155683N00231373WA008400099800110
B1200215155685N00231350WA008430100100110
B1200225155692N00231332WA008440100300110
B1200235155702N00231321WA008470100500110
B1200245155713N00231318WA008500100600110
B1200255155724N00231323WA008510100700110
B1200265155733N00231337WA008520100800110
B1200275155738N00231358WA008540101000110
B1200285155737N00231383WA008560101200110
B1200295155731N00231408WA008590101400110
B1200305155718N00231430WA008610101800110
B1200315155701N00231445WA008640102100110
B1200325155681N00231450WA008640102300109
B1200335155661N00231446WA008670102600110
B1200345155643N00231433WA008700102900110
B1200355155629N00231413WA008720103200110
B1200365155619N00231390WA008750103400110
B1200375155615N00231364WA008780103500110
B1200385155615N00231339WA008810103700110
B1200395155620N00231318WA008810103700109
B1200405155629N00231303WA008830103800109
LFLA12004102EUVIDb=uIJTjsnI?OrPtcs#ofoin
B1200415155640N00231296WA008840103900110
B1200425155651N00231296WA008850104000110
B1200435155662N00231306WA008850104100110
LFLA12004402EUVIDmRZdnxe#i`UEmWk#lcx%w%y
B1200445155670N00231322WA008870104200110
B1200455155675N00231343WA008870104600110
B1200465155676N00231367WA008900105000110
B1200475155672N00231392WA008950105300110
B1200485155662N00231415WA008970105500110
B1200495155648N00231433WA009000105600110
B1200505155629N00231443WA009000105600109
B1200515155609N00231443WA009010105700110
B1200525155590N00231433WA009020105900110
B1200535155575N00231415WA009040106000110
B1200545155564N00231392WA009060106200110
B1200555155559N00231366WA009080106300110
LFLA12005603srruidfe]vwptq
B1200565155560N00231342WA009080106300110
B1200575155566N00231322WA009090106400110
B1200585155576N00231309WA009090106400110
B1200595155587N00231304WA009110106600110
B1201005155598N00231309WA009120106800110
B1201015155608N00231322WA009130106900110
B1201025155615N00231341WA009150107100110
B1201035155618N00231364WA009180107500110
B1201045155616N00231389WA009220107800110
B1201055155608N00231413WA009240108000110
B1201065155596N00231433WA009250108000110
B1201075155579N00231445WA009250108000109
B1201085155559N00231448WA009260108100110
B1201095155540N00231440WA009270108200110
B1201105155524N00231424WA009280108300110
B1201115155511N00231403WA009280108300110
B1201125155502N00231378WA009280108300110
B1201135155500N00231352WA009290108400110
B1201145155503N00231329WA009290108500109
B1201155155510N00231312WA009310108700110
B1201165155521N00231303WA009330108800110
LFLA12011702EUVIDwtwFD:VNSf[kKyM@MBY@Y?X
B1201175155532N00231302WA009340108900110
B1201185155543N00231307WA009340109000110
B1201195155553N00231318WA009370109300110
B1201205155560N00231336WA009390109600110
B1201215155563N00231358WA009410109900109
B1201225155560N00231382WA009430110100110
LFLA12012302EUVIDSUV>YOQYLlTDe?cSCL?Y@Y>
B1201235155553N00231406WA009430110100110
B1201245155541N00231426WA009440110000110
B1201255155524N00231440WA009440109700110
B1201265155505N00231444WA009420109600109
B1201275155485N00231439WA009400109700110
B1201285155468N00231424WA009400109800110
B1201295155455N00231403WA009430110100110
B1201305155447N00231379WA009470110500110
LFLA12013102EUVIDc%]CJTRJWmgwd?cj_xcjcmb
B1201315155443N00231353WA009490110700110
B1201325155444N00231329WA009510110900110
B1201335155448N00231308WA009530111200109
B1201345155456N00231293WA009580111500110
LFLA120135AZNSTAT 0 0
B1201355155465N00231284WA009610111700110
B1201365155476N00231280WA009610112000110
B1201375155486N00231281WA009620112200110
B1201385155495N00231287WA009650112300110
B1201395155503N00231298WA009670112500110
B1201405155508N00231315WA009690112800110
B1201415155510N00231335WA009720113100110
B1201425155507N00231357WA009750113300110
LFLA12014302EUVIDf%]YAGB:GVn%mVj=MBY?V?X
B1201435155500N00231378WA009770113400110
B1201445155489N00231397WA009760113400110
B1201455155475N00231411WA009770113300110
B1201465155458N00231419WA009770113400110
B1201475155440N00231418WA009770113400110
B1201485155423N00231410WA009780113500110
B1201495155408N00231394WA009780113700110
B1201505155398N00231374WA009800114000110
B1201515155391N00231351WA009810114100110
B1201525155389N00231328WA009830114100110
LFLA12015302EUVIDwhc[`fC@ENO?F]IP@WDMDJE
B1201535155391N00231307WA009830114100109
B1201545155397N00231289WA009840114200109
B1201555155406N00231277WA009840114100110
LFLA12015603srrufcibZed[gZ
B1201565155416N00231272WA009840114100110
B1201575155427N00231275WA009830114100110
B1201585155437N00231285WA009830114000110
B1201595155444N00231303WA009830114100110
B1202005155447N00231325WA009860114400110
B1202015155446N00231349WA009910115000110
B1202025155441N00231372WA009910115500110
LFLA12020302EUVIDOEFOLRI:GNwgxKw[kdwaxav
B1202035155433N00231393WA009970115800110
B1202045155420N00231410WA009990115900110
B1202055155404N00231420WA010000115800110
B1202065155387N00231423WA010000115700110
B1202075155369N00231416WA009990115700109
B1202085155355N00231401WA010010115800109
B1202095155345N00231380WA010020115900109
B1202105155342N00231355WA010030116000110
B1202115155345N00231333WA010040116100110
B1202125155352N00231315WA010050116300110
B1202135155363N00231306WA010070116700110
B1202145155374N00231306WA010070117100110
LFLA12021502EUVIDmbiDD:C@Et=M[I]_ohsZs]r
B1202155155383N00231313WA010110117500110
B1202165155391N00231327WA010160117700110
B1202175155394N00231346WA010180117900110
B1202185155392N00231368WA010210117900110
LFLA12021902EUVIDngdWXNOTQSxh]G[#lcx%w%y
B1202195155386N00231389WA010200117800110
B1202205155374N00231408WA010200117600110
B1202215155358N00231421WA010180117500110
B1202225155340N00231425WA010170117500110
B1202235155322N00231421WA010160117500110
B1202245155305N00231408WA010170117600110
B1202255155292N00231389WA010200117800110
LFLA120225RFC 14295 35548 464 0 0
B1202265155284N00231367WA010240118300110
B1202275155280N00231344WA010240118700110
B1202285155278N00231322WA010290119100110
B1202295155279N00231301WA010330119200110
B1202305155284N00231283WA010340119100109
B1202315155292N00231270WA010340119000110
B1202325155303N00231263WA010320118800110
B1202335155314N00231263WA010310118600110
B1202345155325N00231271WA010290118600110
B1202355155333N00231287WA010290118700110
B1202365155336N00231309WA010300118800110
B1202375155334N00231333WA010330119000110
B1202385155326N00231355WA010350119300110
B1202395155313N00231373WA010370119500110
B1202405155296N00231382WA010370119500109
B1202415155278N00231383WA010380119600110
B1202425155260N00231375WA010380119500110
B1202435155245N00231359WA010380119500110
B1202445155235N00231337WA010380119600110
B1202455155228N00231312WA010400119900110
B1202465155225N00231288WA010430120200110
B1202475155225N00231265WA010460120400109
B1202485155230N00231246WA010470120600109
B1202495155237N00231231WA010480120600110
B1202505155246N00231223WA010480120600110
B1202515155257N00231220WA010470120500110
B1202525155267N00231225WA010480120500110
B1202535155276N00231236WA010480120600110
B1202545155283N00231253WA010480120600110
B1202555155286N00231273WA010490120800110
LFLA12025603srrumpjqyZ[d`e
B1202565155285N00231296WA010500120900110
B1202575155279N00231319WA010510121000110
B1202585155269N00231339WA010520121000110
B1202595155256N00231356WA010520121000110
F12025901030406171911283109
B1203005155240N00231368WA010520121100110
B1203015155223N00231374WA010520121100110
B1203025155205N00231373WA010520121100110
B1203035155187N00231365WA010530121200110
B1203045155171N00231352WA010540121200110
B1203055155158N00231334WA010550121400110
B1203065155147N00231313WA010550121600110
B1203075155140N00231290WA010570121700110
B1203085155138N00231266WA010590121800110
B1203095155139N00231243WA010600121900109
B1203105155143N00231223WA010620122200110
B1203115155150N00231206WA010640122400110
B1203125155158N00231193WA010660122600110
B1203135155168N00231184WA010690122700110
B1203145155178N00231180WA010710122900110
B1203155155188N00231180WA010720122900110
B1203165155198N00231183WA010730123100110
B1203175155208N00231189WA010750123400110
B1203185155217N00231195WA010790123600110
B1203195155227N00231202WA010790123600110
B1203205155236N00231210WA010790123600110
B1203215155246N00231218WA010790123700110
B1203225155256N00231227WA010790123700110
B1203235155266N00231237WA010800123800110
B1203245155275N00231246WA010810124000110
B1203255155285N00231256WA010830124400110
B1203265155294N00231266WA010870124800110
B1203275155302N00231275WA010900125100110
B1203285155311N00231283WA010930125400110
B1203295155319N00231291WA010960125600110
B1203305155327N00231298WA010970125600110
B1203315155336N00231306WA010960125500110
B1203325155344N00231314WA010960125100110
B1203335155353N00231322WA010930124500110
B1203345155363N00231331WA010880123900110
B1203355155374N00231339WA010830123700110
B1203365155386N00231347WA010790123700110
B1203375155397N00231355WA010800124000110
B1203385155408N00231363WA010820124200110
B1203395155419N00231370WA010840124300110
B1203405155429N00231376WA010840124100110
B1203415155440N00231383WA010810124000110
B1203425155450N00231389WA010790123600110
B1203435155461N00231395WA010750123200110
B1203445155473N00231400WA010690122600110
B1203455155486N00231404WA010690122100110
B1203465155499N00231406WA010640121700110
B1203475155512N00231407WA010590121400110
B1203485155526N00231407WA010550121200110
B1203495155540N00231407WA010520121000110
B1203505155553N00231407WA010500120700110
B1203515155567N00231406WA010480120500110
B1203525155581N00231404WA010460120300110
B1203535155596N00231402WA010440120100110
B1203545155610N00231400WA010420119800110
B1203555155624N00231398WA010380119500110
LFLA12035603srurknlow#]b%c
B1203565155639N00231396WA010360119300110
B1203575155653N00231394WA010340119200110
B1203585155668N00231392WA010340119100110
B1203595155682N00231389WA010330118900110
B1204005155696N00231387WA010320118700110
B1204015155711N00231385WA010290118500110
B1204025155726N00231382WA010270118300110
B1204035155741N00231379WA010240118000110
B1204045155755N00231376WA010210117800110
B1204055155770N00231373WA010190117600110
B1204065155786N00231369WA010160117300110
B1204075155801N00231365WA010140117200110
B1204085155816N00231361WA010120117000110
B1204095155831N00231357WA010100116800110
B1204105155846N00231351WA010080116700110
B1204115155861N00231344WA010080116600110
B1204125155875N00231337WA010070116400110
B1204135155889N00231328WA010050116300110
B1204145155903N00231318WA010040116000110
B1204155155917N00231307WA010030115800110
B1204165155931N00231296WA010010115600110
B1204175155945N00231284WA009990115500110
B1204185155959N00231273WA009970115300110
B1204195155973N00231261WA009960115300110
B1204205155987N00231250WA009970115400110
B1204215156001N00231238WA009970115500110
B1204225156015N00231226WA009990115700110
B1204235156028N00231214WA010010115700110
B1204245156042N00231201WA010010115700110
B1204255156056N00231189WA010000115500110
B1204265156069N00231175WA009980115300110
B1204275156083N00231162WA009960115200110
B1204285156097N00231148WA009950115200110
B1204295156111N00231134WA009960115300110
B1204305156124N00231121WA009960115500110
B1204315156137N00231107WA009980115600110
B1204325156149N00231093WA009990115600110
B1204335156162N00231078WA009980115500110
B1204345156174N00231064WA009970115200110
B1204355156187N00231049WA009930114800110
B1204365156200N00231035WA009890114400110
B1204375156213N00231020WA009890113900110
B1204385156227N00231005WA009840113600110
B1204395156241N00230991WA009790113300110
B1204405156255N00230977WA009770113200110
B1204415156270N00230963WA009760113100110
B1204425156284N00230949WA009750113100109
B1204435156298N00230934WA009740113100109
B1204445156311N00230920WA009740113200109
B1204455156325N00230906WA009750113200110
B1204465156339N00230893WA009750113200110
B1204475156353N00230879WA009760113400110
B1204485156367N00230867WA009770113600110
B1204495156381N00230856WA009800113900110
B1204505156396N00230846WA009800114100110
B1204515156411N00230837WA009830114300110
B1204525156426N00230830WA009860114500110
B1204535156440N00230823WA009880115000110
B1204545156454N00230818WA009910115500110
B1204555156466N00230812WA009960115700110
LFLA12045603srurknlow#]b%c
B1204565156479N00230807WA009980115600110
B1204575156491N00230802WA009980115600110
B1204585156504N00230796WA009970115600110
B1204595156516N00230790WA009970115600110
B1205005156529N00230784WA009970115600110
B1205015156541N00230778WA009970115600110
B1205025156553N00230771WA009980115700110
B1205035156565N00230764WA009980115700110
B1205045156577N00230757WA009980115800110
B1205055156589N00230750WA009990115800110
B1205065156600N00230744WA010000115900110
LFLA12050702EUVIDoXSnQ#h`eg[kZl[_jev_v`w
B1205075156612N00230737WA010010116100110
B1205085156623N00230731WA010020116200110
B1205095156634N00230724WA010030116300110
LFLA12051002EUVIDkTWpOZd#i[gwMxLP=RIOFOH
B1205105156645N00230718WA010040116300110
B1205115156656N00230712WA010030116100110
B1205125156667N00230706WA010020116000110
B1205135156679N00230700WA010010115900110
B1205145156691N00230693WA010010116000110
B1205155156702N00230687WA010030116200110
B1205165156714N00230680WA010030116400110
B1205175156726N00230674WA010040116600110
B1205185156737N00230668WA010060116800110
B1205195156748N00230661WA010070117000110
B1205205156759N00230655WA010090117200110
B1205215156770N00230648WA010110117200110
B1205225156781N00230641WA010120117100110
B1205235156791N00230633WA010100117000110
B1205245156802N00230624WA010070116800110
B1205255156812N00230614WA010060116500110
B1205265156821N00230602WA010040116400110
B1205275156831N00230588WA010020116200110
LFLA12052802EUVID_HCdAlKSNi`pj#kJ?XCJCMB
B1205285156839N00230573WA010010116000110
B1205295156848N00230557WA010010115800110
B1205305156855N00230540WA009980115600110
B1205315156862N00230522WA009970115400110
LFLA12053202EUVID;dgB_Jd#i`Zjvhw_kdwaxav
B1205325156869N00230503WA009950115200110
B1205335156876N00230483WA009920114800110
B1205345156882N00230461WA009890114500110
B1205355156888N00230439WA009870114500110
B1205365156893N00230417WA009870114500110
B1205375156898N00230395WA009880114700110
B1205385156903N00230372WA009900114900110
B1205395156907N00230350WA009900114900110
B1205405156911N00230327WA009910115000110
B1205415156915N00230304WA009920115200110
B1205425156918N00230281WA009920115300110
B1205435156921N00230258WA009940115400110
B1205445156924N00230234WA009950115600110
B1205455156926N00230210WA009960115700110
B1205465156929N00230186WA009980115900110
B1205475156932N00230162WA010000116100110
B1205485156934N00230138WA010030116500110
B1205495156936N00230113WA010070116800110
B1205505156934N00230088WA010090117100110
LFLA120551AZNSTAT 0 0
B1205515156929N00230063WA010130117400109
B1205525156920N00230040WA010160117700109
B1205535156908N00230022WA010200118100109
B1205545156894N00230009WA010200118300109
B1205555156878N00230003WA010230118500110
LFLA12055603srurbgef%vwptq
B1205565156862N00230004WA010250118600108
B1205575156848N00230012WA010260118600109
B1205585156836N00230026WA010270118600109
B1205595156829N00230045WA010270118700110
B1206005156826N00230065WA010270118700110
B1206015156829N00230085WA010270118700109
B1206025156836N00230100WA010270118700109
B1206035156847N00230110WA010280118800109
B1206045156860N00230112WA010280119000110
B1206055156874N00230107WA010320119400110
B1206065156886N00230094WA010360119700110
B1206075156895N00230074WA010360120100110
B1206085156900N00230049WA010400120400110
B1206095156901N00230021WA010440120700110
B1206105156897N00229993WA010470121000109
B1206115156889N00229967WA010500121200109
B1206125156877N00229944WA010520121400108
B1206135156861N00229927WA010530121500110
B1206145156844N00229918WA010540121500110
B1206155156826N00229916WA010540121600110
B1206165156809N00229922WA010560121700109
B1206175156795N00229936WA010560121800110
B1206185156784N00229955WA010590122000209
B1206195156778N00229977WA010610122200210
B1206205156778N00230000WA010610122300210
B1206215156782N00230022WA010620122400209
B1206225156790N00230039WA010630122500209
B1206235156802N00230051WA010640122700209
B1206245156816N00230055WA010670123000210
B1206255156830N00230050WA010700123300209
B1206265156843N00230038WA010730123600210
B1206275156853N00230019WA010780123900210
B1206285156859N00229993WA010810124200209
B1206295156859N00229964WA010830124400209
B1206305156855N00229935WA010860124600208
B1206315156846N00229908WA010870124800208
B1206325156832N00229887WA010900125000207
B1206335156816N00229873WA010900125300210
B1206345156798N00229869WA010920125500210
B1206355156781N00229874WA010940125500208
B1206365156768N00229887WA010950125600209
B1206375156758N00229906WA010950125700108
B1206385156753N00229927WA010970125800109
B1206395156754N00229949WA010980126000109
B1206405156758N00229968WA010990126000110
B1206415156767N00229983WA011010126200110
LFLA120641RFC 14807 35553 464 0 0
B1206425156779N00229992WA011030126500110
B1206435156792N00229994WA011080127000110
B1206445156804N00229988WA011120127400109
B1206455156815N00229975WA011150127700110
B1206465156823N00229954WA011150128000109
B1206475156826N00229930WA011180128000110
B1206485156824N00229903WA011190128000110
B1206495156817N00229876WA011200128000108
B1206505156805N00229855WA011200128200109
B1206515156789N00229840WA011220128400108
B1206525156773N00229834WA011250128600110
B1206535156756N00229837WA011270128800110
B1206545156742N00229847WA011280128900110
B1206555156732N00229864WA011290129000109
LFLA12065603srrugbhc[srmyl
B1206565156727N00229884WA011300129000110
B1206575156728N00229904WA011290129000110
B1206585156734N00229922WA011300129000109
B1206595156744N00229934WA011300128900110
B1207005156757N00229938WA011290129000110
B1207015156771N00229934WA011300129300109
B1207025156783N00229922WA011330129700110
B1207035156793N00229904WA011370130100110
LFLA12070402_=>QL<jBAPW=l:aZjm#k>OHS:S=R
B1207045156799N00229881WA011400130300110
B1207055156800N00229855WA011440130600110
B1207065156795N00229828WA011460130600110
B1207075156787N00229804WA011460130500109
LFLA12070802_=>QL@pHEPWDuCpdtbsd[jev`y`w
B1207085156773N00229785WA011460130400109
B1207095156757N00229774WA011450130400109
B1207105156740N00229772WA011460130600110
B1207115156724N00229777WA011470130800110
B1207125156710N00229790WA011470131000110
B1207135156700N00229806WA011500131200109
B1207145156693N00229826WA011530131400109
B1207155156691N00229846WA011540131600109
B1207165156693N00229866WA011550131700109
B1207175156698N00229883WA011560132000109
B1207185156705N00229897WA011600132200109
B1207195156715N00229908WA011610132500110
B1207205156725N00229916WA011650132700110
B1207215156736N00229919WA011670132800110
B1207225156748N00229914WA011690133000110
B1207235156759N00229901WA011690133000110
B1207245156767N00229881WA011690133000110
LFLA12072502_=>QL`RZbfaHxF?:Jqan;JEV?V@W
B1207255156770N00229857WA011690132900109
B1207265156769N00229830WA011690132900109
B1207275156763N00229803WA011690133000109
LFLA12072802_=>QLS_Wgg`BrD=XHfviTEJAW>W@
B1207285156753N00229779WA011700133100109
LFLA12072902_=>QLS%VII>xHv;TDcsdM<SHQHNI
B1207295156738N00229761WA011710133300109
B1207305156721N00229750WA011720133500109
B1207315156704N00229747WA011740133700109
B1207325156687N00229751WA011770133900109
LFLA12073302_=>QL@x@VWP]M[IXHqanGVAJDMDK
B1207335156673N00229761WA011790134000110
B1207345156662N00229778WA011810134200110
B1207355156655N00229798WA011810134300110
B1207365156652N00229819WA011820134300110
B1207375156654N00229839WA011820134400110
B1207385156660N00229857WA011830134500110
B1207395156670N00229870WA011840134600110
B1207405156682N00229878WA011850134700110
B1207415156695N00229878WA011870134800110
B1207425156708N00229871WA011880134900110
B1207435156720N00229856WA011890134900110
B1207445156729N00229836WA011890135000110
B1207455156734N00229811WA011900135100110
B1207465156736N00229784WA011920135300110
B1207475156736N00229756WA011930135600110
B1207485156732N00229729WA011960135800110
B1207495156725N00229703WA011970135900110
B1207505156714N00229681WA011970135900109
B1207515156700N00229665WA011980135900109
B1207525156683N00229657WA011980135900109
B1207535156666N00229658WA011980135900110
B1207545156651N00229666WA011990136100110
B1207555156639N00229682WA012010136300110
LFLA12075603srrulqkpx#]b%c
B1207565156632N00229701WA012030136600110
B1207575156630N00229721WA012050136800110
B1207585156632N00229740WA012070136900110
B1207595156638N00229756WA012090137000109
F12075901030406171911283109
B1208005156648N00229767WA012090137100110
B1208015156659N00229771WA012100137100110
B1208025156672N00229768WA012110137200108
B1208035156684N00229759WA012110137300110
B1208045156694N00229743WA012110137300110
B1208055156702N00229722WA012120137200110
B1208065156705N00229697WA012110137100110
B1208075156705N00229670WA012100137000110
B1208085156701N00229644WA012090136900109
B1208095156691N00229620WA012090136800109
B1208105156679N00229599WA012080136900108
B1208115156663N00229585WA012080136800110
B1208125156646N00229576WA012060136700110
B1208135156629N00229574WA012050136600110
B1208145156612N00229579WA012050136700110
B1208155156596N00229589WA012070136900110
B1208165156581N00229602WA012100137300110
B1208175156569N00229616WA012100137600110
B1208185156560N00229633WA012140137700110
B1208195156556N00229653WA012160137800110
B1208205156556N00229672WA012170137900110
B1208215156561N00229690WA012170138000109
B1208225156569N00229703WA012180138100109
B1208235156581N00229710WA012190138100110
B1208245156593N00229708WA012190138200109
B1208255156605N00229698WA012200138200110
B1208265156615N00229681WA012210138200109
B1208275156621N00229658WA012210138200110
B1208285156624N00229632WA012210138200110
B1208295156623N00229604WA012200138200110
B1208305156617N00229577WA012200138300110
B1208315156608N00229551WA012210138400109
B1208325156597N00229530WA012220138600109
B1208335156583N00229512WA012230138700109
B1208345156567N00229498WA012260138800110
B1208355156550N00229489WA012260138800110
B1208365156533N00229486WA012270138700110
B1208375156517N00229490WA012250138700110
B1208385156503N00229500WA012270138700110
B1208395156492N00229515WA012260138700110
B1208405156484N00229533WA012260138600110
B1208415156480N00229553WA012260138600110
B1208425156480N00229573WA012250138700110
B1208435156483N00229591WA012250138700110
B1208445156490N00229607WA012260138700108
B1208455156499N00229618WA012270138800110
B1208465156510N00229625WA012270138800110
B1208475156522N00229628WA012270138900110
B1208485156535N00229625WA012280139000110
B1208495156547N00229617WA012300139200110
B1208505156558N00229604WA012310139400110
B1208515156567N00229587WA012330139600110
B1208525156576N00229568WA012340139600110
B1208535156583N00229548WA012350139700110
B1208545156591N00229528WA012350139700110
B1208555156598N00229508WA012350139700110
LFLA12085603srrupmolt%_h#i
B1208565156605N00229487WA012350139800110
B1208575156611N00229467WA012360139900110
B1208585156616N00229446WA012370140000110
B1208595156621N00229426WA012390140100110
B1209005156625N00229405WA012380140100110
B1209015156629N00229384WA012380140000110
B1209025156632N00229362WA012380139800110
B1209035156634N00229340WA012360139600110
B1209045156636N00229317WA012330139400110
B1209055156638N00229294WA012310139100110
B1209065156640N00229270WA012290138900110
B1209075156642N00229245WA012260138600110
B1209085156644N00229221WA012260138400110
B1209095156646N00229197WA012240138200110
B1209105156651N00229175WA012210137900110
B1209115156658N00229154WA012190137700110
B1209125156666N00229137WA012170137500110
B1209135156677N00229123WA012140137400110
B1209145156688N00229114WA012130137300110
B1209155156700N00229108WA012130137200110
B1209165156711N00229105WA012120137100110
B1209175156723N00229105WA012100136900110
B1209185156735N00229107WA012080136700110
B1209195156747N00229108WA012050136500110
B1209205156759N00229109WA012030136300110
B1209215156771N00229109WA012020136100110
B1209225156784N00229107WA012020135900110
B1209235156797N00229104WA012010135800109
B1209245156809N00229100WA011990135700110
B1209255156822N00229095WA011970135400110
B1209265156835N00229089WA011950135200110
B1209275156848N00229082WA011930135000110
B1209285156861N00229074WA011910134800110
B1209295156875N00229065WA011890134600110
B1209305156889N00229055WA011860134500110
B1209315156902N00229045WA011850134300110
B1209325156916N00229035WA011850134300110
B1209335156930N00229024WA011840134200110
B1209345156944N00229014WA011840134200110
B1209355156957N00229002WA011840134100110
B1209365156971N00228991WA011820133900110
B1209375156984N00228980WA011810133800110
B1209385156998N00228968WA011790133700110
B1209395157011N00228957WA011770133500110
B1209405157025N00228945WA011760133300110
B1209415157038N00228934WA011730133200110
B1209425157051N00228922WA011730133000109
B1209435157064N00228911WA011710132900110
B1209445157077N00228902WA011690132700110
B1209455157091N00228893WA011670132600110
B1209465157104N00228887WA011650132400110
B1209475157118N00228881WA011650132300110
B1209485157132N00228878WA011650132300110
B1209495157146N00228875WA011640132300110
B1209505157159N00228873WA011650132400110
B1209515157172N00228871WA011650132400110
B1209525157185N00228869WA011650132300110
B1209535157198N00228866WA011640132200110
B1209545157211N00228864WA011640132100110
B1209555157224N00228862WA011620132000110
LFLA12095603srurknlow#]b%c
B1209565157237N00228859WA011610131900110
B1209575157250N00228857WA011590131800110
B1209585157264N00228855WA011580131500110
B1209595157277N00228853WA011550131100110
B1210005157291N00228851WA011550130900110
B1210015157305N00228850WA011520130600110
B1210025157319N00228849WA011490130300110
B1210035157334N00228847WA011460129900110
B1210045157348N00228845WA011410129700110
B1210055157363N00228843WA011390129400110
B1210065157378N00228840WA011370129200110
LFLA121007AZNSTAT 0 0
B1210075157394N00228837WA011350129100110
B1210085157409N00228834WA011320128900110
B1210095157424N00228832WA011300128700110
B1210105157439N00228831WA011290128700110
B1210115157454N00228832WA011290128800110
B1210125157469N00228835WA011300128800110
B1210135157483N00228839WA011300128800110
B1210145157497N00228844WA011300128900110
B1210155157511N00228850WA011300128900110
B1210165157524N00228855WA011310129000110
B1210175157538N00228861WA011310129100110
B1210185157551N00228867WA011320129300110
B1210195157563N00228872WA011350129700110
B1210205157575N00228877WA011390129900110
B1210215157587N00228882WA011400129900110
B1210225157599N00228886WA011400129900110
B1210235157610N00228890WA011400129900110
B1210245157622N00228895WA011400129800110
B1210255157633N00228900WA011390129800110
B1210265157645N00228905WA011390129700110
B1210275157656N00228910WA011380129600110
B1210285157668N00228915WA011370129600110
B1210295157679N00228921WA011370129600110
B1210305157689N00228927WA011370129700110
B1210315157700N00228933WA011380129800110
B1210325157710N00228939WA011380129900110
B1210335157720N00228945WA011400130100110
B1210345157730N00228951WA011410130300110
B1210355157740N00228957WA011450130600110
B1210365157749N00228962WA011480130900110
B1210375157759N00228967WA011500131000110
B1210385157768N00228970WA011490130900110
B1210395157778N00228973WA011490130600110
B1210405157789N00228974WA011470130200110
B1210415157800N00228974WA011420129800110
B1210425157813N00228973WA011390129600110
B1210435157826N00228971WA011380129700109
B1210445157838N00228968WA011380129900110
B1210455157851N00228964WA011410130300110
B1210465157863N00228961WA011460130800110
B1210475157875N00228959WA011520131100110
B1210485157886N00228964WA011540131400110
B1210495157895N00228974WA011570131700110
B1210505157902N00228990WA011600132000110
B1210515157904N00229010WA011620132200110
B1210525157903N00229031WA011620132400110
B1210535157896N00229052WA011650132600110
B1210545157885N00229070WA011660132700110
B1210555157871N00229083WA011680132800110
LFLA12105603srurgbhc[xynro
B1210565157854N00229089WA011690132900110
B1210575157837N00229086WA011700132900110
LFLA121057RFC 15319 35559 464 0 0
B1210585157821N00229077WA011700132900109
B1210595157807N00229061WA011700132900110
B1211005157796N00229039WA011700132800110
B1211015157790N00229014WA011690132700110
B1211025157789N00228988WA011680132600110
B1211035157792N00228964WA011680132500110
LFLA12110402_=>QLaAyXrlAoACGW%EaeuZqhqgp
B1211045157799N00228943WA011680132600110
B1211055157809N00228927WA011680133000110
B1211065157819N00228916WA011720133800110
B1211075157829N00228909WA011790134500110
B1211085157839N00228907WA011880135000109
LFLA12110902_=>QLKyA%=CXfXx@Ph;gZjev`y`w
B1211095157848N00228912WA011920135200110
B1211105157855N00228921WA011940135200109
B1211115157859N00228937WA011940135000110
B1211125157859N00228956WA011930134900110
B1211135157853N00228976WA011910134800110
B1211145157843N00228995WA011910134900110
B1211155157830N00229010WA011930135000110
B1211165157814N00229018WA011930135200109
B1211175157796N00229019WA011950135300110
B1211185157779N00229013WA011950135300110
B1211195157763N00229001WA011950135400110
B1211205157750N00228983WA011960135400109
B1211215157741N00228960WA011960135400110
B1211225157736N00228935WA011970135500110
B1211235157735N00228910WA011970135500110
B1211245157738N00228887WA011970135500110
B1211255157745N00228868WA011990135700110
B1211265157754N00228854WA012020136100110
LFLA12112702_=>QLYfNdD:hYgZcsqRniy%mdmcl
B1211275157764N00228844WA012070136700110
B1211285157773N00228836WA012140137200109
B1211295157782N00228833WA012160137500110
B1211305157790N00228835WA012160137500110
B1211315157797N00228843WA012170137300110
LFLA12113202_=>QL%NfiI?KZLx:JSpT;KDWAXAV
B1211325157803N00228857WA012170137100110
B1211335157806N00228874WA012160136900110
B1211345157804N00228893WA012140136400110
B1211355157797N00228913WA012140136300110
B1211365157786N00228932WA012160136500110
B1211375157772N00228947WA012200137000110
B1211385157756N00228955WA012240137500110
B1211395157739N00228958WA012280137700110
B1211405157722N00228955WA012300137800110
B1211415157705N00228947WA012290137700110
B1211425157690N00228932WA012280137600110
B1211435157678N00228911WA012280137500110
B1211445157670N00228887WA012260137600110
B1211455157667N00228860WA012250137700110
B1211465157668N00228836WA012270137800110
B1211475157675N00228815WA012280138100110
B1211485157684N00228801WA012310138500110
B1211495157694N00228793WA012350138800110
B1211505157705N00228791WA012380139100110
LFLA12115102_=>QLSVU>h%O_Q`XHF]IQAVELEKD
B1211515157714N00228795WA012410139300110
B1211525157722N00228806WA012420139400109
B1211535157727N00228822WA012440139500109
LFLA12115402_=>QLFHCkUKfVh[=MwMyaqfu[r[t
B1211545157728N00228841WA012450139600109
B1211555157726N00228863WA012460139800109
LFLA12115603srrujomnv[Zead
B1211565157719N00228883WA012460140100110
B1211575157709N00228902WA012490140300110
B1211585157695N00228914WA012510140600110
B1211595157678N00228921WA012520140700110
B1212005157661N00228920WA012530140700110
B1212015157644N00228912WA012530140600110
B1212025157629N00228897WA012530140600110
B1212035157617N00228876WA012520140600110
B1212045157610N00228851WA012530140600110
B1212055157608N00228825WA012520140600110
B1212065157611N00228802WA012540140700110
B1212075157618N00228784WA012550140900110
B1212085157628N00228772WA012550141000110
B1212095157640N00228768WA012570141100110
B1212105157651N00228772WA012580141100110
B1212115157660N00228784WA012580141100109
B1212125157665N00228802WA012590141200109
B1212135157665N00228825WA012590141300110
B1212145157660N00228847WA012600141600110
B1212155157651N00228867WA012620141900110
B1212165157638N00228883WA012660142200110
B1212175157622N00228893WA012680142300110
B1212185157605N00228896WA012690142300110
LFLA12121902_=>QLiwtFSMUeSWHXF]IVFQ:S:T;
B1212195157588N00228892WA012690142300110
B1212205157572N00228880WA012690142400110
B1212215157560N00228862WA012690142400109
LFLA12122202_=>QLSBIctjAj<bm]xKwhx_lbkbm
B1212225157551N00228839WA012690142400110
B1212235157547N00228814WA012690142300110
B1212245157547N00228790WA012680142200110
B1212255157552N00228769WA012680142300110
B1212265157561N00228753WA012690142400110
B1212275157571N00228743WA012690142600110
B1212285157581N00228738WA012710142700110
B1212295157593N00228737WA012730142800110
B1212305157604N00228739WA012740142900110
B1212315157615N00228742WA012750143100110
B1212325157626N00228745WA012780143400109
B1212335157637N00228748WA012810143900109
B1212345157647N00228750WA012810144400109
B1212355157657N00228751WA012860144900109
B1212365157666N00228752WA012900145100109
B1212375157676N00228753WA012930145300109
LFLA12123802_=>QLkgdFKUUfXIqajWkhx_lelbm
B1212385157685N00228754WA012950145400109
B1212395157694N00228755WA012950145400109
B1212405157703N00228756WA012950145100109
LFLA12124102_=>QLV;@lb#uFx>vf[FZyin]sZs#
B1212415157713N00228757WA012930144900109
B1212425157724N00228757WA012900144600109
B1212435157736N00228758WA012870144400109
B1212445157747N00228758WA012860144400109
B1212455157759N00228757WA012870144400109
B1212465157771N00228757WA012860144300109
B1212475157782N00228759WA012860144000109
B1212485157793N00228762WA012840143900109
B1212495157804N00228766WA012810143700109
B1212505157815N00228771WA012790143500109
B1212515157826N00228777WA012770143300109
B1212525157837N00228784WA012740143000109
B1212535157849N00228791WA012710142800109
B1212545157860N00228798WA012700142600109
B1212555157872N00228805WA012670142400109
LFLA12125603srurgbhc[yxosn
B1212565157884N00228811WA012640142100109
B1212575157897N00228817WA012620141800109
B1212585157910N00228822WA012590141600109
B1212595157923N00228826WA012560141400109
F121259010304061719113109
B1213005157937N00228830WA012550141300109
B1213015157951N00228833WA012550141200109
B1213025157965N00228835WA012540141000109
B1213035157979N00228837WA012520141000109
B1213045157994N00228837WA012520140900109
B1213055158008N00228837WA012510140900109
B1213065158022N00228836WA012510140700109
B1213075158036N00228834WA012490140600109
LFLA12130802_=>QLvaZQLRUfX_dt_q%p`wdmdje
B1213085158051N00228831WA012470140500109
B1213095158065N00228828WA012470140500108
B1213105158079N00228825WA012470140400108
LFLA12131102_=>QL_xs@>HIrDSQASERDT;PFOFQ
B1213115158094N00228820WA012450140300108
B1213125158108N00228815WA012440140200109
B1213135158122N00228809WA012440140000109
B1213145158135N00228801WA012420139900109
B1213155158149N00228794WA012410139800109
B1213165158163N00228786WA012390139700109
B1213175158177N00228778WA012390139600109
B1213185158190N00228771WA012380139500109
B1213195158204N00228764WA012370139300109
B1213205158217N00228757WA012350139100109
B1213215158231N00228749WA012330139000109
B1213225158244N00228742WA012310138800109
B1213235158257N00228735WA012290138600109
B1213245158271N00228728WA012280138600109
B1213255158284N00228721WA012270138600109
B1213265158297N00228714WA012270138600109
B1213275158310N00228708WA012280138600109
B1213285158323N00228702WA012280138600109
B1213295158336N00228695WA012270138500109
B1213305158349N00228688WA012260138300109
B1213315158362N00228681WA012250138100109
B1213325158375N00228675WA012220137800109
B1213335158389N00228668WA012200137600109
B1213345158402N00228661WA012180137500109
B1213355158415N00228654WA012170137400109
B1213365158428N00228646WA012160137300109
B1213375158441N00228638WA012140137200109
B1213385158454N00228630WA012130137000109
B1213395158467N00228621WA012130136800109
B1213405158479N00228612WA012110136600109
B1213415158492N00228603WA012090136500109
B1213425158505N00228593WA012070136300109
B1213435158518N00228584WA012050136200109
B1213445158531N00228575WA012040136200109
B1213455158544N00228566WA012040136300109
B1213465158557N00228556WA012050136500109
B1213475158569N00228547WA012070136600109
B1213485158582N00228537WA012080136600109
B1213495158594N00228527WA012080136400109
B1213505158607N00228517WA012060136300109
B1213515158619N00228506WA012040136300109
B1213525158632N00228495WA012040136200109
LFLA12135302_=>QLdjqX%KsHvMRBK=Jq`wdmdje
B1213535158645N00228484WA012040136200109
B1213545158658N00228472WA012030136200109
B1213555158671N00228461WA012040136300109
LFLA12135602_=>QLwaZ>vCYbTC<L@NAZkdwaxav
LFLA12135603srurfcibZxynro
B1213565158684N00228449WA012050136300109
B1213575158697N00228436WA012050136400109
B1213585158710N00228424WA012060136700109
B1213595158722N00228413WA012090137000109
B1214005158733N00228402WA012120137200108
B1214015158744N00228392WA012130137400108
B1214025158754N00228381WA012140137400108
B1214035158765N00228371WA012140137300108
B1214045158776N00228360WA012130137200109
B1214055158786N00228349WA012130137100109
B1214065158797N00228338WA012120136900109
B1214075158809N00228327WA012110136900108
B1214085158820N00228316WA012100137000108
B1214095158831N00228305WA012120137400108
B1214105158842N00228294WA012160137800108
B1214115158852N00228284WA012210138100108
LFLA12141202_=>QLbtwdDyIrDwp`B_C;PGT=T:U
B1214125158862N00228274WA012220138300108
B1214135158872N00228264WA012250138500109
B1214145158881N00228255WA012270138700109
B1214155158890N00228245WA012280138900109
B1214165158900N00228236WA012300139000108
B1214175158909N00228226WA012300139000108
B1214185158918N00228217WA012300138900108
B1214195158927N00228207WA012290138800108
B1214205158937N00228198WA012280138600108
B1214215158947N00228189WA012270138500108
B1214225158957N00228180WA012260138400109
LFLA121423AZNSTAT 0 0
B1214235158967N00228171WA012240138300109
B1214245158977N00228161WA012240138300108
B1214255158987N00228151WA012230138200108
B1214265158997N00228142WA012230138200108
B1214275159007N00228134WA012230138200108
B1214285159016N00228125WA012220138100108
LFLA12142902_=>QL>JQPm@CsEXO?c>bp]riofoh
B1214295159026N00228117WA012210138100109
B1214305159036N00228109WA012210137900109
B1214315159046N00228101WA012200137800108
B1214325159056N00228093WA012180137600108
B1214335159066N00228085WA012170137500108
B1214345159076N00228076WA012160137400108
B1214355159087N00228068WA012140137200109
B1214365159098N00228060WA012130137100108
B1214375159109N00228052WA012120137000108
B1214385159120N00228044WA012110136900108
LFLA12143902_=>QLcxsLvCj:lMYI]H#pavelekd
B1214395159131N00228036WA012090136700108
B1214405159143N00228028WA012070136600108
B1214415159154N00228019WA012060136400108
B1214425159165N00228010WA012060136200108
B1214435159177N00228000WA012040135900108
B1214445159188N00227990WA012010135400108
B1214455159200N00227978WA011950134800109
B1214465159212N00227966WA011890134100109
B1214475159224N00227954WA011820133400109
B1214485159237N00227940WA011750132800109
B1214495159251N00227925WA011690132400109
B1214505159264N00227910WA011660132100109
B1214515159278N00227895WA011640132000109
B1214525159291N00227880WA011630131900108
B1214535159303N00227865WA011620131900108
B1214545159316N00227850WA011620131900108
B1214555159328N00227834WA011620131800108
LFLA12145603srurknlowmlsor
B1214565159339N00227818WA011610131800108
B1214575159351N00227802WA011610131700109
B1214585159363N00227785WA011610131700109
B1214595159374N00227769WA011610131800109
B1215005159386N00227754WA011620132000109
B1215015159397N00227739WA011630132000109
B1215025159408N00227724WA011630132000109
B1215035159419N00227709WA011630132000109
B1215045159430N00227694WA011620131900108
B1215055159441N00227679WA011610131800108
B1215065159452N00227664WA011590131600108
B1215075159464N00227649WA011590131400108
LFLA12150802_=>QL#]%wP]@n@KRBUCTj[tgqhqf
B1215085159475N00227633WA011580131200108
B1215095159486N00227617WA011550131000108
B1215105159498N00227601WA011530130800108
B1215115159509N00227585WA011500130600108
B1215125159521N00227569WA011480130400108
B1215135159532N00227553WA011470130400109
LFLA121513RFC 15831 35615 464 0 0
B1215145159544N00227537WA011470130300109
B1215155159556N00227520WA011460130100109
B1215165159568N00227504WA011440130000109
B1215175159580N00227487WA011420129800109
B1215185159592N00227470WA011390129600109
B1215195159605N00227453WA011380129400109
B1215205159617N00227436WA011380129200109
B1215215159629N00227418WA011340129000109
B1215225159641N00227401WA011320128800108
B1215235159654N00227384WA011300128700108
B1215245159666N00227366WA011290128600108
B1215255159678N00227348WA011290128600109
B1215265159690N00227330WA011280128500109
B1215275159703N00227311WA011280128600109
B1215285159714N00227293WA011290128700109
LFLA12152902_=>QLTZRbwB%Q_WN>N@OM@WDMDJE
B1215295159726N00227274WA011290128800109
B1215305159737N00227256WA011300129000109
B1215315159748N00227238WA011330129100109
B1215325159759N00227219WA011340129300109
LFLA12153302_=>QLs=u=K%;l:>FVIWHYDK@V?VA
B1215335159770N00227201WA011340129400109
B1215345159781N00227183WA011360129600109
B1215355159791N00227166WA011390129900109
B1215365159801N00227148WA011410130300109
B1215375159811N00227131WA011450130600109
B1215385159820N00227114WA011490131000109
B1215395159828N00227097WA011510131100109
B1215405159837N00227080WA011520131100109
B1215415159846N00227063WA011520131100109
B1215425159855N00227046WA011520131000109
B1215435159864N00227029WA011520131000109
B1215445159873N00227012WA011520131000110
B1215455159882N00226995WA011520131000110
B1215465159891N00226979WA011520131100110
B1215475159900N00226962WA011530131200110
B1215485159909N00226946WA011530131200110
B1215495159918N00226929WA011540131300110
LFLA12155002B;>QLmNM@tIDsEf%n_q%o[tgngqf
B1215505159927N00226913WA011540131300110
B1215515159936N00226896WA011560131400110
B1215525159945N00226880WA011560131400110
B1215535159954N00226863WA011570131500110
B1215545159964N00226846WA011570131500110
LFLA12155502B;>QLEfe?tIWhVB:JxMyey%mcjcl
B1215555159973N00226830WA011570131500110
LFLA12155603srurqlnmu`afZg
B1215565159983N00226814WA011570131400110
B1215575159993N00226797WA011570131400110
B1215585200002N00226781WA011570131400110
B1215595200012N00226764WA011570131400110
B1216005200022N00226748WA011560131300110
B1216015200032N00226731WA011550131200110
B1216025200042N00226715WA011540131300110
B1216035200051N00226698WA011550131300110
B1216045200061N00226682WA011550131300110
B1216055200071N00226666WA011540131200110
B1216065200080N00226650WA011540131100110
B1216075200089N00226634WA011520130900110
B1216085200098N00226618WA011500130700110
B1216095200107N00226601WA011490130500110
B1216105200116N00226585WA011460130200110
B1216115200124N00226567WA011460129800110
B1216125200133N00226549WA011420129500110
B1216135200142N00226530WA011380129100110
B1216145200151N00226510WA011340128800110
B1216155200160N00226490WA011300128400109
LFLA12161602B;>QLARYOaLsorfeugyfMAVELEKD
B1216165200169N00226470WA011270128100109
B1216175200178N00226449WA011240127900109
B1216185200186N00226428WA011220127700109
LFLA12161902B;>QLOEFM[NnroHCSIWHk_xcmdmb
B1216195200195N00226406WA011200127600109
B1216205200203N00226385WA011180127400109
B1216215200211N00226363WA011170127300109
B1216225200220N00226341WA011170127400109
B1216235200227N00226319WA011170127500109
B1216245200235N00226297WA011170127500109
B1216255200243N00226276WA011180127500109
B1216265200251N00226254WA011180127400109
B1216275200258N00226233WA011170127300109
B1216285200267N00226212WA011160127100109
B1216295200275N00226190WA011140126900109
B1216305200283N00226167WA011120126700109
B1216315200292N00226144WA011090126500109
B1216325200300N00226120WA011070126300109
B1216335200308N00226095WA011050126200109
B1216345200316N00226069WA011040126100109
B1216355200323N00226044WA011030126000109
B1216365200331N00226017WA011040126100110
B1216375200338N00225991WA011040126400110
B1216385200346N00225965WA011060126600110
B1216395200353N00225940WA011090126900110
B1216405200360N00225918WA011120127500110
B1216415200367N00225897WA011180128100110
B1216425200373N00225878WA011240128400110
B1216435200379N00225860WA011260128400110
B1216445200385N00225841WA011260128300110
B1216455200391N00225822WA011230128100110
B1216465200397N00225803WA011220127800110
B1216475200403N00225783WA011190127600110
B1216485200410N00225762WA011170127400110
B1216495200418N00225741WA011150127200110
B1216505200425N00225720WA011150126900110
B1216515200433N00225698WA011110126600109
B1216525200441N00225676WA011090126400109
B1216535200449N00225653WA011070126200109
B1216545200457N00225630WA011040126000109
B1216555200465N00225606WA011030125800109
LFLA12165603srurojpks%_h#i
B1216565200473N00225582WA011010125600109
B1216575200481N00225557WA010990125500109
B1216585200489N00225533WA010980125500109
B1216595200497N00225508WA010990125600109
B1217005200504N00225484WA011000125700109
B1217015200512N00225461WA011000125800109
B1217025200519N00225437WA011010125800109
B1217035200526N00225414WA011010125700109
B1217045200533N00225392WA011000125400110
B1217055200540N00225369WA010980125100110
B1217065200547N00225346WA010940124800109
B1217075200555N00225323WA010900124600109
B1217085200563N00225300WA010880124500109
B1217095200572N00225278WA010870124200109
B1217105200581N00225256WA010840124000109
B1217115200591N00225235WA010810123700109
B1217125200601N00225214WA010780123500109
B1217135200612N00225194WA010770123500109
B1217145200623N00225175WA010780123600109
B1217155200634N00225156WA010780123600110
B1217165200645N00225138WA010780123700110
B1217175200656N00225120WA010780123600110
B1217185200667N00225102WA010780123500110
B1217195200678N00225084WA010770123200110
B1217205200689N00225065WA010730122900110
B1217215200700N00225046WA010700122500110
B1217225200711N00225026WA010670122200110
B1217235200722N00225005WA010630121800110
B1217245200733N00224984WA010610121500110
B1217255200744N00224963WA010570121400110
B1217265200755N00224941WA010570121400110
B1217275200766N00224920WA010580121400110
B1217285200777N00224899WA010580121600110
B1217295200788N00224877WA010580121600110
B1217305200799N00224856WA010600121700110
B1217315200809N00224835WA010600121800110
B1217325200820N00224815WA010610121800109
B1217335200830N00224793WA010610121900109
B1217345200840N00224772WA010620121900109
B1217355200850N00224751WA010630122100110
B1217365200859N00224730WA010650122500110
B1217375200869N00224710WA010680122800110
B1217385200878N00224689WA010720123300110
B1217395200886N00224670WA010780123900110
B1217405200894N00224651WA010850124400110
B1217415200900N00224631WA010890124500109
B1217425200904N00224608WA010890124600110
B1217435200903N00224584WA010890124600109
B1217445200896N00224561WA010890124600110
B1217455200886N00224541WA010890124600110
B1217465200872N00224526WA010890124600110
B1217475200856N00224518WA010890124500110
B1217485200840N00224517WA010880124500110
B1217495200824N00224524WA010870124400110
B1217505200811N00224537WA010870124400110
B1217515200801N00224556WA010870124500110
LFLA12175202B;>QLjryHeXd%c#BRDTChuZqhqgp
B1217525200795N00224578WA010880124700110
B1217535200794N00224601WA010900124900109
B1217545200797N00224622WA010930125200110
B1217555200803N00224641WA010930125400110
LFLA12175603srrufcibZPPWKV
B1217565200812N00224657WA010960125500109
B1217575200822N00224670WA010970125600109
B1217585200833N00224680WA010980125700110
LFLA12175902B;>QLSJQIq<ac%NbrP?Pdy%mcjcl
B1217595200845N00224689WA010990125800110
F121759010304061719113109
B1218005200857N00224694WA011010126000109
LFLA12180102B;>QLF?<%Vc<F;qHXq%q=PGT=T:U
B1218015200870N00224693WA011030126200109
B1218025200882N00224686WA011050126400108
B1218035200893N00224672WA011070126600109
B1218045200900N00224654WA011070126600110
B1218055200903N00224631WA011070126500110
B1218065200902N00224607WA011060126500109
LFLA12180702B;>QL]nmOfS;I<qqagwhalcx%w%y
B1218075200896N00224583WA011060126400110
B1218085200885N00224563WA011060126400110
B1218095200872N00224548WA011060126500110
B1218105200856N00224538WA011060126600110
B1218115200839N00224535WA011070126500110
B1218125200823N00224538WA011070126500109
B1218135200807N00224547WA011070126600109
B1218145200793N00224561WA011070126700109
LFLA12181502eSVIDh;sfSfe`eWm]#l[Q@WDMDJE
LFLA12181502B;>QLy[`IlACADvL<=M:tin]t]s#
B1218155200782N00224579WA011080126800110
LFLA12181602nTYFC`[SU:D=F;`DTAQ>=MBY@Y?X
LFLA12181602_=>QLJ`XOsGwmxSo_rbuuejaxaw`
B1218165200774N00224599WA011090126800110
B1218175200770N00224622WA011110127000110
LFLA12181802B;>QL#wtpBwE@EqJ:=M:tin]sZs#
B1218185200770N00224645WA011130127200110
LFLA12181902B;>QLKGDiK%hZgoK;>NAp]ripioh
B1218195200775N00224665WA011140127300110
B1218205200784N00224681WA011140127400110
B1218215200795N00224691WA011140127400109
B1218225200808N00224694WA011150127500109
LFLA12182302eSVIDOt<HxETQTK`pFVIrcl_y`y%
B1218235200822N00224691WA011160127600109
B1218245200834N00224681WA011180127900109
B1218255200844N00224667WA011210128300110
B1218265200854N00224651WA011250128600110
B1218275200862N00224635WA011270128700110
B1218285200870N00224618WA011280128900110
B1218295200878N00224601WA011300128900110
B1218305200886N00224583WA011290128800110
B1218315200893N00224564WA011290128800110
B1218325200901N00224546WA011280128800109
B1218335200908N00224527WA011280128700109
B1218345200916N00224508WA011280128600109
B1218355200923N00224489WA011270128500109
B1218365200930N00224468WA011260128400109
B1218375200938N00224447WA011250128300109
B1218385200945N00224425WA011240128300109
LFLA121839AZNSTAT 0 0
B1218395200952N00224404WA011250128400109
B1218405200960N00224382WA011260128700109
B1218415200966N00224361WA011290128900109
B1218425200972N00224339WA011320129000109
LFLA12184302nTYFCFAykwqVLYHEUP>Q>NIR;R<S
B1218435200977N00224317WA011310129000109
B1218445200981N00224294WA011310128900110
B1218455200984N00224271WA011300128900110
LFLA12184602nTYFCbZRslrg]hvyiYGXGW@KELEJ
B1218465200986N00224247WA011300128900110
B1218475200988N00224222WA011310129000110
B1218485200990N00224198WA011310129000110
B1218495200991N00224175WA011320129000110
B1218505200993N00224151WA011320129000110
B1218515200994N00224127WA011310128900110
B1218525200995N00224103WA011300128800110
B1218535200995N00224079WA011290128600110
B1218545200995N00224055WA011260128400110
B1218555200995N00224030WA011240128200110
LFLA12185603srurjomnv]#c_b
B1218565200994N00224004WA011220128000110
B1218575200993N00223979WA011210127900110
B1218585200992N00223953WA011200127800110
B1218595200991N00223926WA011200127700110
B1219005200990N00223900WA011180127500110
B1219015200989N00223874WA011160127300110
B1219025200988N00223848WA011140127000110
B1219035200987N00223821WA011110126700110
B1219045200986N00223794WA011080126400110
B1219055200986N00223768WA011060126300110
B1219065200988N00223742WA011040126100110
B1219075200991N00223717WA011030126000110
B1219085200995N00223694WA011010125800110
B1219095201001N00223672WA010990125700110
B1219105201009N00223654WA010980125500110
B1219115201018N00223639WA010940125100109
B1219125201029N00223626WA010940124600110
B1219135201042N00223618WA010890124100109
B1219145201055N00223613WA010830123600109
B1219155201070N00223611WA010790123300110
B1219165201084N00223610WA010750123200109
B1219175201099N00223608WA010730123200109
B1219185201113N00223606WA010730123200109
B1219195201127N00223604WA010740123300110
B1219205201141N00223601WA010730123200110
B1219215201155N00223599WA010720123100110
B1219225201170N00223595WA010710122800110
B1219235201184N00223591WA010680122600110
B1219245201198N00223587WA010660122200110
B1219255201212N00223582WA010660121900110
B1219265201227N00223575WA010620121500110
B1219275201241N00223567WA010580121200110
B1219285201254N00223556WA010540120900109
B1219295201268N00223543WA010510120700108
LFLA121929RFC 16343 35655 465 0 0
B1219305201280N00223527WA010480120500109
B1219315201292N00223509WA010480120300110
B1219325201303N00223489WA010450120200110
B1219335201313N00223468WA010440120100109
B1219345201321N00223446WA010430120000109
B1219355201329N00223423WA010420120000109
B1219365201336N00223400WA010420120000109
B1219375201342N00223377WA010420120000109
B1219385201348N00223353WA010410120100109
B1219395201353N00223328WA010420120200110
B1219405201357N00223304WA010430120100110
B1219415201362N00223278WA010430120000110
B1219425201366N00223253WA010420120000110
B1219435201371N00223227WA010420120300110
B1219445201374N00223202WA010460120800110
B1219455201378N00223179WA010530121300110
B1219465201380N00223155WA010570121600110
B1219475201383N00223132WA010600121900110
B1219485201386N00223109WA010630122000110
B1219495201388N00223085WA010630122100110
B1219505201391N00223062WA010630122100110
B1219515201393N00223037WA010640122200110
B1219525201395N00223013WA010640122300110
B1219535201396N00222988WA010650122500110
B1219545201398N00222964WA010670122800110
B1219555201400N00222941WA010710123100110
LFLA12195603srurlqkpx[Zead
B1219565201406N00222921WA010740123300110
B1219575201415N00222907WA010760123500110
B1219585201426N00222901WA010780123800110
B1219595201438N00222904WA010800124000110
B1220005201448N00222914WA010830124100110
B1220015201456N00222931WA010840124200110
B1220025201460N00222952WA010840124200110
B1220035201459N00222975WA010840124200110
B1220045201454N00222998WA010850124200110
B1220055201445N00223018WA010850124300110
B1220065201433N00223034WA010860124400110
B1220075201419N00223045WA010860124400110
B1220085201403N00223051WA010860124300110
B1220095201387N00223049WA010850124300110
B1220105201371N00223041WA010850124300110
B1220115201358N00223026WA010850124300110
B1220125201349N00223006WA010860124300110
B1220135201343N00222983WA010860124300110
B1220145201342N00222960WA010860124300110
B1220155201345N00222938WA010880124400110
B1220165201351N00222918WA010880124600110
B1220175201358N00222902WA010890124800110
B1220185201367N00222889WA010920125000110
B1220195201378N00222882WA010930125100110
B1220205201390N00222881WA010940125100110
B1220215201401N00222887WA010950125200110
B1220225201411N00222899WA010960125300110
B1220235201419N00222916WA010970125300110
B1220245201423N00222937WA010980125400110
B1220255201423N00222959WA010990125500110
B1220265201420N00222982WA011000125600110
B1220275201412N00223002WA011000125600110
B1220285201402N00223019WA010990125400110
B1220295201388N00223031WA010990125300110
B1220305201373N00223038WA010980125100110
B1220315201358N00223038WA010950124900110
B1220325201342N00223031WA010940124800110
B1220335201328N00223018WA010910124700110
B1220345201317N00223000WA010910124700110
B1220355201310N00222979WA010900124700110
B1220365201306N00222956WA010910124700110
B1220375201305N00222934WA010920124900110
B1220385201308N00222913WA010940125100110
B1220395201312N00222893WA010970125300110
B1220405201317N00222875WA011000125700110
B1220415201322N00222858WA011030126100110
B1220425201328N00222842WA011030126300110
B1220435201334N00222826WA011060126300109
B1220445201341N00222811WA011070126200109
B1220455201348N00222795WA011060126100109
B1220465201356N00222780WA011050126100109
B1220475201365N00222764WA011050126100109
B1220485201373N00222749WA011050126200109
B1220495201382N00222734WA011060126300109
B1220505201390N00222719WA011060126300109
B1220515201399N00222704WA011070126300109
B1220525201407N00222689WA011070126400109
B1220535201416N00222674WA011070126400109
B1220545201424N00222659WA011080126400109
B1220555201433N00222644WA011080126400109
LFLA12205603srurojpks`afZg
B1220565201441N00222627WA011080126400109
B1220575201448N00222611WA011070126400109
B1220585201456N00222594WA011080126400109
B1220595201463N00222577WA011070126300109
B1221005201471N00222559WA011070126400109
B1221015201477N00222541WA011070126200110
B1221025201484N00222522WA011040125700110
B1221035201490N00222503WA010990125100110
B1221045201497N00222483WA010920124600110
B1221055201504N00222462WA010860124100109
B1221065201510N00222440WA010790123600109
B1221075201516N00222418WA010790123000109
B1221085201522N00222393WA010730122400110
B1221095201527N00222368WA010680121900110
B1221105201532N00222341WA010630121400110
B1221115201538N00222313WA010570121000110
B1221125201543N00222286WA010530120600110
B1221135201548N00222257WA010490120300110
B1221145201553N00222229WA010470120100110
B1221155201558N00222200WA010440119900110
B1221165201563N00222172WA010410119600110
B1221175201568N00222144WA010380119500110
B1221185201574N00222116WA010370119400110
B1221195201579N00222088WA010360119400110
B1221205201585N00222061WA010360119500110
B1221215201590N00222034WA010370119500110
B1221225201594N00222008WA010370119500110
B1221235201599N00221983WA010370119600110
B1221245201604N00221958WA010380119500110
B1221255201608N00221934WA010370119400110
B1221265201612N00221909WA010350119100110
B1221275201617N00221884WA010320118800110
B1221285201621N00221858WA010280118500110
B1221295201626N00221832WA010270118300110
B1221305201631N00221806WA010240118100110
B1221315201636N00221779WA010230117900110
B1221325201641N00221752WA010210117800110
B1221335201646N00221724WA010210117600110
B1221345201651N00221697WA010200117400110
B1221355201656N00221670WA010180117300110
B1221365201662N00221643WA010170117200110
B1221375201667N00221615WA010160117100110
B1221385201673N00221588WA010140117100110
B1221395201678N00221561WA010140117000110
B1221405201683N00221533WA010150117000110
B1221415201688N00221506WA010140117100110
B1221425201693N00221478WA010160117300110
B1221435201697N00221452WA010180117500110
B1221445201702N00221426WA010180117400110
B1221455201706N00221400WA010170117400110
B1221465201711N00221374WA010170117400110
B1221475201715N00221348WA010170117400110
B1221485201719N00221322WA010170117500110
B1221495201723N00221296WA010180117500110
B1221505201727N00221270WA010180117500110
B1221515201731N00221244WA010170117300110
B1221525201735N00221218WA010160117200110
B1221535201740N00221192WA010140116900110
B1221545201744N00221166WA010120116700110
B1221555201749N00221139WA010080116400110
LFLA12215603srurpmolt_%i]h
B1221565201753N00221112WA010060116200110
B1221575201757N00221084WA010040116000110
B1221585201762N00221057WA010030115900110
B1221595201767N00221029WA010030115800110
B1222005201771N00221002WA010020115700110
B1222015201776N00220974WA010000115500110
B1222025201780N00220947WA009990115400110
B1222035201785N00220919WA009980115300110
B1222045201790N00220892WA009970115300110
B1222055201794N00220865WA009980115400110
B1222065201798N00220837WA009980115500110
B1222075201802N00220809WA009990115600110
B1222085201806N00220782WA009990115700110
B1222095201809N00220755WA009990115700110
B1222105201813N00220727WA010000115700110
B1222115201816N00220699WA010010115700110
B1222125201819N00220671WA010010115700110
B1222135201823N00220643WA010000115600110
B1222145201826N00220615WA009990115400110
B1222155201829N00220586WA009980115300110
B1222165201831N00220558WA009970115200110
B1222175201834N00220529WA009960115100110
B1222185201837N00220500WA009950115000110
B1222195201839N00220472WA009940115000110
B1222205201841N00220443WA009930114900110
B1222215201843N00220414WA009920114800110
B1222225201844N00220385WA009910114700110
B1222235201846N00220356WA009910114600110
B1222245201848N00220326WA009910114600110
B1222255201849N00220296WA009910114600110
B1222265201851N00220267WA009900114400110
B1222275201853N00220237WA009890114200110
B1222285201856N00220207WA009870113900110
B1222295201859N00220178WA009840113800110
B1222305201863N00220150WA009820113800110
B1222315201867N00220122WA009830114000110
B1222325201872N00220096WA009850114400110
B1222335201876N00220070WA009890114700110
B1222345201880N00220045WA009920114900110
B1222355201884N00220020WA009920114900110
B1222365201888N00219996WA009920115000110
B1222375201891N00219973WA009920115000110
B1222385201895N00219949WA009920115100110
B1222395201899N00219926WA009930115200110
B1222405201902N00219904WA009940115200110
B1222415201906N00219881WA009940115000110
B1222425201910N00219858WA009920114700110
B1222435201914N00219835WA009890114400110
B1222445201918N00219811WA009860114100110
B1222455201923N00219787WA009830113800110
B1222465201927N00219762WA009800113700110
B1222475201932N00219737WA009800113700110
B1222485201937N00219713WA009800113700110
B1222495201942N00219689WA009800113700110
B1222505201947N00219664WA009800113700110
B1222515201952N00219640WA009800113600110
B1222525201958N00219616WA009790113400110
B1222535201963N00219592WA009770113200110
B1222545201968N00219568WA009760113100110
LFLA122255AZNSTAT 0 0
B1222555201973N00219544WA009730112800110
LFLA12225603srurojpks`afZg
B1222565201978N00219519WA009710112600110
B1222575201982N00219494WA009690112200110
B1222585201987N00219468WA009650111900110
B1222595201992N00219442WA009620111700110
F12225901070304061719113109
B1223005201997N00219416WA009620111800110
B1223015202001N00219392WA009650112400110
B1223025202004N00219369WA009700112900110
B1223035202007N00219347WA009700113000110
B1223045202011N00219326WA009730113100110
B1223055202014N00219306WA009730113000110
B1223065202017N00219285WA009720113000110
B1223075202021N00219265WA009720112900110
B1223085202025N00219244WA009720113000110
B1223095202029N00219224WA009730113200110
B1223105202032N00219204WA009750113300110
B1223115202036N00219184WA009760113400110
B1223125202040N00219164WA009760113300110
B1223135202044N00219144WA009740113200110
B1223145202048N00219124WA009730113000110
B1223155202052N00219103WA009700112800110
B1223165202056N00219082WA009700112600110
B1223175202060N00219061WA009690112500110
B1223185202064N00219039WA009670112400110
B1223195202069N00219018WA009660112300110
B1223205202073N00218996WA009650112100110
B1223215202077N00218974WA009630112000110
B1223225202081N00218952WA009610111800110
B1223235202085N00218930WA009600111700110
B1223245202089N00218907WA009590111600110
B1223255202093N00218884WA009580111400110
B1223265202097N00218861WA009560111300110
B1223275202102N00218838WA009550111100110
B1223285202106N00218815WA009530110900110
B1223295202110N00218791WA009530110800110
B1223305202115N00218768WA009520110700110
B1223315202119N00218745WA009510110600110
B1223325202123N00218721WA009500110500110
B1223335202127N00218698WA009490110300110
B1223345202131N00218675WA009470110200110
B1223355202135N00218652WA009450110100110
B1223365202140N00218628WA009450110100110
B1223375202145N00218605WA009440109900110
B1223385202150N00218582WA009430109800110
B1223395202155N00218558WA009410109600110
B1223405202160N00218534WA009390109400110
B1223415202166N00218511WA009380109300110
B1223425202172N00218486WA009380109200110
B1223435202178N00218462WA009360109000110
B1223445202184N00218438WA009350109100110
B1223455202190N00218414WA009350109400109
LFLA122345RFC 16855 35655 465 0 0
B1223465202195N00218392WA009390109800110
B1223475202200N00218371WA009430110200110
B1223485202204N00218350WA009450110300110
B1223495202209N00218330WA009460110200110
B1223505202213N00218310WA009440110000110
B1223515202217N00218289WA009430109800110
B1223525202222N00218268WA009410109600110
B1223535202226N00218248WA009390109400110
B1223545202231N00218228WA009370109200110
B1223555202238N00218209WA009370109000110
LFLA12235603srurqlnmu%_h#i
B1223565202246N00218191WA009350108700110
B1223575202255N00218176WA009320108500110
B1223585202265N00218161WA009290108200110
B1223595202275N00218148WA009250107900110
B1224005202286N00218136WA009220107700110
B1224015202297N00218125WA009200107500110
B1224025202309N00218114WA009180107200109
B1224035202320N00218103WA009150107000109
B1224045202332N00218093WA009130106800109
B1224055202343N00218082WA009120106700110
B1224065202355N00218070WA009110106700110
B1224075202366N00218058WA009110106600110
B1224085202377N00218045WA009110106600110
B1224095202388N00218032WA009100106500109
B1224105202399N00218019WA009090106300110
B1224115202409N00218005WA009080106200110
B1224125202420N00217992WA009060106000110
B1224135202431N00217978WA009050105900110
B1224145202442N00217965WA009040105800110
B1224155202453N00217951WA009030105600110
B1224165202464N00217937WA009020105500110
B1224175202475N00217922WA009010105400110
B1224185202486N00217908WA009000105300110
B1224195202497N00217893WA008980105200110
B1224205202508N00217878WA008960105100110
B1224215202520N00217863WA008960105000110
B1224225202531N00217848WA008950105000109
B1224235202542N00217833WA008950104800109
B1224245202553N00217818WA008940104700109
B1224255202564N00217803WA008930104600109
B1224265202574N00217787WA008920104400110
B1224275202585N00217771WA008900104200110
B1224285202596N00217755WA008870103900110
B1224295202606N00217739WA008840103700110
B1224305202617N00217723WA008820103400110
B1224315202629N00217707WA008780103100110
B1224325202640N00217691WA008770102900110
B1224335202651N00217674WA008750102800110
B1224345202663N00217658WA008750102700110
B1224355202674N00217642WA008740102600110
B1224365202685N00217626WA008720102400110
B1224375202696N00217610WA008690102200110
B1224385202707N00217594WA008680102000110
B1224395202718N00217578WA008660101800110
B1224405202729N00217562WA008630101600110
B1224415202740N00217547WA008610101400110
B1224425202751N00217531WA008590101100110
B1224435202762N00217516WA008570100900110
B1224445202773N00217501WA008560100800110
B1224455202784N00217486WA008540100700110
B1224465202795N00217472WA008540100700110
B1224475202807N00217458WA008540100700110
B1224485202818N00217446WA008530100600110
B1224495202830N00217434WA008530100600110
B1224505202842N00217424WA008520100500110
B1224515202854N00217416WA008520100500110
B1224525202867N00217408WA008510100400109
B1224535202879N00217402WA008500100300109
B1224545202892N00217399WA008490100100109
B1224555202906N00217396WA008480100000110
LFLA12245603srurgbhc[utkwj
B1224565202919N00217395WA008460099800110
B1224575202933N00217394WA008430099600110
B1224585202946N00217392WA008420099400110
B1224595202961N00217390WA008420099400110
B1225005202975N00217388WA008420099500110
B1225015202989N00217386WA008410099500110
B1225025203004N00217384WA008420099400110
B1225035203018N00217382WA008410099300110
B1225045203032N00217381WA008400099500110
B1225055203046N00217380WA008430100100110
B1225065203058N00217380WA008490100900109
B1225075203070N00217379WA008570101600109
B1225085203080N00217377WA008630102000109
B1225095203090N00217371WA008660102100109
B1225105203098N00217360WA008670102100109
B1225115203105N00217346WA008660102100109
B1225125203112N00217330WA008670102200109
B1225135203119N00217314WA008670102400109
B1225145203127N00217299WA008680102600109
B1225155203136N00217287WA008710102800109
B1225165203147N00217279WA008730103000109
B1225175203160N00217277WA008760103200109
B1225185203173N00217282WA008780103400109
B1225195203184N00217294WA008790103500109
B1225205203194N00217312WA008810103700109
B1225215203198N00217335WA008840104000109
B1225225203198N00217361WA008880104400109
B1225235203193N00217386WA008930104800109
B1225245203182N00217407WA008960105300109
B1225255203168N00217423WA009010105700109
B1225265203152N00217430WA009010106000109
B1225275203135N00217430WA009050106300109
B1225285203119N00217421WA009090106500109
B1225295203106N00217406WA009110106600109
B1225305203097N00217385WA009110106600109
B1225315203094N00217362WA009130106700109
B1225325203096N00217339WA009140106800109
B1225335203103N00217320WA009170107000109
B1225345203114N00217308WA009190107200109
B1225355203127N00217306WA009200107400109
B1225365203141N00217312WA009220107500108
B1225375203152N00217327WA009240107800108
B1225385203159N00217349WA009260108000108
B1225395203161N00217376WA009260108300109
B1225405203158N00217403WA009300108700109
B1225415203148N00217427WA009350109000109
B1225425203134N00217444WA009380109400109
B1225435203116N00217454WA009420109700109
B1225445203098N00217453WA009450109900109
B1225455203080N00217443WA009470110000109
B1225465203066N00217426WA009480110100109
B1225475203056N00217404WA009500110300109
B1225485203052N00217378WA009530110600109
B1225495203055N00217354WA009570110900109
B1225505203063N00217335WA009600111200109
B1225515203075N00217324WA009600111300109
B1225525203089N00217322WA009620111400108
B1225535203102N00217331WA009620111500108
B1225545203112N00217350WA009630111900109
B1225555203118N00217375WA009660112300109
LFLA12255603srrufcibZwvqup
B1225565203119N00217403WA009710112700109
B1225575203114N00217431WA009750113200109
B1225585203103N00217455WA009800113600109
B1225595203089N00217474WA009840113900109
B1226005203071N00217483WA009880114200109
B1226015203052N00217482WA009910114500109
B1226025203035N00217470WA009930114700209
B1226035203022N00217451WA009950114800209
B1226045203014N00217426WA009950115000209
B1226055203014N00217400WA009970115300209
B1226065203019N00217377WA010000115600109
B1226075203030N00217361WA010030115900109
B1226085203043N00217353WA010070116200109
B1226095203057N00217355WA010090116400108
B1226105203069N00217367WA010120116700108
B1226115203078N00217387WA010160117100109
B1226125203082N00217411WA010200117600109
B1226135203081N00217438WA010240118000109
B1226145203074N00217462WA010290118300109
B1226155203062N00217483WA010320118600109
B1226165203047N00217496WA010340118900109
B1226175203029N00217500WA010380119200109
B1226185203011N00217495WA010380119500109
B1226195202995N00217482WA010400119800109
B1226205202983N00217462WA010440120000109
B1226215202977N00217438WA010470120300109
B1226225202977N00217413WA010500120600109
B1226235202982N00217391WA010530120800109
B1226245202992N00217374WA010560121000109
B1226255203004N00217366WA010590121200109
B1226265203018N00217368WA010600121400109
B1226275203030N00217380WA010630121600109
B1226285203038N00217400WA010660121800109
B1226295203040N00217426WA010690122100109
B1226305203036N00217451WA010690122600109
B1226315203026N00217473WA010730122900109
B1226325203012N00217487WA010760123200109
B1226335202994N00217494WA010790123500109
B1226345202976N00217490WA010820123800109
B1226355202960N00217477WA010860124200109
B1226365202948N00217457WA010910124500109
B1226375202941N00217433WA010950124900109
B1226385202941N00217408WA010980125200109
B1226395202946N00217386WA011030125500109
B1226405202956N00217371WA011060125700109
B1226415202969N00217364WA011070125900109
B1226425202983N00217368WA011090126100109
B1226435202994N00217382WA011090126400209
B1226445203002N00217402WA011120126700209
B1226455203004N00217427WA011140127000209
B1226465203000N00217452WA011180127200209
B1226475202990N00217474WA011210127500209
B1226485202975N00217490WA011220127700209
B1226495202958N00217496WA011260128000209
B1226505202939N00217492WA011290128300209
B1226515202923N00217478WA011320128700209
B1226525202912N00217458WA011360128900209
B1226535202905N00217433WA011380129000209
B1226545202906N00217407WA011400129100209
B1226555202913N00217385WA011390129000208
LFLA12265603tuura#%]ekjuqt
B1226565202925N00217371WA011390129000209
B1226575202939N00217369WA011400129200209
B1226585202953N00217379WA011410129500209
B1226595202962N00217399WA011430129900209
B1227005202967N00217423WA011480130400209
B1227015202966N00217449WA011530130800209
B1227025202959N00217473WA011570131200209
B1227035202946N00217491WA011600131500209
B1227045202929N00217501WA011650131800109
B1227055202910N00217501WA011680132100109
B1227065202892N00217490WA011720132500109
B1227075202877N00217472WA011760132800109
B1227085202868N00217447WA011780132900108
B1227095202865N00217420WA011780132900109
B1227105202869N00217394WA011780132900109
LFLA122711AZNSTAT 0 0
B1227115202879N00217375WA011770132800109
B1227125202893N00217365WA011770133000209
B1227135202908N00217365WA011780133200209
B1227145202922N00217376WA011810133500209
B1227155202933N00217395WA011850133900209
B1227165202938N00217419WA011890134200209
B1227175202938N00217446WA011910134500109
B1227185202932N00217471WA011930134800109
B1227195202921N00217492WA011970135100109
B1227205202905N00217507WA012000135400108
B1227215202887N00217512WA012040135700109
B1227225202869N00217509WA012070136000109
B1227235202852N00217497WA012070136300109
B1227245202840N00217477WA012100136700109
B1227255202832N00217454WA012150137000109
B1227265202829N00217429WA012160137100109
B1227275202832N00217406WA012190137100109
B1227285202840N00217387WA012190137200109
B1227295202852N00217374WA012210137300109
B1227305202865N00217370WA012210137500109
B1227315202879N00217374WA012240137900109
B1227325202891N00217385WA012270138100109
B1227335202900N00217402WA012300138200109
B1227345202906N00217424WA012300138400109
B1227355202906N00217449WA012320138500109
B1227365202900N00217473WA012320138800109
B1227375202889N00217493WA012340139100109
B1227385202875N00217508WA012380139300109
B1227395202859N00217517WA012400139400109
B1227405202842N00217520WA012400139400109
B1227415202824N00217516WA012400139400108
B1227425202807N00217506WA012420139600109
B1227435202793N00217490WA012430139900109
B1227445202781N00217469WA012480140300109
B1227455202773N00217447WA012520140800109
B1227465202768N00217423WA012570141100109
B1227475202767N00217400WA012580141200109
B1227485202770N00217379WA012580141100108
B1227495202778N00217360WA012580141000109
B1227505202789N00217349WA012570140900109
B1227515202802N00217345WA012560140900109
B1227525202815N00217350WA012560140900109
B1227535202826N00217363WA012560141000109
B1227545202834N00217383WA012570141100109
B1227555202837N00217407WA012570141300109
LFLA12275603srruidfe]vwptq
B1227565202835N00217432WA012590141500109
B1227575202827N00217456WA012620141600109
B1227585202815N00217476WA012620141600109
B1227595202799N00217489WA012640141700109
F122759070304061719113109
B1228005202780N00217495WA012640141700109
B1228015202761N00217491WA012630141600109
LFLA122801RFC 17367 35655 465 0 0
B1228025202743N00217478WA012630141600109
B1228035202728N00217458WA012630141800109
B1228045202717N00217434WA012660142500109
B1228055202709N00217409WA012710143200109
B1228065202703N00217385WA012790143800109
B1228075202702N00217361WA012850144200109
B1228085202704N00217339WA012880144400109
B1228095202711N00217322WA012900144400109
B1228105202720N00217309WA012890144300109
B1228115202731N00217303WA012890144200109
B1228125202744N00217305WA012870144000109
B1228135202755N00217314WA012850143900109
B1228145202764N00217331WA012840143800109
B1228155202769N00217353WA012840143800109
B1228165202771N00217377WA012840143800109
B1228175202767N00217402WA012840144000109
B1228185202758N00217425WA012860144200109
B1228195202745N00217442WA012890144600109
B1228205202730N00217453WA012930145100109
B1228215202713N00217458WA012980145600109
B1228225202697N00217457WA013020146000109
B1228235202681N00217450WA013060146200109
B1228245202667N00217437WA013080146500109
B1228255202654N00217421WA013100146600109
B1228265202644N00217403WA013140146800109
B1228275202636N00217382WA013140146900109
B1228285202630N00217360WA013140146800109
B1228295202627N00217337WA013140146600109
B1228305202628N00217314WA013120146400109
B1228315202632N00217293WA013100146300109
B1228325202640N00217275WA013080146300109
B1228335202650N00217263WA013080146400109
B1228345202662N00217256WA013080146400109
B1228355202674N00217253WA013090146300109
B1228365202686N00217252WA013090146400109
B1228375202699N00217252WA013080146400109
B1228385202711N00217253WA013080146300109
B1228395202723N00217254WA013070146300109
B1228405202735N00217256WA013060146100109
B1228415202748N00217257WA013060145800109
B1228425202760N00217258WA013030145500109
B1228435202774N00217258WA013000145100109
B1228445202787N00217257WA012970144900109
B1228455202801N00217255WA012940144900109
B1228465202814N00217252WA012930145000109
B1228475202827N00217249WA012950145200109
B1228485202840N00217246WA012950145100109
B1228495202853N00217242WA012940144800109
B1228505202865N00217238WA012920144600109
B1228515202878N00217233WA012890144400109
B1228525202891N00217228WA012870144200109
B1228535202904N00217222WA012860144100109
B1228545202917N00217216WA012860143900109
B1228555202929N00217209WA012840143800109
LFLA12285603srurhegd#wvqup
B1228565202941N00217201WA012820143600109
B1228575202953N00217193WA012800143400109
B1228585202965N00217184WA012790143300109
B1228595202976N00217175WA012770143200109
B1229005202988N00217165WA012760143000109
B1229015202999N00217155WA012740142700109
B1229025203010N00217144WA012710142400109
B1229035203021N00217134WA012670142100109
B1229045203033N00217123WA012640141800109
B1229055203045N00217112WA012610141500109
B1229065203057N00217101WA012580141300109
B1229075203070N00217091WA012550141100109
B1229085203082N00217080WA012550140900109
B1229095203094N00217070WA012540140800109
B1229105203107N00217059WA012520140600109
B1229115203119N00217048WA012510140600109
B1229125203132N00217037WA012500140500109
B1229135203144N00217025WA012490140400109
B1229145203157N00217014WA012490140300109
B1229155203169N00217002WA012480140200109
B1229165203182N00216992WA012460140000109
B1229175203195N00216982WA012450139900109
B1229185203209N00216972WA012440139800109
B1229195203222N00216962WA012420139700109
B1229205203235N00216952WA012420139500109
B1229215203249N00216942WA012410139400109
B1229225203262N00216931WA012390139400109
B1229235203275N00216920WA012390139500109
B1229245203289N00216908WA012390139500109
B1229255203301N00216896WA012400139400109
B1229265203314N00216884WA012390139400109
B1229275203327N00216872WA012390139300109
B1229285203340N00216861WA012370139300109
B1229295203353N00216850WA012370139200109
B1229305203366N00216839WA012370139200109
B1229315203379N00216829WA012370139100109
B1229325203392N00216820WA012360139000109
B1229335203404N00216810WA012350138800109
B1229345203417N00216801WA012350138700109
B1229355203430N00216793WA012320138700109
B1229365203443N00216785WA012320138600109
B1229375203456N00216778WA012310138400109
B1229385203469N00216771WA012300138300109
B1229395203483N00216764WA012290138200109
B1229405203496N00216758WA012270138000109
B1229415203509N00216752WA012240137800109
B1229425203523N00216746WA012220137600109
B1229435203536N00216740WA012200137600109
B1229445203550N00216734WA012200137500109
B1229455203564N00216727WA012190137300109
B1229465203577N00216720WA012170137200109
B1229475203591N00216712WA012170137100109
B1229485203605N00216704WA012160137100109
B1229495203618N00216694WA012160137200109
B1229505203631N00216682WA012160137200109
B1229515203643N00216670WA012170137300109
B1229525203655N00216656WA012180137300109
B1229535203667N00216641WA012190137300109
B1229545203679N00216626WA012170137300109
B1229555203691N00216610WA012170137200109
LFLA12295603srurknlow#]b%c
B1229565203702N00216594WA012170137300109
B1229575203714N00216577WA012190137400109
B1229585203725N00216560WA012190137400109
B1229595203737N00216543WA012190137400109
B1230005203748N00216525WA012190137300109
B1230015203760N00216508WA012180137200109
B1230025203772N00216490WA012160137000109
B1230035203784N00216472WA012150136900109
B1230045203796N00216454WA012140136900109
B1230055203808N00216436WA012130136700109
B1230065203821N00216418WA012120136600109
B1230075203833N00216400WA012110136500109
B1230085203846N00216382WA012100136400109
B1230095203859N00216364WA012090136300109
B1230105203871N00216347WA012080136200109
B1230115203884N00216330WA012060136000109
B1230125203898N00216313WA012050135900109
B1230135203911N00216296WA012050136000109
B1230145203924N00216280WA012040136200109
B1230155203937N00216263WA012070136300109
B1230165203949N00216246WA012080136400109
B1230175203961N00216229WA012090136400109
B1230185203974N00216212WA012090136300109
B1230195203986N00216196WA012080136200109
B1230205203998N00216179WA012070136100109
B1230215204011N00216163WA012050136000109
B1230225204023N00216146WA012040135900109
B1230235204036N00216130WA012040135900109
B1230245204048N00216114WA012050136100109
B1230255204060N00216098WA012080136300109
B1230265204072N00216082WA012080136600109
B1230275204084N00216067WA012110136800109
B1230285204095N00216053WA012130137200109
B1230295204106N00216039WA012160137600109
B1230305204116N00216025WA012200137900109
B1230315204126N00216012WA012230138100109
B1230325204136N00215998WA012240138000109
B1230335204147N00215985WA012230137800109
B1230345204157N00215971WA012220137700109
B1230355204168N00215957WA012210137600109
B1230365204178N00215942WA012200137500109
B1230375204188N00215927WA012190137500109
B1230385204199N00215911WA012190137500109
B1230395204209N00215896WA012190137500109
B1230405204220N00215881WA012190137500109
B1230415204230N00215865WA012190137300109
B1230425204241N00215850WA012170137200109
B1230435204252N00215835WA012150137000109
B1230445204263N00215819WA012140136800109
B1230455204274N00215804WA012120136600109
B1230465204285N00215789WA012100136300109
B1230475204296N00215774WA012070136100109
B1230485204307N00215758WA012040135900109
B1230495204319N00215743WA012030135700109
B1230505204331N00215728WA012010135600109
B1230515204343N00215712WA012000135400109
B1230525204355N00215697WA012000135200109
B1230535204367N00215683WA011960135000109
B1230545204379N00215668WA011940134800109
B1230555204392N00215653WA011920134600109
LFLA12305603srurjomnv#]b%c
B1230565204404N00215638WA011910134600109
B1230575204417N00215622WA011900134500109
B1230585204429N00215606WA011900134400109
B1230595204441N00215590WA011890134300109
B1231005204453N00215574WA011890134300109
B1231015204465N00215558WA011880134200109
B1231025204477N00215541WA011860134000109
B1231035204489N00215523WA011840133800109
B1231045204500N00215505WA011820133700109
B1231055204512N00215487WA011820133600109
B1231065204524N00215470WA011810133500109
B1231075204535N00215452WA011800133500109
B1231085204546N00215436WA011800133500109
B1231095204556N00215420WA011800133600109
B1231105204566N00215404WA011800133600109
B1231115204576N00215388WA011810133500109
B1231125204585N00215372WA011790133400109
B1231135204595N00215355WA011770133200109
B1231145204604N00215339WA011760132900109
B1231155204614N00215323WA011730132700109
B1231165204623N00215307WA011700132400109
B1231175204634N00215290WA011670132100109
B1231185204644N00215274WA011670131800109
B1231195204655N00215258WA011640131500109
B1231205204666N00215243WA011610131300109
B1231215204678N00215229WA011580131100110
B1231225204690N00215218WA011570131000110
B1231235204703N00215207WA011550130900110
B1231245204716N00215199WA011550130800110
B1231255204729N00215191WA011530130700110
B1231265204742N00215185WA011520130600110
LFLA123127AZNSTAT 0 0
B1231275204755N00215178WA011500130400110
B1231285204768N00215171WA011490130400110
B1231295204780N00215164WA011480130300110
B1231305204793N00215157WA011460130200110
B1231315204806N00215150WA011460130100110
B1231325204818N00215143WA011460129900110
B1231335204831N00215137WA011430129700110
B1231345204843N00215130WA011420129600110
B1231355204855N00215124WA011390129400110
B1231365204868N00215117WA011380129200110
B1231375204880N00215111WA011370129100109
B1231385204892N00215105WA011350128900109
B1231395204905N00215099WA011340128700109
B1231405204917N00215094WA011310128400110
B1231415204929N00215088WA011280128200109
B1231425204942N00215082WA011260128000109
B1231435204954N00215077WA011240127800110
B1231445204967N00215071WA011240127700109
B1231455204979N00215066WA011220127500109
B1231465204992N00215060WA011200127400109
B1231475205005N00215055WA011180127300109
B1231485205017N00215049WA011180127200109
B1231495205030N00215043WA011160127100110
B1231505205044N00215036WA011140126900110
B1231515205057N00215030WA011130126800110
B1231525205071N00215024WA011120126700110
B1231535205085N00215019WA011110126500110
B1231545205099N00215013WA011090126300110
B1231555205113N00215008WA011070126100110
LFLA12315603srurhegd#yxosn
B1231565205128N00215003WA011070126000110
B1231575205143N00214998WA011060126000110
B1231585205158N00214994WA011060125900110
B1231595205173N00214989WA011050125900110
B1232005205187N00214984WA011050126000110
B1232015205202N00214979WA011060126100110
B1232025205216N00214974WA011070126300110
B1232035205230N00214969WA011080126500110
B1232045205244N00214964WA011100126700110
B1232055205258N00214959WA011130126900110
B1232065205271N00214955WA011160127300110
B1232075205284N00214949WA011200127800110
B1232085205296N00214944WA011260128300110
B1232095205307N00214939WA011260128700110
B1232105205319N00214934WA011300129100110
B1232115205330N00214929WA011340129400110
B1232125205341N00214925WA011380129700110
B1232135205352N00214920WA011400130000110
B1232145205362N00214915WA011440130400109
B1232155205373N00214910WA011480130700109
B1232165205384N00214908WA011520130900110
B1232175205395N00214910WA011540131000110
LFLA123217RFC 17879 35655 465 0 0
B1232185205405N00214918WA011540131000110
B1232195205414N00214931WA011550131100110
B1232205205421N00214949WA011560131300109
B1232215205425N00214970WA011580131600110
B1232225205426N00214994WA011580131800110
B1232235205423N00215018WA011610132000110
B1232245205415N00215041WA011620132100110
B1232255205404N00215060WA011650132200110
B1232265205390N00215075WA011670132400110
B1232275205373N00215083WA011690132600110
B1232285205356N00215083WA011710132700110
B1232295205339N00215076WA011730132800110
B1232305205323N00215061WA011740132900110
B1232315205311N00215042WA011760133000110
B1232325205303N00215018WA011760133000110
B1232335205299N00214994WA011770133100110
B1232345205300N00214970WA011770133100110
B1232355205305N00214949WA011770133300110
B1232365205315N00214933WA011780133500110
B1232375205327N00214925WA011810133800110
B1232385205339N00214923WA011830134000110
B1232395205351N00214928WA011850134200110
B1232405205362N00214940WA011880134300109
B1232415205370N00214958WA011890134500108
B1232425205375N00214980WA011900134600110
B1232435205377N00215005WA011920134700110
B1232445205374N00215031WA011930134800110
B1232455205366N00215054WA011940134900110
B1232465205354N00215075WA011950135100110
B1232475205338N00215089WA011970135300110
B1232485205321N00215098WA011970135400110
B1232495205303N00215099WA012000135600110
B1232505205285N00215094WA012010135700109
B1232515205268N00215083WA012030135800109
B1232525205253N00215065WA012040135900109
B1232535205242N00215044WA012050136000110
B1232545205234N00215020WA012070136200110
B1232555205230N00214995WA012080136200110
LFLA12325603srurfcibZtujvk
B1232565205230N00214970WA012080136200110
B1232575205233N00214947WA012070136200110
B1232585205241N00214929WA012090136300110
B1232595205251N00214915WA012110136500110
F12325907030406171911213109
B1233005205263N00214908WA012120136700110
B1233015205276N00214908WA012120136900110
B1233025205288N00214915WA012140137000110
B1233035205299N00214929WA012160137000110
B1233045205307N00214948WA012160137000110
B1233055205310N00214973WA012150137000110
B1233065205309N00215000WA012160137200110
B1233075205302N00215026WA012180137400110
B1233085205291N00215049WA012210137700110
B1233095205275N00215067WA012240138100110
B1233105205258N00215077WA012290138500110
B1233115205239N00215081WA012320138700110
B1233125205220N00215077WA012350138900109
B1233135205203N00215066WA012360139100109
B1233145205188N00215049WA012360139100109
B1233155205177N00215027WA012370139100110
B1233165205170N00215001WA012370139100110
B1233175205168N00214975WA012370139000110
B1233185205169N00214949WA012360138900110
B1233195205176N00214927WA012360138900110
B1233205205186N00214911WA012360138900110
B1233215205198N00214902WA012360139000110
B1233225205212N00214901WA012370139200110
B1233235205225N00214907WA012390139300110
B1233245205236N00214920WA012410139600110
B1233255205245N00214939WA012440139900110
B1233265205250N00214962WA012470140100109
B1233275205251N00214987WA012470140300110
B1233285205248N00215014WA012490140400110
B1233295205240N00215039WA012500140500110
B1233305205229N00215062WA012510140600110
B1233315205214N00215080WA012530140900110
B1233325205196N00215092WA012560141300110
B1233335205178N00215098WA012600141500110
B1233345205159N00215098WA012620141600110
B1233355205141N00215089WA012630141600110
B1233365205126N00215072WA012630141600110
B1233375205114N00215050WA012640141800110
B1233385205106N00215025WA012650141900110
B1233395205104N00214999WA012650142100110
B1233405205106N00214975WA012670142100110
B1233415205111N00214953WA012680142200110
B1233425205120N00214937WA012680142200110
B1233435205130N00214926WA012680142300110
B1233445205142N00214921WA012690142200110
B1233455205154N00214922WA012690142200110
B1233465205166N00214926WA012690142200110
B1233475205178N00214931WA012690142500110
B1233485205190N00214936WA012720142800110
B1233495205201N00214941WA012760143200110
B1233505205213N00214946WA012800143700110
B1233515205225N00214951WA012850144100110
B1233525205237N00214956WA012850144300110
B1233535205248N00214962WA012880144500110
B1233545205260N00214967WA012900144600110
B1233555205272N00214973WA012910144800110
LFLA12335603srurgbhc[vwptq
B1233565205283N00214978WA012930144900110
B1233575205295N00214983WA012950145100110
B1233585205306N00214989WA012970145400110
B1233595205317N00214995WA012990145700110
B1234005205329N00215002WA013020146000110
B1234015205340N00215008WA013050146200110
B1234025205350N00215015WA013070146300110
B1234035205361N00215022WA013070146200110
B1234045205371N00215029WA013030145800110
B1234055205382N00215036WA013030145100110
B1234065205394N00215041WA012980144300110
B1234075205407N00215045WA012910143700110
B1234085205422N00215045WA012840143400110
B1234095205436N00215042WA012800143300110
B1234105205450N00215037WA012790143200110
B1234115205465N00215031WA012780143000110
B1234125205479N00215023WA012750142700110
B1234135205493N00215013WA012720142400110
B1234145205507N00215002WA012700142200110
B1234155205522N00214990WA012670142000110
B1234165205536N00214978WA012650141900110
B1234175205550N00214966WA012650141900110
B1234185205565N00214954WA012650141800110
B1234195205579N00214941WA012650141800110
B1234205205593N00214929WA012640141700110
B1234215205607N00214917WA012630141500110
B1234225205620N00214905WA012610141400110
B1234235205634N00214893WA012610141300110
B1234245205648N00214882WA012590141100110
B1234255205662N00214870WA012560141000110
B1234265205676N00214859WA012550140900110
B1234275205690N00214849WA012550140900110
B1234285205703N00214838WA012550140900110
B1234295205717N00214828WA012540140800110
B1234305205731N00214819WA012530140700110
B1234315205744N00214809WA012530140600110
B1234325205757N00214799WA012520140600110
B1234335205771N00214789WA012510140500110
B1234345205784N00214779WA012510140500110
B1234355205798N00214769WA012510140500110
B1234365205811N00214758WA012510140400110
B1234375205824N00214748WA012510140400110
B1234385205837N00214738WA012500140300110
B1234395205851N00214728WA012500140300110
B1234405205864N00214718WA012490140300110
B1234415205878N00214708WA012490140300110
B1234425205891N00214699WA012490140200110
B1234435205905N00214690WA012460139900110
B1234445205918N00214680WA012460139600110
B1234455205932N00214671WA012420139300110
B1234465205947N00214662WA012390139000110
B1234475205961N00214653WA012360138700110
B1234485205976N00214644WA012330138500110
B1234495205990N00214635WA012320138300110
B1234505206005N00214625WA012300138200110
B1234515206019N00214616WA012280138100110
B1234525206034N00214606WA012260137900110
B1234535206049N00214596WA012240137700110
B1234545206063N00214587WA012230137500110
B1234555206078N00214577WA012210137400110
LFLA12345603srurmpjqyZ[d`e
B1234565206093N00214567WA012200137300110
B1234575206107N00214558WA012200137100110
B1234585206122N00214549WA012190137000110
B1234595206136N00214540WA012160136800110
B1235005206151N00214530WA012140136600110
B1235015206165N00214521WA012120136400110
B1235025206180N00214512WA012110136200110
B1235035206195N00214502WA012090136100110
B1235045206210N00214492WA012060135900110
B1235055206225N00214481WA012050135800110
B1235065206240N00214471WA012040135600110
B1235075206255N00214460WA012020135400110
B1235085206270N00214449WA012000135300110
B1235095206285N00214439WA011970135200110
B1235105206300N00214428WA011970135000110
B1235115206316N00214417WA011950134800110
B1235125206331N00214406WA011930134600110
B1235135206347N00214395WA011920134400110
B1235145206362N00214385WA011900134100110
B1235155206378N00214374WA011870133900110
B1235165206394N00214364WA011840133600110
B1235175206410N00214354WA011830133500110
B1235185206426N00214343WA011810133400110
B1235195206442N00214332WA011790133300110
B1235205206457N00214322WA011780133300110
B1235215206473N00214311WA011770133200110
B1235225206489N00214301WA011770133200110
B1235235206505N00214291WA011770133200110
B1235245206520N00214280WA011770133200110
B1235255206536N00214269WA011770133100110
B1235265206551N00214258WA011770132800110
B1235275206566N00214247WA011740132600110
B1235285206582N00214235WA011720132300110
B1235295206597N00214222WA011700132100110
B1235305206612N00214209WA011680132000110
B1235315206628N00214196WA011660131900110
B1235325206643N00214183WA011650132000110
B1235335206658N00214170WA011660132000110
B1235345206673N00214157WA011650131900110
B1235355206687N00214144WA011640131800110
B1235365206702N00214131WA011640131600110
B1235375206717N00214119WA011610131300110
B1235385206732N00214106WA011580131100110
B1235395206747N00214093WA011570130900110
B1235405206762N00214080WA011540130700110
B1235415206777N00214067WA011530130500110
B1235425206792N00214055WA011510130300110
LFLA123543AZNSTAT 0 0
B1235435206807N00214042WA011480130100110
B1235445206823N00214029WA011450129900110
B1235455206838N00214017WA011420129600110
B1235465206853N00214005WA011390129300110
B1235475206868N00213992WA011370129000110
B1235485206883N00213979WA011340128700110
B1235495206898N00213966WA011340128400110
B1235505206914N00213953WA011310128100110
B1235515206929N00213940WA011280127800110
B1235525206945N00213926WA011240127500110
B1235535206960N00213913WA011210127200110
B1235545206975N00213900WA011180127100110
B1235555206991N00213887WA011160127000110
LFLA12355603srurlqkpx[Zead
B1235565207006N00213875WA011150126800110
B1235575207022N00213862WA011130126700110
B1235585207037N00213849WA011120126400110
B1235595207052N00213836WA011090126100110
B1236005207067N00213823WA011060125800110
B1236015207081N00213810WA011030125600110
B1236025207096N00213797WA011030125500110
B1236035207111N00213784WA011020125400110
B1236045207126N00213771WA011000125300110
B1236055207140N00213757WA010990125200110
B1236065207155N00213744WA010990125100110
B1236075207169N00213731WA010970125000110
B1236085207183N00213718WA010950124900110
B1236095207198N00213704WA010950124800110
B1236105207212N00213690WA010930124600110
B1236115207226N00213675WA010920124600110
B1236125207240N00213661WA010920124500110
B1236135207255N00213649WA010910124500110
B1236145207270N00213638WA010910124400110
B1236155207285N00213630WA010900124300110
B1236165207300N00213623WA010890124200110
B1236175207316N00213618WA010870124000110
B1236185207331N00213614WA010860123900110
B1236195207347N00213611WA010850123800110
B1236205207362N00213609WA010840123900110
B1236215207377N00213607WA010850124000110
B1236225207392N00213606WA010860124100110
B1236235207406N00213605WA010860124100110
B1236245207421N00213604WA010860124000110
B1236255207436N00213603WA010850123900110
B1236265207451N00213602WA010840123800110
B1236275207466N00213601WA010840123700110
B1236285207481N00213600WA010820123500110
B1236295207496N00213599WA010790123400110
B1236305207512N00213599WA010780123300110
B1236315207527N00213599WA010770123200110
B1236325207543N00213599WA010760123200110
B1236335207559N00213599WA010770123300110
LFLA123633RFC 18391 35655 465 0 0
B1236345207574N00213599WA010780123600110
B1236355207588N00213600WA010800123800110
B1236365207602N00213601WA010830124100110
B1236375207615N00213602WA010850124200110
B1236385207628N00213602WA010870124400110
B1236395207641N00213602WA010880124400110
B1236405207653N00213602WA010880124400110
B1236415207665N00213602WA010890124400110
B1236425207678N00213602WA010880124300110
B1236435207690N00213602WA010870124200110
B1236445207702N00213601WA010850124100110
B1236455207715N00213601WA010850123900110
B1236465207728N00213602WA010820123700110
B1236475207741N00213602WA010800123600110
B1236485207754N00213602WA010780123400110
B1236495207768N00213603WA010760123200110
B1236505207781N00213603WA010750123000110
B1236515207795N00213603WA010730122900110
B1236525207809N00213603WA010710122700110
B1236535207823N00213603WA010710122500110
B1236545207836N00213603WA010710122500110
B1236555207849N00213603WA010700122500110
LFLA12365603srurgbhc[vwptq
B1236565207862N00213603WA010700122600110
B1236575207874N00213603WA010710122600110
B1236585207887N00213603WA010700122700110
B1236595207899N00213603WA010710122700110
B1237005207910N00213603WA010710122700110
B1237015207921N00213602WA010720122700110
B1237025207933N00213601WA010720122800110
B1237035207943N00213599WA010730122900110
B1237045207954N00213596WA010730122900110
B1237055207965N00213593WA010720122900110
B1237065207976N00213590WA010720122700110
B1237075207986N00213587WA010720122600110
B1237085207997N00213583WA010710122500110
B1237095208009N00213579WA010700122400109
B1237105208020N00213575WA010680122300109
B1237115208032N00213571WA010670122000109
B1237125208044N00213567WA010650121800109
B1237135208057N00213563WA010620121500109
B1237145208071N00213559WA010590121200109
B1237155208085N00213555WA010570121100109
B1237165208099N00213551WA010560121000109
B1237175208113N00213547WA010560121000110
B1237185208128N00213544WA010550121000110
B1237195208142N00213540WA010550121000110
B1237205208157N00213537WA010550121000110
B1237215208172N00213534WA010550121000110
B1237225208186N00213531WA010560121100110
B1237235208201N00213528WA010560121400110
B1237245208214N00213524WA010600121800110
B1237255208227N00213521WA010630122100110
B1237265208240N00213518WA010670122200110
B1237275208252N00213514WA010680122300110
B1237285208264N00213510WA010690122400110
B1237295208277N00213506WA010690122500110
B1237305208289N00213502WA010700122500110
B1237315208301N00213497WA010700122500110
B1237325208312N00213492WA010700122400110
B1237335208324N00213486WA010690122200110
B1237345208336N00213480WA010670122100110
B1237355208348N00213474WA010650121900110
B1237365208360N00213469WA010630121600110
B1237375208373N00213463WA010590121200110
B1237385208385N00213457WA010560120900110
B1237395208398N00213451WA010520120600110
B1237405208411N00213445WA010490120400110
B1237415208424N00213439WA010470120200110
B1237425208437N00213433WA010450120000110
B1237435208449N00213427WA010430119900110
B1237445208462N00213420WA010430119700110
B1237455208475N00213413WA010410119600110
B1237465208487N00213406WA010390119400110
B1237475208500N00213398WA010380119200110
B1237485208512N00213390WA010360119000110
B1237495208525N00213382WA010320118600110
B1237505208537N00213372WA010290118200109
B1237515208550N00213363WA010260117900109
B1237525208563N00213353WA010220117600109
B1237535208576N00213344WA010190117400109
B1237545208589N00213335WA010170117100110
B1237555208602N00213325WA010130116800110
LFLA12375603srurgbhc[vwptq
B1237565208615N00213316WA010100116500110
B1237575208628N00213307WA010070116200110
B1237585208642N00213298WA010070116000110
B1237595208655N00213289WA010030115800110
F12375907030406171911213109
B1238005208669N00213281WA010030115700110
B1238015208683N00213272WA010020115700110
B1238025208697N00213262WA010010115600110
B1238035208710N00213253WA010010115500110
B1238045208724N00213245WA010000115400110
B1238055208738N00213236WA009980115300110
B1238065208752N00213228WA009980115400110
B1238075208765N00213220WA009980115400110
B1238085208779N00213212WA009970115300110
B1238095208792N00213204WA009960115200110
B1238105208805N00213196WA009960115100110
B1238115208818N00213188WA009950114900110
B1238125208831N00213179WA009940114800110
B1238135208844N00213170WA009930114700110
B1238145208857N00213161WA009930114600110
B1238155208870N00213151WA009910114500110
B1238165208882N00213141WA009900114400110
B1238175208895N00213132WA009890114300110
B1238185208907N00213121WA009880114200110
B1238195208919N00213111WA009870114000110
B1238205208932N00213100WA009830113700110
B1238215208944N00213089WA009800113300110
B1238225208957N00213078WA009750112800110
B1238235208970N00213065WA009750112400110
B1238245208983N00213052WA009710112200110
B1238255208996N00213038WA009690112500110
B1238265209008N00213024WA009710113000110
B1238275209019N00213010WA009750113300110
B1238285209030N00212997WA009780113400110
B1238295209040N00212984WA009790113400110
B1238305209051N00212971WA009790113400110
B1238315209062N00212960WA009780113300110
B1238325209074N00212949WA009780113300110
B1238335209086N00212938WA009770113300110
B1238345209098N00212929WA009770113300110
B1238355209110N00212920WA009780113400110
B1238365209122N00212912WA009780113600110
B1238375209135N00212905WA009800113900110
B1238385209146N00212898WA009830114400110
B1238395209158N00212892WA009890114900110
B1238405209169N00212889WA009940115400110
B1238415209180N00212890WA009980115800110
B1238425209190N00212896WA010030116200110
B1238435209199N00212908WA010070116600110
B1238445209206N00212924WA010110116800110
B1238455209210N00212944WA010120116900110
B1238465209210N00212967WA010130116900110
B1238475209207N00212991WA010130116900110
B1238485209199N00213014WA010140116900110
B1238495209186N00213033WA010140117100110
B1238505209171N00213047WA010160117500110
B1238515209153N00213052WA010190117800110
B1238525209136N00213050WA010220118000109
B1238535209120N00213039WA010240118000110
B1238545209108N00213022WA010260118100110
B1238555209100N00213000WA010270118300110
LFLA12385603srurhegd#xynro
B1238565209097N00212976WA010290118400110
B1238575209098N00212954WA010300118600110
B1238585209104N00212934WA010310118800110
B1238595209114N00212921WA010330118900110
B1239005209125N00212915WA010350119000110
B1239015209138N00212917WA010360119100110
B1239025209150N00212927WA010360119300110
B1239035209159N00212945WA010370119500110
B1239045209165N00212969WA010400119800110
B1239055209166N00212995WA010430120100110
B1239065209163N00213022WA010470120400110
B1239075209154N00213046WA010500120700110
B1239085209140N00213066WA010530121100110
B1239095209124N00213080WA010580121600110
B1239105209106N00213087WA010630121900110
B1239115209088N00213086WA010660122200110
B1239125209072N00213078WA010690122300110
B1239135209058N00213062WA010700122400110
B1239145209048N00213041WA010710122500110
B1239155209043N00213017WA010710122400110
B1239165209043N00212992WA010710122400110
B1239175209049N00212971WA010700122400110
B1239185209059N00212955WA010710122400109
B1239195209072N00212948WA010710122600110
B1239205209086N00212951WA010740123000110
B1239215209098N00212963WA010760123300110
B1239225209108N00212982WA010810123800110
B1239235209114N00213005WA010850124100110
B1239245209117N00213031WA010890124400110
B1239255209115N00213058WA010910124600110
B1239265209108N00213085WA010950124900110
B1239275209097N00213109WA010960125100110
B1239285209081N00213128WA010960125200110
B1239295209063N00213141WA010980125400110
B1239305209044N00213144WA011010125500110
B1239315209025N00213139WA011030125700110
B1239325209008N00213125WA011040125800110
B1239335208995N00213105WA011050125800110
B1239345208987N00213080WA011070125900110
B1239355208984N00213054WA011080126100110
B1239365208987N00213030WA011090126300110
B1239375208995N00213010WA011110126500110
B1239385209007N00212998WA011130126600110
B1239395209020N00212995WA011160126900110
B1239405209034N00213001WA011190127300110
B1239415209045N00213016WA011190127600110
B1239425209052N00213038WA011230128000110
B1239435209055N00213065WA011270128300110
B1239445209054N00213093WA011300128500110
B1239455209046N00213120WA011320128700110
B1239465209034N00213142WA011340128900110
B1239475209017N00213158WA011370129200110
B1239485208999N00213166WA011390129600110
B1239495208980N00213168WA011430129800110
B1239505208961N00213162WA011460129900110
B1239515208945N00213150WA011450129800110
B1239525208931N00213131WA011450129700110
B1239535208922N00213107WA011430129700110
B1239545208918N00213081WA011430129800110
B1239555208920N00213056WA011450129900110
LFLA12395603srurfcibZyxosn
B1239565208926N00213035WA011470130100110
B1239575208935N00213018WA011480130200109
B1239585208948N00213008WA011500130400110
LFLA123959AZNSTAT 0 0
B1239595208961N00213006WA011510130600110
B1240005208974N00213012WA011540130900110
B1240015208986N00213026WA011570131300110
B1240025208994N00213046WA011610131700109
B1240035208999N00213071WA011670132000110
B1240045208999N00213098WA011710132400110
B1240055208994N00213125WA011740132700110
B1240065208983N00213149WA011760133000110
B1240075208969N00213168WA011760133300109
B1240085208951N00213179WA011790133600110
B1240095208933N00213183WA011820133800110
B1240105208915N00213178WA011850133900110
B1240115208898N00213166WA011850133900110
B1240125208885N00213148WA011860133800110
B1240135208875N00213125WA011850133700110
B1240145208871N00213099WA011850133700110
B1240155208873N00213074WA011850133800110
B1240165208879N00213052WA011860133900110
B1240175208889N00213035WA011870134100110
B1240185208900N00213024WA011900134400108
B1240195208913N00213019WA011930134800110
B1240205208926N00213022WA011930135200110
B1240215208937N00213033WA011980135600110
B1240225208946N00213052WA012030135800110
B1240235208951N00213075WA012060136000110
B1240245208950N00213102WA012080136000110
B1240255208944N00213128WA012080135900110
B1240265208932N00213152WA012070135900110
B1240275208915N00213170WA012070135900110
B1240285208895N00213178WA012080136000110
B1240295208875N00213177WA012080136100110
B1240305208857N00213165WA012100136300110
B1240315208843N00213145WA012120136400110
B1240325208834N00213119WA012140136600110
B1240335208832N00213093WA012140136800110
B1240345208836N00213069WA012160137100110
B1240355208845N00213051WA012200137300109
B1240365208858N00213042WA012210137500110
B1240375208871N00213045WA012230137700110
B1240385208883N00213057WA012240137800110
B1240395208891N00213079WA012260137900110
B1240405208892N00213107WA012290138200110
B1240415208887N00213135WA012310138400110
B1240425208877N00213161WA012330138700110
B1240435208862N00213180WA012370139000110
B1240445208844N00213192WA012410139300110
B1240455208824N00213194WA012440139600110
B1240465208805N00213189WA012440139800109
B1240475208788N00213177WA012470139900109
B1240485208775N00213158WA012490140100109
B1240495208765N00213134WA012490140200109
LFLA124049RFC 18903 35655 465 0 0
B1240505208761N00213109WA012510140400110
B1240515208762N00213085WA012530140500110
B1240525208767N00213065WA012540140700110
B1240535208775N00213049WA012560140800109
B1240545208787N00213040WA012560141000109
B1240555208799N00213040WA012580141100109
LFLA12405603srurlqkpxZ[d`e
B1240565208811N00213047WA012590141100109
B1240575208821N00213062WA012600141200110
B1240585208827N00213084WA012610141400110
B1240595208828N00213110WA012610141500110
B1241005208826N00213137WA012620141700110
B1241015208820N00213163WA012640141900110
B1241025208810N00213188WA012660142100110
B1241035208798N00213210WA012700142500110
B1241045208783N00213228WA012720142900110
B1241055208766N00213241WA012760143200110
B1241065208748N00213247WA012790143300110
B1241075208730N00213246WA012800143400109
B1241085208713N00213237WA012810143300110
B1241095208698N00213222WA012800143200110
B1241105208686N00213201WA012790143100110
B1241115208680N00213178WA012770143000110
B1241125208678N00213153WA012770143000110
B1241135208681N00213130WA012770143100110
B1241145208688N00213112WA012770143100110
B1241155208697N00213098WA012790143100109
B1241165208708N00213090WA012780143200110
B1241175208721N00213086WA012800143300110
B1241185208733N00213083WA012800143600110
B1241195208745N00213080WA012830144000110
B1241205208756N00213076WA012870144400110
B1241215208767N00213073WA012920144800110
B1241225208778N00213070WA012950145200110
B1241235208789N00213067WA012990145600110
B1241245208799N00213065WA013020145900110
B1241255208809N00213064WA013020146100110
B1241265208819N00213063WA013060146300110
B1241275208829N00213062WA013070146500110
B1241285208839N00213062WA013100146700110
B1241295208850N00213062WA013120146900110
B1241305208860N00213062WA013130147000110
B1241315208871N00213062WA013140146900110
B1241325208882N00213062WA013130146800110
B1241335208893N00213063WA013120146700110
B1241345208904N00213063WA013100146500110
B1241355208915N00213063WA013070146100110
B1241365208927N00213061WA013020145600109
B1241375208940N00213058WA012970145100109
B1241385208953N00213053WA012970144800109
B1241395208966N00213047WA012940144600109
B1241405208979N00213039WA012910144400109
B1241415208992N00213029WA012880144100109
B1241425209005N00213018WA012860143900109
B1241435209018N00213005WA012840143700109
B1241445209030N00212992WA012810143400109
B1241455209043N00212977WA012780143200109
B1241465209055N00212962WA012780143400109
B1241475209066N00212947WA012820144000109
B1241485209077N00212931WA012880144600109
B1241495209087N00212915WA012930145000110
B1241505209096N00212899WA012930145300110
B1241515209105N00212884WA012960145500110
B1241525209114N00212870WA012970145500110
B1241535209123N00212855WA012980145200110
B1241545209132N00212839WA012950144900109
B1241555209141N00212822WA012920144600110
LFLA12415603srurjomnv]#c_b
B1241565209151N00212805WA012910144500110
B1241575209161N00212788WA012880144300110
B1241585209172N00212773WA012870144200110
B1241595209183N00212759WA012850144100110
B1242005209195N00212747WA012840144000110
B1242015209207N00212737WA012840144000110
B1242025209219N00212728WA012840144000110
B1242035209231N00212720WA012850144100110
B1242045209243N00212712WA012850144400110
B1242055209254N00212705WA012870144600110
B1242065209265N00212699WA012900144800110
B1242075209276N00212692WA012920144900110
B1242085209286N00212686WA012930144900110
B1242095209297N00212681WA012920144800110
B1242105209307N00212675WA012910144600110
B1242115209318N00212669WA012890144400110
B1242125209329N00212663WA012870144200110
B1242135209341N00212656WA012850144000109
B1242145209352N00212649WA012840143900110
B1242155209364N00212642WA012830143900110
B1242165209375N00212634WA012840143900110
B1242175209386N00212627WA012840143900110
B1242185209397N00212619WA012840144000110
B1242195209408N00212611WA012840144100110
B1242205209418N00212604WA012840144100110
B1242215209429N00212598WA012850144200110
B1242225209439N00212591WA012850144200110
B1242235209449N00212584WA012850144100110
B1242245209459N00212578WA012850144000110
B1242255209470N00212571WA012840143900110
B1242265209480N00212564WA012810143700110
B1242275209491N00212557WA012790143400110
B1242285209501N00212549WA012770143100110
B1242295209513N00212542WA012770142900110
B1242305209524N00212533WA012740142700110
B1242315209535N00212525WA012720142700110
B1242325209546N00212516WA012720142800110
B1242335209557N00212508WA012720142900110
B1242345209568N00212500WA012730142900110
B1242355209578N00212493WA012730143000110
B1242365209588N00212484WA012730142900110
B1242375209598N00212476WA012730142900110
B1242385209608N00212468WA012720142800110
B1242395209618N00212461WA012710142600110
B1242405209628N00212453WA012690142400110
B1242415209638N00212445WA012660142100110
B1242425209648N00212437WA012660141900110
B1242435209659N00212428WA012640141700110
B1242445209670N00212420WA012610141500110
B1242455209681N00212412WA012600141400110
B1242465209692N00212404WA012580141200110
B1242475209703N00212396WA012570141100110
B1242485209715N00212388WA012560141000110
B1242495209727N00212380WA012550141000110
B1242505209738N00212372WA012540140900110
B1242515209750N00212365WA012530141000110
B1242525209760N00212358WA012540141200110
B1242535209771N00212352WA012560141200110
B1242545209782N00212345WA012550141100110
B1242555209793N00212339WA012520140900110
LFLA12425603srurgbhc[tujvk
B1242565209804N00212332WA012520140600109
B1242575209816N00212325WA012500140300109
B1242585209828N00212317WA012470140000109
B1242595209840N00212310WA012450139800110
F12425907030406171911213109
B1243005209853N00212303WA012420139700110
B1243015209866N00212295WA012410139600110
B1243025209879N00212287WA012400139500110
B1243035209892N00212279WA012390139400110
B1243045209905N00212271WA012390139300110
B1243055209917N00212262WA012380139300110
B1243065209930N00212254WA012380139300110
B1243075209942N00212246WA012370139300110
B1243085209955N00212238WA012370139400110
B1243095209967N00212230WA012370139500110
B1243105209979N00212222WA012390139500110
B1243115209991N00212215WA012400139500110
B1243125210003N00212208WA012400139500110
B1243135210015N00212200WA012390139400110
B1243145210028N00212193WA012380139300110
B1243155210040N00212186WA012370139100110
B1243165210052N00212178WA012360139000110
B1243175210065N00212171WA012350139100110
B1243185210078N00212165WA012360139200110
B1243195210090N00212159WA012380139400110
B1243205210102N00212153WA012400139700110
B1243215210114N00212148WA012400140000110
B1243225210125N00212143WA012430140300110
B1243235210137N00212138WA012460140500110
B1243245210147N00212133WA012490140800110
B1243255210158N00212128WA012520141100110
B1243265210168N00212123WA012550141200110
B1243275210178N00212118WA012550141300110
B1243285210188N00212113WA012560141300110
B1243295210198N00212107WA012560141300110
B1243305210209N00212102WA012570141300110
B1243315210219N00212096WA012570141400110
B1243325210229N00212089WA012580141500110
B1243335210239N00212081WA012590141600110
B1243345210249N00212072WA012590141700110
B1243355210259N00212063WA012600141900110
B1243365210269N00212054WA012620142100110
B1243375210279N00212045WA012640142400110
B1243385210289N00212036WA012670142700110
B1243395210299N00212027WA012710143200110
B1243405210308N00212019WA012760143600110
B1243415210318N00212010WA012790143900110
B1243425210327N00212002WA012830144100110
B1243435210337N00211993WA012840144200110
B1243445210346N00211984WA012850144200110
B1243455210356N00211975WA012850144200110
B1243465210365N00211965WA012860144300110
B1243475210375N00211956WA012860144400110
B1243485210385N00211946WA012870144500110
B1243495210395N00211937WA012880144700110
B1243505210404N00211928WA012900144900110
B1243515210414N00211920WA012900144900110
B1243525210424N00211911WA012910144800110
B1243535210434N00211902WA012900144500110
B1243545210445N00211894WA012880144300109
B1243555210457N00211884WA012860144300109
LFLA12435603srurgbhc[utkwj
B1243565210469N00211875WA012880144400109
B1243575210480N00211865WA012890144700110
B1243585210491N00211856WA012910145000110
B1243595210502N00211847WA012960145400110
B1244005210512N00211838WA012960146000110
B1244015210522N00211830WA013010146500110
B1244025210531N00211823WA013070146900110
B1244035210539N00211815WA013110147000110
B1244045210548N00211807WA013120146900110
B1244055210557N00211800WA013120146800110
B1244065210566N00211791WA013100146600110
B1244075210575N00211783WA013080146300110
B1244085210585N00211774WA013050145900110
B1244095210596N00211765WA013010145500110
B1244105210607N00211756WA012960145100109
B1244115210620N00211746WA012930144800110
B1244125210632N00211737WA012900144600109
B1244135210645N00211727WA012900144200110
B1244145210659N00211717WA012870143900109
LFLA124415AZNSTAT 0 0
B1244155210672N00211706WA012840143700110
B1244165210686N00211694WA012820143500109
B1244175210700N00211681WA012790143300110
B1244185210713N00211668WA012780143200110
B1244195210727N00211654WA012760143000110
B1244205210741N00211641WA012730142700110
B1244215210755N00211627WA012700142400110
B1244225210769N00211613WA012660142100110
B1244235210783N00211600WA012650141900110
B1244245210797N00211587WA012630141900110
B1244255210811N00211574WA012640141900110
B1244265210824N00211562WA012640141800110
B1244275210838N00211550WA012630141800110
B1244285210851N00211538WA012620141800110
B1244295210864N00211528WA012620141600110
B1244305210877N00211517WA012590141300110
B1244315210890N00211506WA012570141100110
B1244325210904N00211495WA012540140800109
B1244335210917N00211484WA012500140500109
B1244345210931N00211472WA012490140400109
B1244355210944N00211460WA012470140300110
B1244365210958N00211449WA012470140200110
B1244375210972N00211437WA012460140100110
B1244385210986N00211426WA012440139900110
B1244395211000N00211415WA012440139800110
B1244405211014N00211404WA012430139600110
B1244415211029N00211393WA012410139500110
B1244425211043N00211381WA012390139300109
B1244435211058N00211370WA012380139200109
B1244445211072N00211359WA012360139000109
B1244455211087N00211348WA012350138900109
B1244465211102N00211336WA012340138900109
B1244475211116N00211325WA012340138900109
B1244485211130N00211315WA012340138900110
B1244495211144N00211304WA012340138900110
B1244505211158N00211293WA012340138900110
B1244515211172N00211283WA012330138900110
B1244525211186N00211273WA012330138700110
B1244535211200N00211263WA012330138500110
B1244545211214N00211253WA012300138300110
B1244555211228N00211243WA012280138100110
LFLA12445603srurmpjqyvwptq
B1244565211242N00211233WA012260137900110
B1244575211256N00211222WA012240137700110
B1244585211270N00211211WA012210137500110
B1244595211283N00211199WA012180137200110
B1245005211297N00211187WA012160137000110
B1245015211310N00211175WA012120136700110
B1245025211324N00211163WA012100136400110
B1245035211338N00211151WA012070136100110
B1245045211352N00211139WA012050135800110
B1245055211366N00211127WA012050135600110
LFLA124505RFC 19415 35655 465 0 0
B1245065211380N00211116WA012020135500110
B1245075211394N00211106WA012010135600110
B1245085211407N00211095WA012010135700110
B1245095211421N00211084WA012030135800110
B1245105211434N00211074WA012030135900110
B1245115211447N00211063WA012040135800110
B1245125211460N00211053WA012040135800110
B1245135211473N00211042WA012040135800110
B1245145211485N00211032WA012030135700110
B1245155211497N00211021WA012010135400110
B1245165211510N00211010WA011980135100110
B1245175211523N00210998WA011940134800110
B1245185211537N00210986WA011940134700110
B1245195211551N00210974WA011910134500110
B1245205211564N00210961WA011890134400110
B1245215211578N00210948WA011890134300110
B1245225211593N00210934WA011880134200110
B1245235211607N00210920WA011870134100110
B1245245211622N00210906WA011870134300110
B1245255211636N00210891WA011890134600110
B1245265211650N00210877WA011930135300110
B1245275211663N00210864WA012010136100110
B1245285211675N00210851WA012090136800110
B1245295211686N00210839WA012150137200110
B1245305211697N00210826WA012150137500110
B1245315211708N00210814WA012180137800110
B1245325211718N00210802WA012200137900110
B1245335211729N00210790WA012220137900110
B1245345211739N00210778WA012220137800110
B1245355211750N00210766WA012210137700110
B1245365211761N00210753WA012200137500110
B1245375211772N00210741WA012170137200110
B1245385211784N00210729WA012130136800110
B1245395211796N00210717WA012100136300110
B1245405211809N00210705WA012060136000110
B1245415211823N00210693WA012040135800110
B1245425211837N00210680WA012030135800109
B1245435211851N00210669WA012030136100110
B1245445211864N00210658WA012050136400110
B1245455211877N00210648WA012080136600110
B1245465211889N00210638WA012100136700110
B1245475211901N00210629WA012110136700110
B1245485211913N00210620WA012110136600110
B1245495211925N00210610WA012110136500110
B1245505211937N00210600WA012090136500110
B1245515211948N00210591WA012090136500110
B1245525211960N00210581WA012090136500110
B1245535211971N00210572WA012090136400110
B1245545211983N00210562WA012070136100110
B1245555211994N00210552WA012050135800110
LFLA12455603srurlqkpxZ[d`e
B1245565212007N00210540WA012050135500110
B1245575212019N00210528WA012000135100110
B1245585212031N00210515WA011970134800110
B1245595212043N00210501WA011930134600110
B1246005212056N00210487WA011890134300110
B1246015212069N00210472WA011880134200110
B1246025212081N00210457WA011860134000110
B1246035212094N00210442WA011850134000110
B1246045212107N00210427WA011850134000110
B1246055212119N00210412WA011850134000110
B1246065212132N00210397WA011850133900110
B1246075212144N00210382WA011840133800110
B1246085212156N00210366WA011810133600110
B1246095212169N00210351WA011810133300110
B1246105212181N00210335WA011790133100110
B1246115212194N00210320WA011760133000110
B1246125212207N00210304WA011750132800110
B1246135212220N00210289WA011730132700110
B1246145212233N00210274WA011730132600110
B1246155212246N00210259WA011720132600110
B1246165212259N00210244WA011720132500110
B1246175212272N00210230WA011710132300110
B1246185212285N00210217WA011690132100110
B1246195212299N00210203WA011650131900110
B1246205212312N00210190WA011650131800110
B1246215212325N00210176WA011630131600110
B1246225212338N00210161WA011630131500110
B1246235212350N00210143WA011610131300110
B1246245212362N00210123WA011590131300110
B1246255212372N00210100WA011580131300110
B1246265212381N00210076WA011580131200110
B1246275212390N00210052WA011580131100110
B1246285212399N00210028WA011560130900110
B1246295212409N00210004WA011540130700110
B1246305212418N00209980WA011530130600110
B1246315212428N00209957WA011510130400110
B1246325212438N00209933WA011490130200109
B1246335212448N00209909WA011470130100109
B1246345212457N00209886WA011450129900109
B1246355212467N00209862WA011450129800109
B1246365212477N00209838WA011440129700109
B1246375212488N00209815WA011420129700109
B1246385212498N00209792WA011420129700110
B1246395212508N00209770WA011430129700110
B1246405212518N00209748WA011420129500110
B1246415212528N00209726WA011390129400110
B1246425212538N00209704WA011380129200110
B1246435212549N00209681WA011360129000110
B1246445212559N00209659WA011340128900110
B1246455212569N00209637WA011330128700110
B1246465212579N00209615WA011320128600110
B1246475212589N00209592WA011300128500110
B1246485212598N00209570WA011300128400110
B1246495212608N00209547WA011290128300110
B1246505212618N00209524WA011280128200110
B1246515212627N00209502WA011280128100110
B1246525212637N00209480WA011270128000110
B1246535212647N00209458WA011260127900110
B1246545212658N00209437WA011250127800110
B1246555212668N00209415WA011240127800110
LFLA12465603srurjomnv]#c_b
B1246565212678N00209394WA011230127700110
B1246575212688N00209373WA011230127700110
B1246585212698N00209352WA011220127600110
B1246595212708N00209331WA011210127600110
B1247005212718N00209311WA011200127400110
B1247015212728N00209291WA011200127200110
B1247025212737N00209270WA011180127200110
B1247035212747N00209250WA011170127200110
B1247045212756N00209230WA011160127300110
B1247055212766N00209212WA011180127400110
B1247065212778N00209197WA011200127500110
B1247075212791N00209190WA011210127400110
B1247085212804N00209192WA011180127100110
B1247095212817N00209201WA011140126700110
B1247105212827N00209218WA011090126100110
B1247115212835N00209241WA011050125600110
B1247125212838N00209268WA011000125100110
B1247135212840N00209297WA010960124900110
B1247145212840N00209327WA010960125000110
B1247155212840N00209356WA010950125000110
B1247165212840N00209384WA010960124900110
B1247175212840N00209413WA010940124700110
B1247185212841N00209441WA010930124500110
B1247195212841N00209469WA010910124300110
B1247205212842N00209498WA010890124100110
B1247215212844N00209526WA010870124000110
B1247225212846N00209554WA010870123900110
B1247235212849N00209582WA010850123900110
B1247245212854N00209609WA010850124000110
B1247255212859N00209635WA010870124200110
B1247265212866N00209659WA010880124300110
B1247275212874N00209681WA010880124500110
B1247285212883N00209701WA010900124700110
B1247295212893N00209718WA010920124900110
B1247305212904N00209734WA010940125100110
B1247315212915N00209748WA010960125200110
B1247325212927N00209761WA010960125100110
B1247335212938N00209774WA010950124900110
B1247345212950N00209788WA010940124800110
B1247355212962N00209802WA010920124700110
B1247365212973N00209817WA010920124600110
B1247375212985N00209831WA010910124600110
B1247385212997N00209846WA010900124500110
B1247395213008N00209860WA010900124500110
B1247405213020N00209875WA010900124400110
B1247415213031N00209889WA010890124400110
B1247425213043N00209903WA010890124300110
B1247435213054N00209917WA010880124200110
B1247445213066N00209931WA010870124000110
B1247455213077N00209946WA010840123800110
B1247465213088N00209960WA010820123700110
B1247475213100N00209975WA010820123600110
B1247485213111N00209990WA010800123600110
B1247495213123N00210005WA010800123600110
B1247505213135N00210021WA010810123600110
B1247515213146N00210036WA010810123600110
B1247525213158N00210051WA010810123600110
B1247535213170N00210066WA010810123600110
B1247545213182N00210082WA010790123500110
B1247555213193N00210098WA010780123400110
LFLA12475603srurfcibZyxosn
B1247565213205N00210114WA010770123300110
B1247575213216N00210131WA010760123200110
B1247585213227N00210148WA010760123200110
B1247595213238N00210166WA010760123200110
F12475907030406171911213109
B1248005213248N00210184WA010760123200110
B1248015213258N00210202WA010750123200110
B1248025213268N00210219WA010740123100110
B1248035213278N00210237WA010740123000110
B1248045213288N00210255WA010730122900110
B1248055213298N00210273WA010720122800110
B1248065213308N00210291WA010720122700110
B1248075213317N00210309WA010710122600110
B1248085213327N00210327WA010700122500110
B1248095213338N00210345WA010690122300110
B1248105213348N00210363WA010670122200110
B1248115213358N00210381WA010650122000110
B1248125213368N00210400WA010640121800110
B1248135213378N00210419WA010620121800110
B1248145213389N00210437WA010620121700110
B1248155213399N00210456WA010620121800110
B1248165213410N00210474WA010620121800110
B1248175213420N00210492WA010610121800110
B1248185213430N00210511WA010610121700110
B1248195213440N00210530WA010610121700110
B1248205213450N00210549WA010600121600110
B1248215213459N00210567WA010600121500110
B1248225213469N00210586WA010580121300110
B1248235213479N00210605WA010560121100110
B1248245213489N00210625WA010550120900110
B1248255213498N00210644WA010510120600110
B1248265213508N00210664WA010490120400110
B1248275213518N00210685WA010470120300110
B1248285213528N00210705WA010450120200110
B1248295213538N00210725WA010440120100110
B1248305213548N00210745WA010430119900110
LFLA124831AZNSTAT 0 0
B1248315213558N00210765WA010400119700110
B1248325213568N00210784WA010400119600110
B1248335213578N00210804WA010380119400110
B1248345213588N00210823WA010370119300110
B1248355213597N00210843WA010350119200110
B1248365213607N00210863WA010340119100110
B1248375213617N00210883WA010320119100110
B1248385213626N00210902WA010310118900110
B1248395213636N00210922WA010300118700110
B1248405213646N00210941WA010290118500110
B1248415213656N00210961WA010280118500110
B1248425213666N00210981WA010280118800110
B1248435213675N00211000WA010320119200110
B1248445213683N00211018WA010360119600110
B1248455213691N00211035WA010360120000110
B1248465213698N00211051WA010410120300110
B1248475213706N00211067WA010440120300110
B1248485213713N00211082WA010460120200110
B1248495213721N00211097WA010440120100110
B1248505213729N00211113WA010420120000110
B1248515213738N00211128WA010420120100110
B1248525213746N00211144WA010420120100110
B1248535213754N00211159WA010430120200110
B1248545213763N00211173WA010430120200110
B1248555213772N00211185WA010430120200110
LFLA12485603srurfcibZyxosn
B1248565213781N00211196WA010440120300110
B1248575213790N00211208WA010450120300110
B1248585213799N00211219WA010450120400110
B1248595213808N00211229WA010450120400110
B1249005213817N00211240WA010450120500110
B1249015213826N00211250WA010460120400110
B1249025213835N00211260WA010460120400110
B1249035213844N00211269WA010450120300110
B1249045213853N00211279WA010450120300110
B1249055213862N00211288WA010440120300110
B1249065213871N00211296WA010440120300110
B1249075213881N00211304WA010440120200110
B1249085213890N00211313WA010440120200110
B1249095213900N00211321WA010410120100110
B1249105213910N00211329WA010400119900110
B1249115213920N00211338WA010400119700110
B1249125213930N00211347WA010380119400110
B1249135213940N00211357WA010360119200110
B1249145213951N00211367WA010320119000110
B1249155213961N00211377WA010310118800110
B1249165213971N00211388WA010290118600109
B1249175213981N00211399WA010270118300109
B1249185213991N00211410WA010240117900110
B1249195214002N00211421WA010200117600110
B1249205214012N00211432WA010170117400110
B1249215214023N00211443WA010150117200110
LFLA124921RFC 19927 35655 465 0 0
B1249225214033N00211454WA010130117000110
B1249235214044N00211465WA010090116600110
B1249245214055N00211476WA010090116300110
B1249255214066N00211488WA010060115900110
B1249265214078N00211499WA010010115400110
B1249275214090N00211512WA009970114900110
B1249285214102N00211525WA009920114500110
B1249295214114N00211538WA009880114200110
B1249305214127N00211552WA009850113900110
B1249315214139N00211566WA009820113600110
B1249325214152N00211580WA009780113300110
B1249335214164N00211596WA009750112900110
B1249345214177N00211611WA009710112600110
B1249355214189N00211627WA009690112400110
B1249365214202N00211644WA009660112100110
B1249375214214N00211660WA009660112000110
B1249385214226N00211676WA009640111700110
B1249395214238N00211692WA009610111500110
B1249405214250N00211708WA009600111200110
B1249415214262N00211725WA009560111000110
B1249425214274N00211742WA009540110800110
B1249435214286N00211760WA009520110600110
B1249445214298N00211777WA009500110300110
B1249455214310N00211793WA009470110200110
B1249465214322N00211810WA009450110000110
B1249475214334N00211826WA009440109900110
B1249485214347N00211842WA009420109700110
B1249495214359N00211858WA009400109400110
B1249505214372N00211873WA009400109100110
B1249515214384N00211889WA009360108800110
B1249525214397N00211904WA009330108500110
B1249535214409N00211919WA009300108300110
B1249545214422N00211935WA009270108100110
B1249555214434N00211951WA009250107900110
LFLA12495603sruridfe]srmyl
B1249565214447N00211967WA009230107700110
B1249575214459N00211983WA009200107500110
B1249585214472N00212000WA009180107300110
B1249595214484N00212016WA009160107100110
B1250005214497N00212033WA009140106900110
B1250015214509N00212050WA009120106700110
B1250025214521N00212067WA009120106500110
B1250035214533N00212084WA009100106300110
B1250045214544N00212101WA009070106100110
B1250055214556N00212119WA009060105900110
B1250065214567N00212138WA009040105900110
B1250075214578N00212156WA009040106000110
B1250085214588N00212175WA009040106100110
B1250095214598N00212193WA009060106200110
B1250105214607N00212212WA009060106200110
B1250115214616N00212230WA009070106400110
B1250125214624N00212248WA009100106700110
B1250135214632N00212267WA009130107000110
B1250145214639N00212285WA009160107300110
B1250155214647N00212303WA009160107600110
B1250165214654N00212322WA009190107900110
B1250175214660N00212340WA009220108300110
B1250185214667N00212359WA009270108700110
B1250195214671N00212379WA009320108900110
B1250205214673N00212401WA009340108900110
B1250215214670N00212424WA009330108700110
B1250225214662N00212447WA009300108400110
B1250235214651N00212467WA009260108000110
B1250245214635N00212482WA009230107700110
B1250255214617N00212491WA009200107500110
B1250265214598N00212491WA009200107500110
B1250275214581N00212483WA009190107500110
B1250285214565N00212468WA009190107500110
B1250295214554N00212448WA009200107400110
B1250305214547N00212425WA009190107300110
B1250315214545N00212402WA009170107000110
B1250325214548N00212380WA009160106800110
B1250335214555N00212362WA009140106700110
B1250345214565N00212352WA009130106700110
B1250355214577N00212347WA009140106800110
B1250365214589N00212346WA009160107300110
B1250375214600N00212347WA009200107900110
B1250385214611N00212348WA009260108300110
B1250395214621N00212350WA009300108700110
B1250405214632N00212352WA009300108900110
B1250415214642N00212357WA009330109100110
B1250425214652N00212364WA009360109200110
B1250435214661N00212374WA009370109100110
B1250445214670N00212387WA009360108900110
B1250455214677N00212404WA009330108600110
B1250465214684N00212423WA009300108400110
B1250475214691N00212444WA009270108200110
B1250485214697N00212465WA009240108000110
B1250495214703N00212487WA009230107900110
B1250505214709N00212508WA009220107800110
B1250515214715N00212530WA009210107700110
B1250525214720N00212552WA009200107700110
B1250535214725N00212574WA009200107600110
B1250545214730N00212596WA009190107500110
B1250555214735N00212617WA009180107500110
LFLA12505603srurpmolta`g[f
B1250565214739N00212639WA009170107400110
B1250575214743N00212661WA009170107300110
B1250585214747N00212682WA009160107200110
B1250595214751N00212704WA009150107200110
B1251005214754N00212726WA009140107000110
B1251015214757N00212749WA009120106800110
B1251025214760N00212772WA009100106600110
B1251035214764N00212796WA009090106500110
B1251045214767N00212820WA009080106400110
B1251055214770N00212845WA009080106400110
B1251065214774N00212870WA009080106600110
B1251075214777N00212895WA009090106800110
B1251085214782N00212920WA009110107100110
B1251095214786N00212944WA009150107400110
B1251105214793N00212967WA009190107800110
B1251115214801N00212987WA009240108200110
B1251125214812N00213001WA009270108500110
B1251135214824N00213006WA009310108700110
B1251145214837N00213002WA009340109000110
B1251155214847N00212988WA009360109200108
B1251165214854N00212968WA009380109400108
B1251175214856N00212944WA009390109500109
B1251185214853N00212919WA009400109600110
B1251195214845N00212896WA009400109700110
B1251205214832N00212877WA009420109800110
B1251215214817N00212863WA009420109900110
B1251225214799N00212856WA009430110000110
B1251235214782N00212857WA009440110100109
B1251245214765N00212866WA009460110300109
B1251255214751N00212883WA009470110600109
B1251265214740N00212904WA009510111000110
B1251275214731N00212928WA009560111200110
B1251285214726N00212953WA009580111400110
B1251295214727N00212978WA009600111700110
B1251305214733N00213000WA009610111900110
B1251315214743N00213016WA009620112000110
B1251325214757N00213022WA009620112100110
B1251335214770N00213018WA009640112300110
B1251345214781N00213004WA009670112700108
B1251355214789N00212983WA009690112900108
B1251365214791N00212958WA009720113100109
B1251375214788N00212932WA009740113300110
B1251385214780N00212908WA009750113400110
B1251395214768N00212889WA009760113500110
B1251405214752N00212875WA009770113500110
B1251415214734N00212870WA009780113600110
B1251425214716N00212873WA009800113900109
B1251435214700N00212883WA009840114200109
B1251445214685N00212898WA009880114500109
B1251455214674N00212919WA009910114800110
B1251465214668N00212944WA009910115200110
B1251475214668N00212969WA009930115600109
B1251485214672N00212991WA009970115900110
B1251495214680N00213009WA010010116200110
B1251505214692N00213020WA010030116500209
B1251515214705N00213023WA010050116800210
B1251525214718N00213019WA010090117000209
B1251535214729N00213007WA010120117300210
B1251545214737N00212988WA010140117500210
B1251555214741N00212966WA010160117600210
LFLA12515603tuurSVTWOBC<H=
B1251565214741N00212941WA010170117600209
B1251575214736N00212917WA010170117700209
B1251585214726N00212895WA010180117700209
B1251595214713N00212878WA010180117600209
B1252005214696N00212867WA010180117600210
B1252015214677N00212866WA010170117700210
B1252025214660N00212873WA010180117900210
B1252035214645N00212889WA010200118100210
B1252045214633N00212910WA010240118400210
B1252055214627N00212935WA010260118800210
B1252065214626N00212961WA010300119200209
B1252075214630N00212983WA010330119600209
B1252085214637N00213002WA010370119800209
B1252095214648N00213014WA010400120000209
B1252105214661N00213018WA010410120100209
B1252115214674N00213014WA010420120200209
B1252125214685N00213000WA010420120300209
B1252135214692N00212980WA010440120400209
B1252145214696N00212955WA010440120400209
B1252155214694N00212929WA010440120400208
B1252165214686N00212904WA010460120500209
B1252175214674N00212884WA010470120800210
B1252185214658N00212871WA010490120900210
B1252195214641N00212866WA010510121000210
B1252205214623N00212870WA010530121200210
B1252215214608N00212883WA010550121300209
B1252225214597N00212904WA010570121500209
B1252235214592N00212929WA010590121800209
B1252245214594N00212953WA010630122100208
B1252255214601N00212972WA010630122300208
B1252265214612N00212983WA010660122500210
B1252275214625N00212984WA010670122600210
B1252285214637N00212975WA010680122700209
B1252295214645N00212957WA010700122800210
B1252305214649N00212934WA010710122800210
B1252315214646N00212909WA010710122900210
B1252325214637N00212887WA010720123100210
B1252335214625N00212869WA010730123300209
B1252345214610N00212857WA010740123400210
B1252355214593N00212851WA010750123500210
B1252365214576N00212853WA010750123600209
B1252375214560N00212859WA010780123700209
B1252385214545N00212872WA010780123900209
B1252395214535N00212892WA010810124200210
B1252405214530N00212915WA010830124400210
B1252415214531N00212939WA010860124500210
B1252425214538N00212958WA010870124600210
B1252435214549N00212970WA010890124800210
B1252445214562N00212973WA010910124900210
B1252455214575N00212966WA010920125000209
B1252465214585N00212950WA010930125100207
LFLA125247AZNSTAT 0 0
B1252475214590N00212928WA010940125100208
B1252485214589N00212903WA010950125200209
B1252495214581N00212880WA010970125400210
B1252505214568N00212864WA010970125400210
B1252515214551N00212856WA010970125400210
B1252525214534N00212858WA010980125400210
B1252535214519N00212870WA010970125400209
B1252545214506N00212889WA010980125600209
B1252555214498N00212912WA010990125800210
LFLA12525603tuurYTVUMHI>B?
B1252565214495N00212936WA011010126100209
B1252575214496N00212960WA011040126500209
B1252585214500N00212981WA011090126900210
B1252595214508N00212998WA011120127200209
F125259070304061911213109
B1253005214519N00213007WA011150127400209
B1253015214532N00213007WA011170127500209
B1253025214543N00212999WA011180127500209
B1253035214551N00212982WA011180127500210
B1253045214554N00212958WA011180127300210
B1253055214551N00212933WA011170127200209
B1253065214542N00212910WA011150127200210
B1253075214527N00212895WA011160127300210
B1253085214509N00212890WA011170127400210
B1253095214492N00212895WA011180127500209
B1253105214477N00212909WA011190127600209
B1253115214467N00212930WA011200127700209
B1253125214462N00212954WA011220128000208
B1253135214461N00212978WA011240128400209
B1253145214464N00213000WA011290128800210
B1253155214471N00213017WA011320129000210
B1253165214482N00213029WA011340129200210
B1253175214494N00213032WA011340129300210
B1253185214505N00213025WA011340129300209
B1253195214515N00213011WA011360129300208
B1253205214520N00212989WA011360129400208
B1253215214520N00212964WA011350129400209
B1253225214515N00212939WA011360129400210
B1253235214505N00212918WA011370129400210
B1253245214489N00212905WA011370129400210
B1253255214472N00212899WA011370129500210
B1253265214454N00212902WA011370129500210
B1253275214438N00212913WA011380129500210
B1253285214425N00212931WA011380129500210
B1253295214418N00212954WA011380129500210
B1253305214416N00212978WA011380129500209
B1253315214420N00213000WA011380129600210
B1253325214429N00213016WA011390129800210
B1253335214439N00213026WA011400130000210
B1253345214451N00213029WA011420130100210
B1253355214463N00213024WA011430130200209
B1253365214473N00213012WA011450130300209
B1253375214482N00212996WA011450130400209
LFLA125337RFC 20439 35655 465 0 0
B1253385214488N00212976WA011470130400210
B1253395214493N00212954WA011470130400210
B1253405214495N00212931WA011480130400210
B1253415214491N00212906WA011460130300210
B1253425214482N00212885WA011460130200209
B1253435214468N00212869WA011460130200209
B1253445214451N00212861WA011460130200209
B1253455214433N00212863WA011450130300209
B1253465214416N00212872WA011450130300208
B1253475214402N00212888WA011460130300208
B1253485214391N00212910WA011460130300210
B1253495214385N00212934WA011460130400209
B1253505214383N00212958WA011470130500209
B1253515214384N00212981WA011480130700210
B1253525214388N00213002WA011500130900210
B1253535214394N00213020WA011530131100209
B1253545214403N00213035WA011550131200110
B1253555214413N00213046WA011550131400111
LFLA12535603srruehbiarslxm
B1253565214423N00213056WA011560131500111
B1253575214434N00213066WA011570131600111
B1253585214445N00213075WA011580131800111
B1253595214456N00213084WA011600132000111
B1254005214467N00213093WA011620132200111
B1254015214478N00213101WA011650132300111
B1254025214489N00213108WA011660132400111
B1254035214500N00213115WA011670132500111
B1254045214511N00213121WA011690132700111
B1254055214522N00213127WA011710132800111
B1254065214533N00213133WA011690132500111
B1254075214544N00213138WA011660132200111
B1254085214556N00213142WA011660131800111
B1254095214568N00213147WA011620131400111
B1254105214581N00213151WA011580131000111
B1254115214594N00213155WA011540130600111
B1254125214607N00213160WA011500130100111
B1254135214621N00213165WA011440129800111
B1254145214634N00213172WA011400129500111
B1254155214648N00213179WA011370129300111
B1254165214661N00213187WA011360129200111
B1254175214674N00213195WA011350128900110
B1254185214687N00213203WA011330128800111
B1254195214700N00213211WA011310128600111
B1254205214713N00213218WA011300128500110
B1254215214726N00213225WA011300128400111
B1254225214739N00213232WA011290128200111
B1254235214753N00213238WA011270128000111
B1254245214767N00213244WA011250127800111
B1254255214781N00213250WA011220127600111
B1254265214795N00213256WA011200127400111
B1254275214810N00213262WA011180127200111
B1254285214824N00213269WA011160127100111
B1254295214838N00213275WA011150127000111
B1254305214852N00213282WA011140127000111
B1254315214866N00213288WA011140126900111
B1254325214880N00213294WA011140126800111
B1254335214893N00213301WA011130126800111
B1254345214907N00213307WA011130126800111
B1254355214920N00213314WA011120126700111
B1254365214933N00213322WA011110126700111
B1254375214947N00213330WA011110126500111
B1254385214960N00213338WA011090126400111
B1254395214973N00213347WA011090126300111
B1254405214985N00213355WA011080126200111
B1254415214998N00213364WA011060126000111
B1254425215011N00213373WA011050125800110
B1254435215024N00213381WA011030125600110
B1254445215037N00213389WA011000125300110
B1254455215051N00213397WA010980125200110
B1254465215064N00213404WA010950124900111
B1254475215077N00213411WA010950124700111
B1254485215091N00213418WA010920124500111
B1254495215104N00213424WA010900124300111
B1254505215118N00213430WA010880124100111
B1254515215132N00213436WA010860123900111
B1254525215145N00213442WA010840123800110
B1254535215159N00213448WA010830123700110
B1254545215172N00213454WA010800123500110
B1254555215186N00213460WA010780123300110
LFLA12545603srurhegd#wvqup
B1254565215200N00213466WA010750123100110
B1254575215214N00213473WA010730122900110
B1254585215228N00213480WA010720122700110
B1254595215243N00213487WA010700122400110
B1255005215257N00213495WA010700122300110
B1255015215271N00213503WA010680122100110
B1255025215285N00213511WA010670122000110
B1255035215298N00213519WA010660121900110
B1255045215312N00213528WA010640121800111
B1255055215326N00213537WA010630121700111
B1255065215339N00213545WA010610121500111
B1255075215353N00213554WA010600121300111
B1255085215366N00213562WA010570121100111
B1255095215380N00213570WA010550120800111
B1255105215394N00213578WA010520120600111
B1255115215408N00213586WA010500120500111
B1255125215422N00213593WA010480120300111
B1255135215436N00213601WA010480120200111
B1255145215450N00213608WA010470120000111
B1255155215464N00213615WA010440119800111
B1255165215478N00213622WA010420119600111
B1255175215493N00213629WA010400119400111
B1255185215507N00213636WA010380119200111
B1255195215521N00213643WA010360119000111
B1255205215535N00213650WA010330118800111
B1255215215549N00213657WA010300118600111
B1255225215563N00213664WA010280118300111
B1255235215577N00213671WA010260118100111
B1255245215591N00213679WA010230117800111
B1255255215605N00213686WA010210117600111
B1255265215619N00213695WA010210117500111
B1255275215632N00213703WA010200117400111
B1255285215645N00213711WA010190117200111
B1255295215658N00213719WA010170117100111
B1255305215671N00213727WA010160116800111
B1255315215684N00213735WA010130116500111
B1255325215696N00213742WA010090116200111
B1255335215709N00213750WA010060115900111
B1255345215723N00213757WA010020115600111
B1255355215736N00213765WA009980115300111
B1255365215748N00213774WA009960115100111
B1255375215761N00213782WA009930114800111
B1255385215774N00213791WA009910114500111
B1255395215786N00213799WA009910114200111
B1255405215799N00213808WA009880114000111
B1255415215812N00213816WA009850113600111
B1255425215824N00213825WA009820113300111
B1255435215837N00213833WA009790113100111
B1255445215850N00213842WA009760112900111
B1255455215862N00213851WA009730112500111
B1255465215875N00213860WA009690112200111
B1255475215887N00213869WA009670111800111
B1255485215900N00213878WA009620111500111
B1255495215912N00213888WA009590111200111
B1255505215925N00213898WA009560110800111
B1255515215937N00213908WA009530110500110
B1255525215950N00213917WA009530110300111
B1255535215963N00213927WA009490110100110
B1255545215975N00213937WA009480109900110
B1255555215987N00213947WA009460109700111
LFLA12555603srurbgef%srmyl
B1255565216000N00213958WA009430109500110
B1255575216012N00213969WA009410109200111
B1255585216025N00213979WA009390109000111
B1255595216037N00213990WA009370108800111
B1256005216050N00214001WA009350108600110
B1256015216063N00214011WA009320108400111
B1256025216075N00214021WA009290108100111
B1256035216089N00214031WA009250107800111
B1256045216102N00214041WA009220107500111
B1256055216116N00214051WA009220107200110
B1256065216130N00214061WA009190106900111
B1256075216144N00214073WA009160106700111
B1256085216158N00214085WA009140106500110
B1256095216171N00214098WA009110106300110
B1256105216184N00214112WA009090106100110
B1256115216197N00214127WA009070105900110
B1256125216210N00214144WA009060105800110
B1256135216222N00214161WA009050105800110
B1256145216233N00214178WA009040105700110
B1256155216244N00214196WA009030105600110
B1256165216255N00214215WA009010105400110
B1256175216266N00214233WA009000105300110
B1256185216277N00214250WA009000105200110
B1256195216288N00214268WA008980105100110
B1256205216298N00214285WA008980104900110
B1256215216309N00214302WA008960104700110
B1256225216319N00214319WA008930104500110
B1256235216330N00214336WA008900104300110
B1256245216341N00214352WA008890104100110
B1256255216351N00214368WA008870103900110
B1256265216362N00214384WA008840103600110
B1256275216373N00214400WA008810103400110
B1256285216383N00214416WA008790103100110
B1256295216394N00214431WA008760102900110
B1256305216405N00214447WA008740102700110
B1256315216416N00214462WA008740102500110
B1256325216427N00214477WA008720102400110
B1256335216437N00214492WA008700102300110
B1256345216448N00214506WA008700102300110
B1256355216459N00214521WA008690102300110
B1256365216469N00214535WA008700102100110
B1256375216480N00214550WA008670101800110
B1256385216490N00214565WA008630101500110
B1256395216501N00214580WA008600101200110
B1256405216512N00214594WA008570101000110
B1256415216523N00214608WA008550100800110
B1256425216534N00214622WA008530100600110
B1256435216546N00214636WA008510100300110
B1256445216558N00214650WA008510100000110
B1256455216570N00214665WA008490099600110
B1256465216582N00214680WA008440099100110
B1256475216594N00214696WA008390098700110
B1256485216606N00214712WA008340098400110
B1256495216617N00214730WA008310098000110
B1256505216628N00214747WA008280097700110
B1256515216640N00214764WA008250097600110
B1256525216651N00214781WA008240097500110
B1256535216663N00214798WA008210097200110
B1256545216674N00214814WA008180097000110
B1256555216685N00214831WA008160096700110
LFLA12565603srurfcibZyxosn
B1256565216696N00214847WA008130096400110
B1256575216707N00214863WA008130096100110
B1256585216719N00214880WA008090095700110
B1256595216730N00214896WA008050095300110
B1257005216741N00214912WA008000094800110
B1257015216753N00214928WA007960094500110
B1257025216765N00214944WA007920094200110
LFLA125703AZNSTAT 0 0
B1257035216778N00214960WA007890094000110
B1257045216791N00214976WA007870093900110
B1257055216803N00214992WA007870094000110
B1257065216815N00215008WA007890094100110
B1257075216827N00215024WA007890094300110
B1257085216839N00215039WA007920094600110
B1257095216850N00215054WA007950094900110
B1257105216861N00215068WA007950095100110
B1257115216871N00215082WA007970095300110
B1257125216882N00215096WA007980095300110
B1257135216893N00215109WA007980095100110
B1257145216904N00215123WA007960094700110
B1257155216915N00215137WA007920094200110
B1257165216928N00215151WA007880093800110
B1257175216940N00215167WA007850093600109
B1257185216953N00215183WA007820093500110
B1257195216966N00215201WA007810093400110
B1257205216978N00215218WA007810093400110
B1257215216991N00215236WA007820093500110
B1257225217003N00215255WA007830093600110
B1257235217014N00215273WA007830094100110
B1257245217024N00215290WA007860094800110
B1257255217033N00215307WA007930095400110
B1257265217041N00215322WA007990096000110
B1257275217049N00215337WA008060096500110
B1257285217056N00215351WA008120096900110
B1257295217063N00215365WA008150097200110
B1257305217069N00215379WA008170097500110
B1257315217076N00215393WA008210097800110
B1257325217082N00215406WA008230097900110
B1257335217089N00215419WA008240097900110
B1257345217097N00215432WA008240097900110
B1257355217105N00215445WA008250097900110
B1257365217112N00215458WA008250098000110
B1257375217119N00215474WA008250098000110
B1257385217126N00215491WA008250098100110
B1257395217132N00215510WA008260098200110
B1257405217137N00215529WA008290098500110
B1257415217143N00215548WA008320098800110
B1257425217151N00215565WA008340099000110
B1257435217161N00215577WA008360099100110
B1257445217172N00215583WA008360099200110
B1257455217183N00215582WA008360099100110
B1257465217194N00215574WA008360098900110
B1257475217202N00215558WA008330098800109
B1257485217207N00215537WA008320098600110
B1257495217207N00215513WA008320098500109
B1257505217201N00215488WA008310098600110
B1257515217191N00215466WA008320098900110
B1257525217176N00215449WA008340099300110
B1257535217159N00215437WA008380099800109
LFLA125753RFC 20951 35655 465 0 0
B1257545217141N00215434WA008450100400109
B1257555217123N00215440WA008500100900110
LFLA12575603srura#%]epqvjw
B1257565217108N00215454WA008550101400110
B1257575217097N00215474WA008590101800110
B1257585217090N00215497WA008630101900110
B1257595217089N00215521WA008630101900110
F12575907030406191121312609
B1258005217092N00215543WA008630101900210
B1258015217101N00215560WA008630102000210
B1258025217112N00215568WA008630102000209
B1258035217125N00215567WA008630102000209
B1258045217136N00215557WA008640102100209
B1258055217145N00215539WA008640102100210
B1258065217150N00215517WA008630102100210
B1258075217149N00215491WA008630102100209
B1258085217144N00215466WA008650102400209
B1258095217133N00215444WA008680102700209
B1258105217118N00215426WA008720103200210
B1258115217101N00215415WA008780103800208
B1258125217083N00215412WA008840104300209
B1258135217065N00215416WA008880104800209
B1258145217048N00215428WA008920105000209
B1258155217035N00215446WA008920105200209
B1258165217025N00215469WA008940105300209
B1258175217021N00215495WA008950105400209
B1258185217022N00215520WA008970105500209
B1258195217029N00215540WA008970105600210
B1258205217039N00215553WA008990105700210
B1258215217052N00215556WA009000106000209
B1258225217063N00215551WA009030106200209
B1258235217072N00215537WA009040106300210
B1258245217077N00215518WA009060106400208
B1258255217078N00215495WA009080106600210
B1258265217073N00215471WA009100106800210
B1258275217063N00215449WA009120107000210
B1258285217049N00215433WA009120107300210
B1258295217031N00215426WA009150107700209
B1258305217012N00215428WA009190108100208
B1258315216994N00215439WA009220108300207
B1258325216980N00215458WA009260108500209
B1258335216970N00215482WA009290108700209
B1258345216966N00215509WA009310108900209
B1258355216967N00215535WA009330109000209
B1258365216974N00215555WA009340109200210
B1258375216985N00215567WA009360109500209
B1258385216997N00215571WA009400109800210
B1258395217008N00215565WA009420110000210
B1258405217018N00215552WA009440110200210
B1258415217024N00215534WA009440110300209
B1258425217025N00215511WA009460110300210
B1258435217020N00215487WA009460110300209
B1258445217010N00215465WA009460110400209
B1258455216995N00215449WA009470110600210
B1258465216977N00215441WA009500110900210
B1258475216958N00215442WA009530111200210
B1258485216940N00215453WA009560111500209
B1258495216925N00215470WA009580111700210
B1258505216914N00215493WA009600111800210
B1258515216908N00215520WA009620112000209
B1258525216908N00215546WA009620112100209
B1258535216912N00215569WA009620112300209
B1258545216921N00215586WA009650112600210
B1258555216932N00215596WA009670112900209
LFLA12585603tuurdich`xynro
B1258565216944N00215598WA009700113000210
B1258575216956N00215591WA009720113100210
B1258585216965N00215577WA009740113300209
B1258595216971N00215557WA009760113400210
B1259005216972N00215534WA009760113500210
B1259015216968N00215510WA009780113600209
B1259025216959N00215487WA009780113700210
B1259035216946N00215469WA009800113800210
B1259045216929N00215456WA009810113900209
B1259055216910N00215450WA009820114100209
B1259065216891N00215452WA009840114300207
B1259075216873N00215461WA009840114600208
B1259085216856N00215476WA009870114900209
B1259095216843N00215496WA009900115000210
B1259105216835N00215521WA009930115200210
B1259115216833N00215547WA009940115300208
B1259125216836N00215570WA009960115500209
B1259135216843N00215587WA009970115700210
B1259145216854N00215597WA009980115800208
B1259155216866N00215598WA009990115900209
B1259165216878N00215591WA010000116000209
B1259175216887N00215575WA010010116100209
B1259185216892N00215554WA010040116300208
B1259195216892N00215529WA010040116500210
B1259205216886N00215503WA010070116800210
B1259215216876N00215480WA010090117000210
B1259225216860N00215463WA010110117100210
B1259235216842N00215453WA010120117200207
B1259245216822N00215452WA010140117300207
B1259255216804N00215462WA010160117500206
B1259265216788N00215480WA010170117700207
B1259275216776N00215502WA010190117800208
B1259285216769N00215528WA010200118000209
B1259295216767N00215554WA010220118200208
B1259305216770N00215577WA010240118500210
B1259315216778N00215594WA010250118700210
B1259325216788N00215605WA010270118900210
B1259335216800N00215609WA010270119000210
B1259345216812N00215604WA010280119000210
B1259355216822N00215592WA010290119100210
B1259365216830N00215572WA010310119400210
B1259375216832N00215548WA010340119600209
B1259385216828N00215522WA010400120000209
B1259395216817N00215500WA010430120300209
B1259405216801N00215484WA010460120500209
B1259415216782N00215478WA010470120500208
B1259425216762N00215482WA010480120600208
B1259435216746N00215497WA010480120600207
B1259445216735N00215520WA010490120700208
B1259455216730N00215546WA010490120900209
B1259465216734N00215569WA010510121000210
B1259475216744N00215584WA010520121200209
B1259485216757N00215585WA010530121400209
B1259495216769N00215574WA010550121500310
B1259505216776N00215552WA010580121800309
B1259515216776N00215525WA010620122200310
B1259525216767N00215500WA010660122600309
B1259535216752N00215481WA010700122900310
B1259545216733N00215473WA010720123100309
B1259555216714N00215476WA010740123200308
LFLA12595603uturHEGD<RSLXM
B1259565216698N00215489WA010740123300308
B1259575216686N00215510WA010750123400309
B1259585216681N00215534WA010750123400309
B1259595216682N00215556WA010760123500309
B1300005216690N00215573WA010770123500310
B1300015216702N00215579WA010770123500308
B1300025216714N00215574WA010780123600310
B1300035216724N00215557WA010790123800310
B1300045216728N00215533WA010810123900310
B1300055216724N00215507WA010830124000309
B1300065216712N00215484WA010840123900309
B1300075216695N00215471WA010840123800310
B1300085216676N00215471WA010830123800307
B1300095216659N00215483WA010810123700307
B1300105216645N00215504WA010810123600308
B1300115216638N00215530WA010810123600309
B1300125216639N00215555WA010810123600309
B1300135216646N00215575WA010800123800308
B1300145216658N00215586WA010820124200209
B1300155216671N00215587WA010860124600209
B1300165216682N00215577WA010910125000209
B1300175216689N00215559WA010950125300209
B1300185216690N00215534WA010990125600210
B1300195216684N00215508WA011000125700209
B1300205216673N00215487WA011020125700209
B1300215216657N00215473WA011010125700207
B1300225216639N00215469WA011010125800209
B1300235216621N00215474WA011010125700207
B1300245216606N00215489WA011010125700207
B1300255216594N00215509WA011000125600208
B1300265216587N00215533WA011000125500209
B1300275216586N00215558WA010980125500209
B1300285216590N00215580WA010980125500209
B1300295216599N00215597WA010990125800210
B1300305216609N00215607WA011020126100209
B1300315216621N00215610WA011050126400209
B1300325216632N00215602WA011070126600209
B1300335216639N00215584WA011080126700209
B1300345216640N00215560WA011100126800209
B1300355216637N00215533WA011120127000209
B1300365216630N00215507WA011140127100209
B1300375216618N00215486WA011140127200209
B1300385216601N00215473WA011150127300209
B1300395216583N00215471WA011160127300208
B1300405216565N00215479WA011150127300207
B1300415216550N00215494WA011150127200207
B1300425216538N00215516WA011140127200209
B1300435216531N00215541WA011140127200209
B1300445216529N00215565WA011150127400208
B1300455216532N00215588WA011170127700208
B1300465216538N00215606WA011200128000210
B1300475216547N00215620WA011240128500210
B1300485216555N00215631WA011290128900210
B1300495216564N00215642WA011290129100110
B1300505216574N00215651WA011310129100110
B1300515216583N00215660WA011320129000109
B1300525216594N00215668WA011310129100109
B1300535216605N00215675WA011310129200108
B1300545216615N00215682WA011330129500108
B1300555216626N00215690WA011340129800109
LFLA13005603srurhegd#wvqup
B1300565216637N00215696WA011380130100109
B1300575216648N00215702WA011430130500109
B1300585216658N00215707WA011490131000110
B1300595216669N00215711WA011530131400110
B1301005216680N00215715WA011560131700110
B1301015216691N00215719WA011600132000109
B1301025216702N00215725WA011600132200109
B1301035216712N00215731WA011620132400109
B1301045216722N00215739WA011650132600109
B1301055216732N00215748WA011670132800108
B1301065216742N00215758WA011680132900109
B1301075216752N00215768WA011710133000110
B1301085216761N00215779WA011720133000110
B1301095216771N00215789WA011710133000110
B1301105216781N00215799WA011720133200110
B1301115216792N00215809WA011730133400110
B1301125216802N00215819WA011770133700110
B1301135216813N00215829WA011800134000110
B1301145216823N00215839WA011840134300110
B1301155216834N00215850WA011860134600110
B1301165216845N00215860WA011860135000110
B1301175216856N00215870WA011900135400110
B1301185216867N00215879WA011950135800110
LFLA130119AZNSTAT 0 0
B1301195216878N00215888WA011990136100110
B1301205216888N00215898WA012020136400110
B1301215216899N00215907WA012060136600110
B1301225216910N00215918WA012080136800110
B1301235216921N00215928WA012100137000110
B1301245216932N00215939WA012120137100110
B1301255216943N00215949WA012130137200110
B1301265216955N00215960WA012150137300110
B1301275216967N00215971WA012150137300110
B1301285216978N00215982WA012150137300110
B1301295216990N00215994WA012150137300110
B1301305217002N00216005WA012150137200110
B1301315217014N00216017WA012160137400110
B1301325217026N00216028WA012170137700110
B1301335217039N00216039WA012200138100110
B1301345217050N00216049WA012240138400110
B1301355217062N00216058WA012280138700110
B1301365217074N00216067WA012300138900109
B1301375217086N00216076WA012320139100109
B1301385217097N00216084WA012340139300109
B1301395217109N00216092WA012370139600109
B1301405217120N00216101WA012390139800109
B1301415217131N00216109WA012400140000109
B1301425217142N00216117WA012400140000109
B1301435217153N00216125WA012420140100109
B1301445217164N00216134WA012430140200109
B1301455217175N00216143WA012440140200109
B1301465217186N00216151WA012450140400109
B1301475217197N00216159WA012460140400109
B1301485217208N00216167WA012460140200109
B1301495217219N00216176WA012440139900109
B1301505217230N00216185WA012400139400110
B1301515217242N00216195WA012350138900110
B1301525217254N00216205WA012300138500110
B1301535217266N00216216WA012270138100110
B1301545217279N00216228WA012230137800110
B1301555217291N00216241WA012230137500110
LFLA13015603srurbgef%utkwj
B1301565217303N00216254WA012200137300110
B1301575217315N00216268WA012180137200110
B1301585217327N00216283WA012160137100110
B1301595217339N00216297WA012140136900110
B1302005217352N00216310WA012120136700110
B1302015217364N00216324WA012110136600110
B1302025217377N00216337WA012090136500110
B1302035217390N00216351WA012090136500110
B1302045217402N00216365WA012090136400110
B1302055217414N00216378WA012090136400110
B1302065217426N00216391WA012080136400110
B1302075217438N00216404WA012090136500110
B1302085217450N00216416WA012090136400110
B1302095217461N00216428WA012090136400110
LFLA130209RFC 21463 35655 465 0 0
B1302105217472N00216439WA012080136200110
B1302115217483N00216451WA012070136200110
B1302125217494N00216463WA012050136200110
B1302135217505N00216475WA012060136200110
B1302145217516N00216487WA012060136200110
B1302155217527N00216500WA012070136300110
B1302165217539N00216513WA012080136400110
B1302175217550N00216525WA012090136600110
B1302185217561N00216538WA012110137000110
B1302195217572N00216550WA012160137400109
B1302205217582N00216562WA012200137800110
B1302215217592N00216573WA012200138000110
B1302225217602N00216584WA012220138000110
B1302235217612N00216596WA012230137900110
B1302245217622N00216607WA012220137800110
B1302255217632N00216618WA012210137700110
B1302265217643N00216629WA012190137600110
B1302275217653N00216639WA012190137500110
B1302285217664N00216650WA012180137400110
B1302295217675N00216661WA012170137300110
B1302305217686N00216671WA012170137200110
B1302315217697N00216682WA012150137100110
B1302325217708N00216693WA012130137000110
B1302335217719N00216705WA012120136900110
B1302345217730N00216718WA012120136800110
B1302355217742N00216731WA012120136700110
B1302365217754N00216745WA012110136700110
B1302375217765N00216760WA012110136800110
B1302385217776N00216775WA012130137200110
B1302395217787N00216790WA012170137700110
B1302405217798N00216804WA012220138100110
B1302415217808N00216818WA012270138500110
B1302425217818N00216832WA012300138900110
B1302435217828N00216846WA012340139300110
B1302445217838N00216859WA012380139600110
B1302455217847N00216872WA012410140000110
B1302465217856N00216885WA012440140200110
B1302475217865N00216899WA012440140500110
B1302485217875N00216912WA012460140600110
B1302495217884N00216925WA012480140600110
B1302505217894N00216938WA012500140700110
B1302515217904N00216951WA012500140700110
B1302525217913N00216964WA012500140700110
B1302535217923N00216978WA012490140700110
B1302545217933N00216991WA012490140600110
B1302555217944N00217005WA012490140500110
LFLA13025603srurbgef%utkwj
B1302565217954N00217018WA012480140500110
B1302575217965N00217032WA012480140500110
B1302585217975N00217046WA012480140600110
B1302595217986N00217060WA012500140800110
F13025907030406191121312609
B1303005217997N00217073WA012500140900110
B1303015218009N00217087WA012510141000110
B1303025218020N00217100WA012520141000110
B1303035218032N00217114WA012540141100110
B1303045218044N00217128WA012540141200110
B1303055218055N00217142WA012550141400110
B1303065218066N00217157WA012570141600110
B1303075218077N00217172WA012600141700110
B1303085218087N00217187WA012600141800110
B1303095218097N00217202WA012600141800110
B1303105218107N00217217WA012590141600110
B1303115218116N00217232WA012560141300110
B1303125218126N00217247WA012540141000110
B1303135218136N00217262WA012540140800110
B1303145218146N00217277WA012510140600110
B1303155218156N00217292WA012490140400110
B1303165218166N00217307WA012470140500110
B1303175218176N00217321WA012480140700110
B1303185218185N00217335WA012500141000110
B1303195218194N00217348WA012520141100110
B1303205218203N00217361WA012520140900110
B1303215218212N00217374WA012500140800110
B1303225218221N00217386WA012490140600110
B1303235218231N00217399WA012470140400110
B1303245218240N00217411WA012450140300110
B1303255218250N00217424WA012450140100110
B1303265218260N00217436WA012440139900110
B1303275218270N00217450WA012420139700110
B1303285218279N00217464WA012400139600110
B1303295218288N00217479WA012390139600110
B1303305218297N00217495WA012380139600110
B1303315218305N00217511WA012370139500110
B1303325218313N00217527WA012360139400110
B1303335218322N00217543WA012350139400110
B1303345218329N00217558WA012350139300110
B1303355218337N00217574WA012350139300110
B1303365218345N00217589WA012350139300110
B1303375218353N00217605WA012330139100110
B1303385218362N00217620WA012330139000110
B1303395218370N00217635WA012320138900110
B1303405218378N00217649WA012310138700110
B1303415218387N00217664WA012280138400110
B1303425218396N00217679WA012260138300110
B1303435218405N00217694WA012250138100110
B1303445218414N00217709WA012230138000110
B1303455218423N00217725WA012210137900110
B1303465218432N00217740WA012200137800110
B1303475218441N00217756WA012200137800110
B1303485218451N00217773WA012190137700110
B1303495218460N00217790WA012190137700110
B1303505218469N00217807WA012190137700110
B1303515218478N00217824WA012180137700110
B1303525218487N00217842WA012180137600110
B1303535218495N00217861WA012180137600110
B1303545218504N00217879WA012180137700110
B1303555218512N00217897WA012190137900110
LFLA13035603srurknlow#]b%c
B1303565218520N00217915WA012200138100110
B1303575218527N00217933WA012220138100110
B1303585218535N00217951WA012230138200110
B1303595218542N00217970WA012250138300110
B1304005218548N00217989WA012250138300110
B1304015218555N00218008WA012250138300110
B1304025218562N00218027WA012260138400110
B1304035218568N00218047WA012260138400110
B1304045218574N00218066WA012270138500110
B1304055218581N00218084WA012270138700110
B1304065218587N00218103WA012280138700110
B1304075218591N00218123WA012300138600110
B1304085218592N00218146WA012290138400110
B1304095218591N00218169WA012270138200110
B1304105218591N00218192WA012240138000110
B1304115218592N00218215WA012220137700110
B1304125218594N00218237WA012180137500110
B1304135218598N00218259WA012160137100110
B1304145218603N00218280WA012120136900110
B1304155218610N00218298WA012100136700110
B1304165218619N00218314WA012080136500110
B1304175218629N00218327WA012070136300110
B1304185218640N00218338WA012070136100110
B1304195218651N00218348WA012050136100110
B1304205218663N00218359WA012040136100110
B1304215218674N00218368WA012040136100110
B1304225218685N00218378WA012040136200110
B1304235218697N00218388WA012050136300110
B1304245218708N00218397WA012050136300110
B1304255218718N00218407WA012060136300110
B1304265218729N00218417WA012050136200110
B1304275218740N00218426WA012050136100110
B1304285218751N00218436WA012040136000110
B1304295218762N00218446WA012030135900110
B1304305218774N00218456WA012000135700110
B1304315218785N00218466WA012000135600110
B1304325218797N00218476WA011990135500110
B1304335218808N00218487WA011980135400110
B1304345218820N00218498WA011970135400110
B1304355218831N00218510WA011970135400110
B1304365218842N00218522WA011970135300110
B1304375218853N00218535WA011970135300110
B1304385218864N00218548WA011970135300110
B1304395218875N00218561WA011970135400110
B1304405218886N00218574WA011980135500110
B1304415218896N00218587WA011980135500110
B1304425218906N00218598WA011980135500110
B1304435218917N00218609WA011980135500110
B1304445218927N00218620WA011980135600110
B1304455218938N00218629WA011980135700110
B1304465218949N00218638WA012000136000110
B1304475218959N00218646WA012030136300110
B1304485218969N00218653WA012060136600110
B1304495218979N00218661WA012090136900110
B1304505218989N00218668WA012110137100110
B1304515218999N00218675WA012140137200110
B1304525219009N00218682WA012140137300110
B1304535219019N00218689WA012160137400110
B1304545219030N00218696WA012170137500110
B1304555219041N00218703WA012180137600110
LFLA13045603srurhegd#yxosn
B1304565219051N00218710WA012200137700110
B1304575219062N00218718WA012200137900110
B1304585219073N00218726WA012210138000110
B1304595219083N00218735WA012230138100110
B1305005219094N00218743WA012240138300110
B1305015219105N00218750WA012250138400109
B1305025219116N00218758WA012270138500109
B1305035219127N00218766WA012280138700108
B1305045219138N00218773WA012310138900110
B1305055219149N00218780WA012330139300110
B1305065219159N00218787WA012370139700110
B1305075219170N00218795WA012420140100109
B1305085219180N00218802WA012450140400109
B1305095219190N00218809WA012480140600109
B1305105219200N00218817WA012480140900109
B1305115219210N00218825WA012510141100109
B1305125219220N00218832WA012530141200110
B1305135219231N00218837WA012550141300110
B1305145219243N00218838WA012570141400110
B1305155219254N00218832WA012580141600110
B1305165219264N00218819WA012600141800110
B1305175219271N00218798WA012620141900110
B1305185219273N00218774WA012620142000110
B1305195219271N00218747WA012620141900110
B1305205219265N00218721WA012610141700109
B1305215219253N00218699WA012590141600109
B1305225219238N00218682WA012590141500108
B1305235219220N00218672WA012580141600108
B1305245219201N00218671WA012580141700109
B1305255219183N00218677WA012590141800109
B1305265219167N00218690WA012610142000108
B1305275219154N00218709WA012630142200109
B1305285219144N00218731WA012640142400109
B1305295219139N00218755WA012670142600109
B1305305219136N00218779WA012690142900109
B1305315219137N00218803WA012710143300109
B1305325219139N00218825WA012770143600110
B1305335219144N00218844WA012790143800110
B1305345219153N00218858WA012800143800110
LFLA130535AZNSTAT 0 0
B1305355219164N00218865WA012800143800109
B1305365219176N00218863WA012800143800110
B1305375219187N00218851WA012800143700108
B1305385219195N00218831WA012800143800109
B1305395219198N00218806WA012810143900110
B1305405219194N00218779WA012820144000110
B1305415219184N00218754WA012830144000109
B1305425219169N00218735WA012830143900110
B1305435219151N00218725WA012810143800209
B1305445219132N00218724WA012810143900209
B1305455219113N00218732WA012820144100208
B1305465219096N00218748WA012850144300209
B1305475219084N00218769WA012880144700209
B1305485219076N00218793WA012880145200209
B1305495219073N00218818WA012940145800210
B1305505219075N00218841WA012980146200210
B1305515219082N00218860WA013030146400210
B1305525219092N00218873WA013050146400210
B1305535219105N00218876WA013060146400210
B1305545219118N00218868WA013060146500209
B1305555219127N00218851WA013070146700210
LFLA13055603tuurZ_]%fjktpu
B1305565219132N00218827WA013090147000210
B1305575219130N00218801WA013120147300210
B1305585219121N00218777WA013150147600210
B1305595219108N00218759WA013170147800210
B1306005219091N00218750WA013190148000210
B1306015219073N00218752WA013190148100210
B1306025219056N00218763WA013200148200208
B1306035219044N00218782WA013210148300207
B1306045219037N00218806WA013220148500209
B1306055219038N00218830WA013250148700209
B1306065219045N00218850WA013270149000210
B1306075219056N00218860WA013300149300209
B1306085219069N00218860WA013340149600210
B1306095219081N00218849WA013360149900210
B1306105219088N00218829WA013380150000210
B1306115219090N00218805WA013400150200210
B1306125219086N00218779WA013420150400209
B1306135219077N00218757WA013450150700209
B1306145219063N00218740WA013450150900209
B1306155219046N00218730WA013470151100209
B1306165219029N00218729WA013500151400210
B1306175219012N00218737WA013530151600208
B1306185218999N00218751WA013550151800208
B1306195218989N00218772WA013580151900208
B1306205218985N00218795WA013590152100209
B1306215218986N00218818WA013610152300209
B1306225218992N00218837WA013630152600210
B1306235219002N00218849WA013670152900210
B1306245219014N00218855WA013700153200210
B1306255219027N00218851WA013730153400210
LFLA130625RFC 21975 35655 465 0 0
B1306265219038N00218839WA013750153500210
B1306275219045N00218818WA013750153700210
B1306285219048N00218793WA013770153800210
B1306295219045N00218767WA013780154100210
B1306305219036N00218743WA013800154300210
B1306315219022N00218725WA013820154500209
B1306325219006N00218713WA013830154700108
B1306335218989N00218709WA013860154900110
B1306345218972N00218712WA013870155100110
B1306355218956N00218723WA013900155300109
B1306365218943N00218740WA013920155600110
B1306375218935N00218761WA013950155800210
B1306385218932N00218784WA013970156100210
B1306395218935N00218806WA014020156300210
B1306405218942N00218823WA014020156600210
B1306415218952N00218834WA014040156800209
B1306425218965N00218836WA014060156900210
B1306435218977N00218830WA014080157000210
B1306445218988N00218815WA014090157100209
B1306455218995N00218794WA014100157300209
B1306465218997N00218768WA014120157500209
B1306475218994N00218741WA014150157700209
B1306485218987N00218715WA014160157800209
B1306495218975N00218694WA014160158000209
B1306505218960N00218679WA014190158200208
B1306515218942N00218670WA014210158500208
B1306525218925N00218670WA014240158700208
B1306535218909N00218677WA014240158900209
B1306545218895N00218692WA014250159000207
B1306555218885N00218711WA014260159100207
LFLA13065603tuurbgef%srmyl
B1306565218880N00218734WA014270159200208
B1306575218880N00218757WA014280159500209
B1306585218884N00218778WA014300159700209
B1306595218891N00218796WA014340160000210
B1307005218899N00218812WA014370160300210
B1307015218907N00218828WA014400160600210
B1307025218915N00218843WA014430161000110
B1307035218923N00218856WA014480161400110
B1307045218931N00218869WA014530161800110
B1307055218940N00218880WA014570162200110
B1307065218948N00218892WA014570162500110
B1307075218957N00218902WA014590162700110
B1307085218966N00218913WA014610162700110
B1307095218976N00218923WA014620162600110
B1307105218986N00218933WA014620162700110
B1307115218996N00218945WA014630162900110
B1307125219006N00218957WA014650163100110
B1307135219016N00218969WA014680163300110
B1307145219026N00218982WA014710163500110
B1307155219036N00218994WA014740163800110
B1307165219046N00219006WA014770164000110
B1307175219056N00219018WA014800164300110
B1307185219066N00219029WA014820164500110
B1307195219076N00219040WA014820164600110
B1307205219086N00219051WA014840164800110
B1307215219097N00219061WA014850164600110
B1307225219107N00219072WA014830164100110
B1307235219118N00219083WA014790163800110
B1307245219130N00219094WA014750163500110
B1307255219141N00219105WA014730163300109
B1307265219154N00219117WA014700163100109
B1307275219166N00219127WA014680162900109
B1307285219179N00219136WA014660162800109
B1307295219193N00219144WA014650162700110
B1307305219206N00219154WA014630162600110
B1307315219219N00219164WA014620162500110
B1307325219231N00219176WA014620162300110
B1307335219242N00219190WA014600161900110
B1307345219253N00219206WA014580161700110
B1307355219262N00219225WA014560161500110
B1307365219270N00219245WA014540161400110
B1307375219277N00219267WA014520161300110
B1307385219283N00219289WA014510161200110
B1307395219289N00219312WA014500161200110
B1307405219294N00219334WA014500161200110
B1307415219299N00219357WA014500161100110
B1307425219304N00219379WA014500161100110
B1307435219309N00219402WA014480161000110
B1307445219314N00219425WA014450160800110
B1307455219319N00219447WA014450160500110
B1307465219324N00219470WA014430160100110
B1307475219329N00219494WA014400159800110
B1307485219334N00219517WA014370159500110
B1307495219339N00219540WA014330159200110
B1307505219344N00219564WA014290158900110
B1307515219348N00219589WA014280158600110
B1307525219351N00219614WA014260158500110
B1307535219355N00219639WA014240158300110
B1307545219357N00219665WA014220158100110
B1307555219360N00219691WA014210158000110
LFLA13075603srurjomnv]#c_b
B1307565219363N00219717WA014190157900110
B1307575219366N00219742WA014180157800110
B1307585219369N00219768WA014180157700110
B1307595219372N00219794WA014170157600110
F13075907030406191121312609
B1308005219376N00219819WA014170157600110
B1308015219379N00219845WA014160157400110
B1308025219383N00219870WA014140157100110
B1308035219386N00219896WA014120156900110
B1308045219390N00219923WA014100156700110
B1308055219394N00219949WA014080156700110
B1308065219399N00219975WA014080156700110
B1308075219403N00220001WA014080156700110
B1308085219408N00220026WA014090156800110
B1308095219412N00220052WA014100156900110
B1308105219417N00220077WA014100157000110
B1308115219421N00220102WA014100157000110
B1308125219426N00220126WA014110157100110
B1308135219430N00220150WA014110157100110
B1308145219435N00220174WA014100157100110
B1308155219440N00220198WA014110157100110
B1308165219445N00220222WA014110157000110
B1308175219449N00220246WA014100157000110
B1308185219453N00220270WA014100157000110
B1308195219457N00220294WA014100157000110
B1308205219461N00220317WA014100157100110
B1308215219467N00220340WA014110157100110
B1308225219473N00220362WA014110157200110
B1308235219479N00220383WA014130157300110
B1308245219486N00220404WA014130157600110
B1308255219493N00220425WA014160158000110
B1308265219500N00220446WA014190158400110
B1308275219506N00220467WA014230158800110
B1308285219512N00220489WA014270159000110
B1308295219518N00220510WA014290159300110
B1308305219524N00220532WA014310159600110
B1308315219529N00220554WA014350159900110
B1308325219535N00220576WA014390160200110
B1308335219540N00220597WA014410160400110
B1308345219546N00220618WA014420160400110
B1308355219551N00220639WA014410160400110
B1308365219556N00220659WA014410160400110
B1308375219560N00220680WA014410160300110
B1308385219565N00220700WA014410160300110
B1308395219570N00220720WA014400160100110
B1308405219575N00220740WA014390159900110
B1308415219580N00220761WA014360159700110
B1308425219586N00220782WA014330159400110
B1308435219591N00220805WA014300159000110
B1308445219597N00220828WA014280158700110
B1308455219602N00220852WA014260158500110
B1308465219608N00220877WA014230158200110
B1308475219613N00220902WA014200158100110
B1308485219618N00220927WA014200158000110
B1308495219623N00220953WA014200157900110
B1308505219628N00220979WA014200157900110
B1308515219632N00221006WA014190157800110
B1308525219637N00221032WA014190157700110
B1308535219643N00221058WA014180157700110
B1308545219648N00221083WA014180157800110
B1308555219653N00221108WA014180158000110
LFLA13085603srurpmolt_%i]h
B1308565219659N00221133WA014190158100110
B1308575219664N00221158WA014200158200110
B1308585219669N00221183WA014210158200110
B1308595219674N00221207WA014220158400110
B1309005219678N00221231WA014230158600110
B1309015219682N00221255WA014260158700110
B1309025219687N00221278WA014260158700110
B1309035219690N00221302WA014260158700110
B1309045219694N00221325WA014260158600110
B1309055219698N00221349WA014240158300110
B1309065219702N00221373WA014210157900110
B1309075219706N00221398WA014190157700110
B1309085219710N00221422WA014160157500110
B1309095219714N00221447WA014140157400109
B1309105219718N00221472WA014130157300109
B1309115219723N00221497WA014120157200109
B1309125219727N00221522WA014120157100109
B1309135219731N00221547WA014110157100109
B1309145219735N00221571WA014110157100109
B1309155219739N00221596WA014110157000110
B1309165219743N00221620WA014110156800110
B1309175219747N00221645WA014080156600110
B1309185219751N00221669WA014060156300110
B1309195219755N00221694WA014020155900110
B1309205219760N00221719WA013990155700110
B1309215219764N00221744WA013960155500110
B1309225219768N00221770WA013950155400110
B1309235219772N00221795WA013940155400110
B1309245219776N00221820WA013930155300110
B1309255219780N00221846WA013930155200110
B1309265219783N00221871WA013910155100110
B1309275219787N00221897WA013890154800110
B1309285219791N00221923WA013890154600110
B1309295219794N00221949WA013860154400109
B1309305219798N00221975WA013850154300109
B1309315219802N00222001WA013830154100109
B1309325219805N00222028WA013820154000109
B1309335219809N00222055WA013810153900109
B1309345219812N00222082WA013800153800109
B1309355219815N00222108WA013780153700109
B1309365219818N00222134WA013760153600109
B1309375219822N00222159WA013750153400110
B1309385219826N00222184WA013730153100110
B1309395219830N00222209WA013700153000110
B1309405219835N00222235WA013690152800110
B1309415219840N00222260WA013690152600110
B1309425219844N00222285WA013670152500110
B1309435219849N00222311WA013660152400110
B1309445219853N00222337WA013640152200110
B1309455219858N00222363WA013620152200110
B1309465219862N00222389WA013620152200110
B1309475219866N00222414WA013620152400109
B1309485219871N00222439WA013640152700109
B1309495219874N00222464WA013670152900109
B1309505219878N00222488WA013690153100109
LFLA130951AZNSTAT 0 0
B1309515219881N00222511WA013700153100109
B1309525219885N00222535WA013690152800109
B1309535219888N00222558WA013650152500110
B1309545219892N00222581WA013650152300110
B1309555219896N00222605WA013630152000110
LFLA13095603srurqlnmu`afZg
B1309565219900N00222629WA013600151900109
B1309575219905N00222653WA013580151700109
B1309585219909N00222678WA013570151500109
B1309595219913N00222702WA013550151400109
B1310005219917N00222727WA013530151400109
B1310015219921N00222751WA013530151500109
B1310025219924N00222776WA013540151600109
B1310035219927N00222799WA013550151600109
B1310045219931N00222823WA013550151500109
B1310055219934N00222846WA013540151400110
B1310065219938N00222869WA013520151300110
B1310075219942N00222893WA013520151100110
B1310085219946N00222916WA013490150900110
B1310095219950N00222940WA013490150800110
B1310105219954N00222964WA013470150700110
B1310115219958N00222989WA013460150600109
B1310125219962N00223013WA013450150600110
B1310135219967N00223037WA013450150700110
B1310145219971N00223060WA013450150700110
B1310155219976N00223082WA013460150800110
B1310165219981N00223104WA013470150900110
B1310175219986N00223126WA013480150800110
B1310185219991N00223147WA013470150700110
B1310195219996N00223169WA013450150700110
B1310205220001N00223190WA013450150700110
B1310215220007N00223211WA013440150600110
B1310225220012N00223231WA013450150500110
B1310235220018N00223252WA013430150400110
B1310245220023N00223272WA013420150300110
B1310255220029N00223292WA013420150400110
B1310265220034N00223312WA013420150500110
B1310275220039N00223331WA013430150700110
B1310285220043N00223349WA013450150900110
B1310295220047N00223367WA013470151100110
B1310305220050N00223384WA013480151200110
B1310315220053N00223401WA013480151100110
B1310325220055N00223418WA013470150900110
B1310335220058N00223435WA013470150700110
B1310345220060N00223454WA013450150300109
B1310355220063N00223473WA013410149700109
B1310365220066N00223493WA013350149200110
B1310375220068N00223514WA013300148800109
B1310385220071N00223536WA013260148400109
B1310395220075N00223557WA013220148100110
B1310405220080N00223578WA013200147900110
B1310415220086N00223598WA013180147800109
LFLA131041RFC 22487 35655 465 0 0
B1310425220092N00223618WA013170147600110
B1310435220099N00223638WA013140147400110
B1310445220105N00223658WA013120147300110
B1310455220113N00223678WA013110147100110
B1310465220120N00223699WA013110146900110
B1310475220127N00223719WA013090146800110
B1310485220134N00223739WA013080146800110
B1310495220141N00223759WA013070146800110
B1310505220148N00223778WA013080146900110
B1310515220155N00223796WA013080146900110
B1310525220162N00223814WA013090147000110
B1310535220169N00223832WA013100147100110
B1310545220176N00223850WA013100147200110
B1310555220182N00223867WA013110147300110
LFLA13105603srurpmolt_%i]h
B1310565220188N00223883WA013110147300110
B1310575220193N00223900WA013120147300110
B1310585220199N00223916WA013120147300110
B1310595220204N00223933WA013120147200110
B1311005220209N00223951WA013120147200110
B1311015220214N00223968WA013110147200110
B1311025220218N00223986WA013100147100110
B1311035220223N00224004WA013100147100110
B1311045220227N00224022WA013100147100110
B1311055220231N00224040WA013100147100110
B1311065220235N00224058WA013100147100110
B1311075220239N00224075WA013100147100110
B1311085220243N00224092WA013100147100110
B1311095220247N00224109WA013090147100110
B1311105220251N00224126WA013090147000110
B1311115220255N00224142WA013090146900110
B1311125220259N00224158WA013090146700110
B1311135220263N00224174WA013060146500110
B1311145220267N00224190WA013040146200110
B1311155220272N00224206WA013020145900110
B1311165220277N00224223WA012980145600110
B1311175220282N00224240WA012960145300110
B1311185220287N00224258WA012920144900110
B1311195220292N00224277WA012880144500110
B1311205220297N00224295WA012840144100110
B1311215220302N00224315WA012800143700110
B1311225220308N00224334WA012770143500110
B1311235220314N00224354WA012730143200110
B1311245220321N00224374WA012700142900110
B1311255220328N00224394WA012700142500110
B1311265220335N00224414WA012670142200110
B1311275220342N00224434WA012640142000110
B1311285220348N00224455WA012610141900110
B1311295220355N00224475WA012590141700110
B1311305220361N00224495WA012570141300110
B1311315220369N00224515WA012540141000110
B1311325220376N00224535WA012510140700110
B1311335220384N00224555WA012470140400110
B1311345220392N00224575WA012430140100110
B1311355220400N00224595WA012410139800110
B1311365220408N00224616WA012380139500110
B1311375220416N00224636WA012360139300110
B1311385220424N00224655WA012360139300110
B1311395220432N00224675WA012350139000110
B1311405220440N00224694WA012320138700110
B1311415220448N00224714WA012280138500110
B1311425220456N00224733WA012260138300110
B1311435220464N00224753WA012250138200110
B1311445220471N00224773WA012230138100110
B1311455220479N00224792WA012220138100110
B1311465220487N00224811WA012210138000110
B1311475220495N00224830WA012210137900110
B1311485220503N00224849WA012200137900110
B1311495220510N00224869WA012190137700110
B1311505220518N00224889WA012180137600110
B1311515220525N00224909WA012180137300110
B1311525220533N00224929WA012150137100110
B1311535220541N00224949WA012120136900110
B1311545220549N00224970WA012100136800110
B1311555220557N00224990WA012090136600110
LFLA13115603srurqlnmu[Zead
B1311565220566N00225010WA012070136400110
B1311575220574N00225030WA012050136200110
B1311585220583N00225050WA012010135900110
B1311595220591N00225071WA011980135500110
B1312005220600N00225092WA011940135100110
B1312015220607N00225114WA011910134800110
B1312025220615N00225136WA011880134500110
B1312035220623N00225159WA011880134300110
B1312045220632N00225181WA011840134100110
B1312055220640N00225203WA011810133900110
B1312065220648N00225225WA011800133900110
B1312075220656N00225247WA011810133900110
B1312085220664N00225268WA011810133900110
B1312095220672N00225289WA011810133900110
B1312105220679N00225310WA011810133900110
B1312115220687N00225331WA011810134000110
B1312125220693N00225351WA011810134100110
B1312135220700N00225372WA011820134100110
B1312145220706N00225392WA011820134200110
B1312155220713N00225413WA011830134400110
B1312165220719N00225432WA011830134600110
B1312175220725N00225451WA011860134800110
B1312185220731N00225470WA011880134900110
B1312195220736N00225488WA011890134900110
B1312205220742N00225507WA011890134600110
B1312215220747N00225526WA011860134300110
B1312225220753N00225545WA011830133900110
B1312235220759N00225565WA011800133600110
B1312245220766N00225587WA011760133200110
B1312255220772N00225609WA011730132900110
B1312265220779N00225632WA011690132600110
B1312275220785N00225656WA011650132200110
B1312285220792N00225680WA011610131700110
B1312295220799N00225704WA011610131500110
B1312305220806N00225728WA011580131400110
B1312315220813N00225751WA011580131300110
B1312325220821N00225774WA011550131300110
B1312335220828N00225795WA011550131600110
B1312345220836N00225816WA011580131800110
B1312355220844N00225835WA011610132000110
B1312365220852N00225855WA011630132200110
B1312375220859N00225874WA011650132400110
B1312385220866N00225894WA011650132400110
B1312395220873N00225914WA011660132500110
B1312405220879N00225934WA011670132600110
B1312415220886N00225953WA011670132700110
B1312425220892N00225973WA011670132800110
B1312435220898N00225993WA011690132800110
B1312445220904N00226012WA011690132900110
B1312455220910N00226032WA011690132900110
B1312465220916N00226052WA011700132900110
B1312475220921N00226072WA011710133000110
B1312485220927N00226091WA011710132900110
B1312495220933N00226112WA011690132800110
B1312505220939N00226132WA011680132600110
B1312515220946N00226153WA011660132400110
B1312525220952N00226175WA011640132400110
B1312535220958N00226197WA011660132600110
B1312545220965N00226219WA011700133000110
B1312555220970N00226240WA011700133400110
LFLA13125603srurqlnmu]#c_b
B1312565220976N00226260WA011740133800109
B1312575220980N00226280WA011790134000109
B1312585220985N00226300WA011810134000109
B1312595220990N00226320WA011820134000109
F131259070304061911212609
B1313005220994N00226340WA011810134000109
B1313015220999N00226360WA011810134000109
B1313025221003N00226381WA011820134100109
B1313035221008N00226401WA011820134200109
B1313045221012N00226422WA011820134200109
B1313055221016N00226444WA011820134100109
B1313065221020N00226466WA011810134000109
B1313075221024N00226489WA011810133800109
B1313085221028N00226512WA011800133700109
B1313095221033N00226536WA011790133600109
B1313105221038N00226561WA011780133600109
B1313115221043N00226585WA011780133400109
B1313125221047N00226610WA011770133300109
B1313135221051N00226635WA011740133300109
B1313145221056N00226661WA011750133400109
B1313155221060N00226686WA011770133500109
B1313165221064N00226711WA011790133800109
B1313175221069N00226735WA011810134100109
B1313185221074N00226759WA011830134300109
B1313195221078N00226782WA011850134600108
B1313205221083N00226805WA011850134700109
B1313215221087N00226828WA011870134700108
B1313225221092N00226851WA011880134700108
B1313235221098N00226873WA011870134700108
B1313245221104N00226894WA011870134600109
B1313255221111N00226915WA011860134600109
B1313265221119N00226934WA011860134700109
B1313275221127N00226953WA011870134700109
B1313285221136N00226972WA011880134800109
B1313295221145N00226989WA011900134900109
B1313305221154N00227007WA011900134900109
B1313315221164N00227024WA011910135000109
B1313325221174N00227041WA011920135200109
B1313335221183N00227058WA011920135400109
B1313345221193N00227075WA011940135600109
B1313355221202N00227092WA011960135800109
B1313365221211N00227109WA011970136000109
B1313375221220N00227125WA011990136200109
B1313385221229N00227142WA012030136500109
B1313395221239N00227158WA012060136800109
B1313405221248N00227173WA012100137000109
B1313415221260N00227186WA012140137300109
B1313425221272N00227193WA012160137500109
B1313435221285N00227193WA012180137800109
B1313445221297N00227186WA012200137900108
B1313455221307N00227172WA012200138000109
B1313465221313N00227153WA012200137800109
B1313475221316N00227130WA012210137700109
B1313485221314N00227106WA012180137500109
B1313495221307N00227083WA012160137300109
B1313505221296N00227064WA012140137200109
B1313515221282N00227050WA012130137100108
B1313525221266N00227044WA012120137000107
B1313535221249N00227046WA012110136900108
B1313545221233N00227056WA012110137000108
B1313555221220N00227074WA012120137100109
LFLA13135603srurbgef%rslxm
B1313565221211N00227095WA012140137300109
B1313575221204N00227119WA012170137700109
B1313585221199N00227144WA012210138000109
B1313595221196N00227168WA012210138300109
B1314005221198N00227192WA012240138500109
B1314015221204N00227212WA012260138800109
B1314025221214N00227226WA012300139100109
B1314035221226N00227230WA012330139400208
B1314045221239N00227224WA012360139600209
B1314055221249N00227210WA012380139700208
B1314065221254N00227189WA012390139700209
LFLA131407AZNSTAT 0 0
B1314075221254N00227165WA012390139700209
B1314085221248N00227141WA012380139700209
B1314095221237N00227122WA012390139700209
B1314105221222N00227112WA012400139900209
B1314115221205N00227111WA012420140100208
B1314125221190N00227120WA012420140300208
B1314135221177N00227136WA012440140400208
B1314145221169N00227158WA012450140600208
B1314155221164N00227181WA012470141000208
B1314165221162N00227204WA012510141200208
B1314175221166N00227225WA012540141400209
B1314185221175N00227240WA012560141500209
B1314195221187N00227247WA012560141500208
B1314205221201N00227244WA012570141600209
B1314215221213N00227232WA012570141700209
B1314225221222N00227212WA012590141900209
B1314235221226N00227187WA012600142000209
B1314245221224N00227161WA012620142100209
B1314255221216N00227137WA012620142200209
B1314265221202N00227121WA012630142300208
B1314275221186N00227115WA012650142600208
B1314285221169N00227118WA012670142800209
B1314295221155N00227130WA012700143000208
B1314305221145N00227150WA012710143100209
B1314315221140N00227173WA012720143200209
B1314325221142N00227196WA012740143200209
B1314335221150N00227214WA012740143200209
B1314345221162N00227223WA012720143100308
B1314355221176N00227222WA012710143100408
B1314365221189N00227211WA012720143100408
B1314375221199N00227192WA012720143200408
B1314385221204N00227168WA012720143300308
B1314395221203N00227142WA012740143200309
B1314405221197N00227117WA012730143200309
B1314415221186N00227097WA012730143300309
B1314425221170N00227084WA012720143300308
B1314435221153N00227079WA012710143300208
B1314445221135N00227082WA012720143300208
B1314455221119N00227094WA012740143500207
B1314465221106N00227112WA012760143800208
B1314475221096N00227135WA012790144100209
B1314485221090N00227159WA012820144300209
B1314495221086N00227183WA012850144700209
B1314505221084N00227207WA012900145200209
B1314515221083N00227230WA012900145600209
B1314525221083N00227252WA012940146000209
B1314535221084N00227274WA012990146300209
B1314545221088N00227294WA013030146500209
B1314555221095N00227311WA013040146500209
LFLA13145603tuurdich`srmyl
B1314565221106N00227322WA013050146600209
B1314575221118N00227327WA013050146600209
LFLA131457RFC 22999 35655 465 0 0
B1314585221132N00227325WA013060146600209
B1314595221144N00227314WA013070146700209
B1315005221152N00227295WA013080146800209
B1315015221155N00227271WA013090146900209
B1315025221153N00227245WA013090147000208
B1315035221145N00227222WA013090147000209
B1315045221132N00227205WA013090147100209
B1315055221116N00227194WA013090147000209
B1315065221099N00227193WA013090146800209
B1315075221082N00227201WA013070146700209
B1315085221068N00227217WA013070146800209
B1315095221057N00227239WA013080147300209
B1315105221050N00227261WA013120147800209
B1315115221044N00227284WA013180148200209
B1315125221040N00227307WA013220148500209
B1315135221041N00227328WA013240148600209
B1315145221047N00227348WA013230148500209
B1315155221056N00227362WA013220148400208
B1315165221068N00227373WA013210148300208
B1315175221081N00227380WA013210148200208
B1315185221094N00227387WA013200148300209
B1315195221108N00227393WA013210148500209
B1315205221121N00227399WA013230148800209
B1315215221134N00227405WA013260149000209
B1315225221148N00227410WA013280149100209
B1315235221161N00227415WA013290149100109
B1315245221174N00227420WA013290149100109
B1315255221187N00227423WA013290149100109
B1315265221200N00227426WA013280149000109
B1315275221213N00227430WA013270148800109
B1315285221226N00227433WA013250148700109
B1315295221239N00227436WA013230148400109
B1315305221252N00227439WA013230148200109
B1315315221265N00227443WA013210147900109
B1315325221279N00227446WA013170147500109
B1315335221292N00227450WA013140147200109
B1315345221306N00227454WA013110146900109
B1315355221320N00227460WA013070146600109
B1315365221334N00227468WA013050146400109
B1315375221347N00227477WA013030146100109
B1315385221360N00227487WA012990145700109
B1315395221374N00227497WA012960145500109
B1315405221387N00227506WA012940145300109
B1315415221401N00227516WA012930145300109
B1315425221413N00227527WA012930145400109
B1315435221425N00227537WA012930145500109
B1315445221436N00227548WA012940145700109
B1315455221447N00227558WA012960146100109
B1315465221456N00227569WA012990146400109
B1315475221465N00227580WA013020146600109
B1315485221473N00227592WA013040146700109
B1315495221481N00227603WA013060146500109
B1315505221490N00227614WA013020146200109
B1315515221498N00227626WA013000145900109
B1315525221507N00227637WA012960145600109
B1315535221515N00227649WA012930145300109
B1315545221524N00227661WA012900145100109
B1315555221531N00227675WA012900144800109
LFLA13155603srurknlow]#c_b
B1315565221539N00227688WA012870144400109
B1315575221547N00227702WA012840143800109
B1315585221556N00227717WA012790143100109
B1315595221565N00227731WA012710142500109
B1316005221576N00227745WA012640142100109
B1316015221586N00227758WA012590141700109
B1316025221596N00227772WA012560141500109
B1316035221606N00227787WA012550141500109
B1316045221616N00227801WA012550141500109
B1316055221625N00227815WA012530141300109
B1316065221634N00227830WA012520141200109
B1316075221644N00227844WA012500141100109
B1316085221653N00227859WA012500140900109
B1316095221662N00227874WA012490140800109
B1316105221670N00227890WA012480140800109
B1316115221679N00227906WA012480140800109
B1316125221687N00227923WA012480140900109
B1316135221695N00227940WA012490141100109
B1316145221702N00227957WA012510141300109
B1316155221709N00227974WA012530141600109
B1316165221717N00227990WA012560141900109
B1316175221724N00228006WA012580142100109
B1316185221730N00228023WA012610142400109
B1316195221737N00228039WA012630142500109
B1316205221744N00228055WA012640142700109
B1316215221750N00228072WA012640142800109
B1316225221757N00228089WA012660142900109
B1316235221764N00228105WA012670143000109
B1316245221771N00228122WA012690143200109
B1316255221779N00228138WA012700143400109
B1316265221786N00228153WA012720143600109
B1316275221794N00228168WA012740143700109
B1316285221802N00228182WA012760143900109
B1316295221810N00228196WA012790144100109
B1316305221819N00228210WA012800144300109
B1316315221827N00228224WA012820144400109
B1316325221835N00228238WA012830144600109
B1316335221843N00228252WA012850144700109
B1316345221852N00228267WA012850144900109
B1316355221860N00228282WA012870145100109
B1316365221869N00228297WA012900145400109
B1316375221878N00228311WA012930145800109
B1316385221887N00228326WA012960146200109
B1316395221896N00228341WA013000146600109
B1316405221905N00228355WA013060146800109
B1316415221913N00228371WA013080147000109
B1316425221918N00228391WA013100147100109
B1316435221920N00228414WA013110147400109
B1316445221918N00228438WA013140147800109
B1316455221911N00228461WA013180148100109
B1316465221900N00228480WA013230148500109
B1316475221887N00228494WA013230148900109
B1316485221873N00228504WA013260149100109
B1316495221857N00228507WA013280149100109
B1316505221841N00228504WA013290149200109
B1316515221826N00228494WA013290149200108
B1316525221812N00228479WA013300149300109
B1316535221801N00228459WA013320149500109
B1316545221794N00228436WA013360150000109
B1316555221791N00228412WA013400150500109
LFLA13165603srurjomnv]#c_b
B1316565221792N00228389WA013460151000109
B1316575221797N00228370WA013510151400109
B1316585221806N00228357WA013550151700109
B1316595221817N00228351WA013580151900109
B1317005221829N00228353WA013580152100109
B1317015221840N00228362WA013610152100109
B1317025221848N00228379WA013610152000109
B1317035221852N00228402WA013610152000109
B1317045221850N00228427WA013610152000109
B1317055221842N00228452WA013620152300109
B1317065221829N00228471WA013650152600109
B1317075221812N00228481WA013690153100109
B1317085221794N00228481WA013740153600109
B1317095221777N00228473WA013790154000109
B1317105221763N00228457WA013830154400109
B1317115221753N00228435WA013870154700109
B1317125221747N00228411WA013900154900109
B1317135221746N00228386WA013900155300109
B1317145221751N00228365WA013940155700109
B1317155221760N00228348WA013970156000109
B1317165221771N00228338WA014020156300109
B1317175221784N00228336WA014060156500109
B1317185221797N00228342WA014070156600109
B1317195221807N00228356WA014080156600109
B1317205221814N00228376WA014080156700109
B1317215221817N00228401WA014090156800109
B1317225221814N00228427WA014110157000109
B1317235221805N00228450WA014130157300109
B1317245221792N00228468WA014170157700108
B1317255221775N00228477WA014210158000109
B1317265221757N00228478WA014210158300109
B1317275221739N00228469WA014240158500109
B1317285221724N00228452WA014270158700109
B1317295221714N00228429WA014290158900109
B1317305221707N00228402WA014300159100109
B1317315221706N00228374WA014320159200109
B1317325221710N00228349WA014350159400109
B1317335221720N00228330WA014380159600109
B1317345221733N00228319WA014400159900109
B1317355221747N00228319WA014410160300109
B1317365221760N00228327WA014450160600109
B1317375221770N00228343WA014470160800109
B1317385221775N00228365WA014510161000109
B1317395221775N00228390WA014510161200109
B1317405221769N00228414WA014520161300109
B1317415221758N00228435WA014530161400109
B1317425221743N00228449WA014540161600109
B1317435221726N00228456WA014550161800109
B1317445221708N00228453WA014570162100109
B1317455221691N00228441WA014610162400108
B1317465221678N00228423WA014650162800109
B1317475221667N00228400WA014690162900109
B1317485221662N00228375WA014700163000109
B1317495221661N00228349WA014720163200109
B1317505221665N00228326WA014730163400109
B1317515221674N00228309WA014730163600109
B1317525221685N00228297WA014760163900109
B1317535221697N00228293WA014790164200109
B1317545221710N00228297WA014810164400109
B1317555221721N00228307WA014850164500109
LFLA13175603srrulqkpx[Zead
B1317565221729N00228323WA014870164600109
B1317575221733N00228345WA014870164700109
B1317585221733N00228368WA014880164700109
B1317595221728N00228392WA014870164600109
F131759070304061911212609
B1318005221718N00228412WA014870164600109
B1318015221703N00228428WA014870164500109
B1318025221686N00228437WA014860164500109
B1318035221667N00228438WA014850164400109
B1318045221649N00228429WA014850164400109
B1318055221633N00228412WA014850164500109
B1318065221622N00228389WA014870164700109
B1318075221616N00228363WA014890165100109
B1318085221616N00228338WA014920165500109
B1318095221619N00228315WA014960165800109
B1318105221625N00228296WA014990165900109
B1318115221634N00228282WA015000166000109
B1318125221645N00228274WA015010166100109
B1318135221657N00228274WA015000166000109
B1318145221669N00228282WA015000165900109
B1318155221678N00228297WA014990165900109
B1318165221685N00228316WA014990165900109
B1318175221690N00228338WA014990166100109
B1318185221693N00228360WA015000166100109
B1318195221696N00228383WA015010166200109
B1318205221699N00228406WA015010166200109
B1318215221701N00228428WA015010166200109
B1318225221704N00228450WA015010166200109
LFLA131823AZNSTAT 0 0
B1318235221706N00228473WA015010166100109
B1318245221709N00228495WA015000166000109
B1318255221711N00228518WA014990166000109
B1318265221714N00228541WA014990165900109
B1318275221715N00228564WA014980165800109
B1318285221717N00228589WA014980165800109
B1318295221718N00228614WA014970165700109
B1318305221718N00228639WA014970165700109
B1318315221718N00228665WA014970165900109
B1318325221717N00228691WA014980166300109
B1318335221716N00228717WA015010166700109
B1318345221714N00228742WA015050167300109
B1318355221711N00228766WA015130168000109
B1318365221707N00228789WA015200168400109
B1318375221703N00228811WA015240168600109
B1318385221699N00228834WA015260168700109
B1318395221694N00228857WA015260168800109
B1318405221690N00228880WA015260168800109
B1318415221686N00228904WA015270168900109
B1318425221682N00228928WA015270168900109
B1318435221678N00228953WA015270169000109
B1318445221674N00228978WA015280169100109
B1318455221670N00229004WA015290169400109
B1318465221667N00229030WA015310169700109
B1318475221663N00229056WA015360170100109
B1318485221659N00229081WA015390170400109
B1318495221656N00229105WA015420170700109
B1318505221654N00229129WA015450170900109
B1318515221652N00229152WA015460171000109
B1318525221649N00229174WA015460170900109
B1318535221647N00229197WA015430170700109
B1318545221645N00229220WA015420170400109
B1318555221642N00229243WA015400170200109
LFLA13185603srrufcibZxynro
B1318565221640N00229267WA015400170000109
B1318575221637N00229290WA015380169900109
B1318585221634N00229313WA015370169900109
B1318595221631N00229337WA015380170000109
B1319005221627N00229360WA015370170100109
B1319015221624N00229384WA015390170100109
B1319025221621N00229407WA015390170000109
B1319035221617N00229431WA015380169800109
B1319045221614N00229455WA015350169500109
B1319055221612N00229479WA015300169100209
B1319065221609N00229503WA015260168700209
B1319075221606N00229528WA015220168300209
B1319085221604N00229553WA015200168100209
B1319095221601N00229578WA015200168100209
B1319105221599N00229603WA015180168100209
B1319115221597N00229627WA015180168100209
B1319125221595N00229652WA015180168000209
B1319135221593N00229677WA015180168000209
LFLA131913RFC 23511 35655 465 0 0
B1319145221591N00229701WA015170167900209
B1319155221589N00229726WA015160167700209
B1319165221588N00229750WA015130167500209
B1319175221587N00229775WA015110167300209
B1319185221585N00229799WA015100167200209
B1319195221584N00229824WA015080167100209
B1319205221582N00229849WA015070167100209
B1319215221579N00229873WA015060167100209
B1319225221577N00229898WA015060167100209
B1319235221575N00229922WA015060167100209
B1319245221573N00229946WA015070167100209
B1319255221571N00229970WA015070167000209
B1319265221568N00229993WA015060166900208
B1319275221566N00230017WA015040166700209
B1319285221563N00230040WA015030166500209
B1319295221560N00230064WA015020166300209
B1319305221557N00230088WA015000166300209
B1319315221555N00230112WA015000166200209
B1319325221552N00230136WA014990166200209
B1319335221550N00230159WA014990166300209
B1319345221547N00230182WA015000166400208
B1319355221543N00230205WA015000166500209
B1319365221539N00230228WA015000166400209
B1319375221535N00230251WA015000166100209
B1319385221531N00230274WA014980166000209
B1319395221527N00230298WA014960165700209
B1319405221523N00230322WA014940165400209
B1319415221519N00230347WA014910165100209
B1319425221515N00230372WA014870164800209
B1319435221511N00230398WA014830164500209
B1319445221506N00230425WA014800164300209
B1319455221502N00230452WA014780164200209
B1319465221497N00230478WA014770164200209
B1319475221492N00230504WA014780164200209
B1319485221487N00230530WA014780164300209
B1319495221482N00230556WA014770164300209
B1319505221476N00230581WA014780164400209
B1319515221470N00230605WA014790164500209
B1319525221465N00230630WA014790164500209
B1319535221459N00230654WA014800164600109
B1319545221454N00230677WA014810164700109
B1319555221448N00230700WA014820164700109
LFLA13195603srruidfe]wvqup
B1319565221443N00230723WA014820164600109
B1319575221438N00230746WA014820164700109
B1319585221433N00230769WA014820164700109
B1319595221428N00230792WA014820164700109
B1320005221423N00230814WA014830164700109
B1320015221418N00230836WA014830164600109
B1320025221412N00230858WA014810164500109
B1320035221407N00230880WA014800164500109
B1320045221401N00230903WA014790164400109
B1320055221397N00230926WA014780164400109
B1320065221393N00230949WA014780164300109
B1320075221391N00230972WA014770164200109
B1320085221391N00230995WA014770164200109
B1320095221391N00231018WA014760164100109
B1320105221393N00231041WA014760164100109
B1320115221395N00231062WA014750164000109
B1320125221398N00231083WA014750164000109
B1320135221402N00231104WA014760164100109
B1320145221406N00231124WA014760164200109
B1320155221409N00231144WA014760164300109
B1320165221413N00231163WA014770164400109
B1320175221416N00231182WA014780164400109
B1320185221418N00231202WA014790164400109
B1320195221421N00231221WA014800164400109
B1320205221423N00231240WA014790164300109
B1320215221425N00231260WA014770164200109
B1320225221427N00231280WA014770164000109
B1320235221429N00231301WA014750163800109
B1320245221431N00231321WA014740163600109
B1320255221435N00231341WA014710163400109
B1320265221438N00231362WA014700163300109
B1320275221442N00231382WA014700163300109
B1320285221445N00231403WA014690163200109
B1320295221448N00231423WA014690163200109
B1320305221451N00231444WA014670163000109
B1320315221455N00231465WA014670162900109
B1320325221459N00231486WA014640162800109
B1320335221462N00231506WA014630162700109
B1320345221466N00231527WA014630162700109
B1320355221470N00231547WA014620162700109
B1320365221473N00231568WA014630162800109
B1320375221477N00231588WA014620162800109
B1320385221480N00231609WA014620162700109
B1320395221482N00231630WA014630162700109
B1320405221485N00231651WA014630162600109
B1320415221488N00231672WA014620162500109
B1320425221490N00231693WA014600162400109
B1320435221494N00231714WA014600162400109
B1320445221497N00231735WA014600162500109
B1320455221501N00231756WA014610162600109
B1320465221505N00231775WA014620162700109
B1320475221510N00231794WA014630162800109
B1320485221515N00231812WA014640162900109
B1320495221521N00231829WA014660163000109
B1320505221527N00231846WA014670163000109
B1320515221533N00231862WA014670163000109
B1320525221540N00231878WA014660162900109
B1320535221547N00231894WA014660162900109
B1320545221553N00231910WA014670162900109
B1320555221560N00231926WA014670163000109
LFLA13205603srurpmolt`afZg
B1320565221566N00231943WA014680163000109
B1320575221573N00231960WA014670162900109
B1320585221580N00231976WA014670162900109
B1320595221587N00231993WA014670162800109
B1321005221594N00232010WA014650162700109
B1321015221601N00232029WA014610162600109
B1321025221608N00232047WA014600162500109
B1321035221614N00232067WA014620162500109
B1321045221620N00232087WA014620162500109
B1321055221624N00232109WA014620162500109
B1321065221628N00232130WA014620162500109
B1321075221631N00232152WA014610162500109
B1321085221633N00232175WA014610162400109
B1321095221634N00232197WA014600162300109
B1321105221634N00232220WA014590162300109
B1321115221634N00232243WA014590162200109
B1321125221633N00232266WA014580162100109
B1321135221632N00232289WA014580162100109
B1321145221631N00232312WA014580162100109
B1321155221630N00232335WA014590162200109
B1321165221629N00232357WA014590162200109
B1321175221630N00232378WA014580162200109
B1321185221631N00232398WA014580162100109
B1321195221633N00232418WA014580161900109
B1321205221635N00232437WA014570161700109
B1321215221638N00232456WA014540161500109
B1321225221640N00232475WA014510161400108
B1321235221643N00232494WA014480161100109
B1321245221646N00232514WA014460160800109
B1321255221649N00232533WA014440160500109
B1321265221652N00232553WA014420160200109
B1321275221655N00232573WA014390160000109
B1321285221658N00232594WA014360159900109
B1321295221662N00232614WA014360159700109
B1321305221667N00232633WA014350159600109
B1321315221672N00232652WA014350159500109
B1321325221677N00232670WA014340159400109
B1321335221682N00232687WA014330159300109
B1321345221688N00232704WA014310159200109
B1321355221694N00232720WA014290159100109
B1321365221701N00232736WA014280158900109
B1321375221707N00232752WA014270158700109
B1321385221715N00232767WA014250158500109
B1321395221722N00232781WA014220158300109
B1321405221730N00232795WA014200158100109
B1321415221738N00232809WA014190158000109
B1321425221745N00232824WA014170157800109
B1321435221752N00232840WA014140157600109
B1321445221759N00232856WA014140157400109
B1321455221766N00232873WA014120157300109
B1321465221773N00232890WA014110157200109
B1321475221781N00232906WA014100157100109
B1321485221788N00232923WA014070157100109
B1321495221796N00232939WA014050157100109
B1321505221803N00232956WA014040157200109
B1321515221810N00232974WA014050157300109
B1321525221817N00232991WA014060157500109
B1321535221823N00233008WA014090157600109
B1321545221829N00233025WA014090157700109
B1321555221835N00233042WA014100157600109
LFLA13215603srurojpks%_h#i
B1321565221841N00233059WA014080157600109
B1321575221847N00233076WA014080157400109
B1321585221853N00233093WA014080157300109
B1321595221858N00233110WA014070157200109
B1322005221864N00233126WA014050157100109
B1322015221870N00233143WA014040156900109
B1322025221875N00233159WA014020156800109
B1322035221881N00233176WA014010156600109
B1322045221887N00233193WA014000156600109
B1322055221893N00233210WA013990156500109
B1322065221900N00233226WA013990156400109
B1322075221905N00233243WA013970156200109
B1322085221911N00233261WA013950156100109
B1322095221916N00233279WA013930156000109
B1322105221921N00233297WA013930155900109
B1322115221926N00233315WA013930155900109
B1322125221932N00233334WA013920155900109
B1322135221937N00233351WA013930155900109
B1322145221943N00233369WA013930155900109
B1322155221948N00233386WA013920155800109
B1322165221954N00233404WA013910155700109
B1322175221960N00233421WA013900155600109
B1322185221966N00233438WA013890155500109
B1322195221973N00233455WA013880155400109
B1322205221979N00233473WA013860155200109
B1322215221986N00233490WA013830154900109
B1322225221993N00233507WA013810154700109
B1322235222000N00233525WA013810154500109
B1322245222008N00233542WA013790154300109
B1322255222016N00233559WA013780154300109
B1322265222024N00233576WA013760154300109
B1322275222033N00233593WA013760154300109
B1322285222042N00233609WA013760154300109
B1322295222051N00233624WA013760154300109
B1322305222060N00233639WA013770154300109
B1322315222069N00233654WA013760154300109
B1322325222079N00233668WA013760154300109
B1322335222088N00233682WA013760154300109
B1322345222098N00233697WA013760154400109
B1322355222108N00233711WA013770154400109
B1322365222118N00233725WA013770154500109
B1322375222127N00233740WA013780154700109
B1322385222137N00233754WA013790154900109
LFLA132239AZNSTAT 0 0
B1322395222146N00233768WA013810155200109
B1322405222154N00233781WA013850155500109
B1322415222163N00233795WA013880155600109
B1322425222171N00233808WA013890155700109
B1322435222179N00233821WA013900155800109
B1322445222187N00233834WA013910155800109
B1322455222196N00233847WA013910155800109
B1322465222204N00233860WA013890155600109
B1322475222213N00233874WA013880155300109
B1322485222223N00233887WA013850155100109
B1322495222233N00233899WA013850154900109
B1322505222243N00233911WA013820154800109
B1322515222253N00233922WA013810154900109
B1322525222264N00233933WA013810154900109
B1322535222274N00233943WA013810155000109
B1322545222284N00233952WA013820155000109
B1322555222294N00233962WA013830155100109
LFLA13225603srurfcibZwvqup
B1322565222304N00233972WA013840155100109
B1322575222314N00233981WA013840155100109
B1322585222324N00233989WA013840155100109
B1322595222334N00233998WA013840155000109
F132259070304061911212609
B1323005222344N00234007WA013820154800109
B1323015222354N00234016WA013800154600109
B1323025222364N00234025WA013780154500109
B1323035222374N00234034WA013780154200109
B1323045222384N00234044WA013760154000109
B1323055222395N00234053WA013730153900109
B1323065222405N00234063WA013720153700109
B1323075222415N00234072WA013700153500109
B1323085222426N00234081WA013680153400109
B1323095222436N00234091WA013660153200109
B1323105222447N00234100WA013650153100109
B1323115222458N00234109WA013640153000109
B1323125222469N00234117WA013620152800109
B1323135222479N00234125WA013600152600109
B1323145222490N00234133WA013570152400109
B1323155222500N00234141WA013570152300109
B1323165222511N00234149WA013550152100109
B1323175222521N00234157WA013540151900109
B1323185222532N00234165WA013520151700109
B1323195222542N00234173WA013500151500109
B1323205222552N00234182WA013470151200109
B1323215222562N00234191WA013450150900109
B1323225222572N00234200WA013410150600109
B1323235222583N00234210WA013380150300109
B1323245222593N00234220WA013350150000109
B1323255222603N00234231WA013310149600109
B1323265222613N00234241WA013280149300109
B1323275222623N00234253WA013260149200109
B1323285222633N00234265WA013260149200109
B1323295222643N00234277WA013260149400109
LFLA132329RFC 24023 35655 465 0 0
B1323305222652N00234289WA013280149700109
B1323315222661N00234301WA013300149900109
B1323325222669N00234312WA013320150000109
B1323335222677N00234324WA013340149900109
B1323345222686N00234335WA013330149800109
B1323355222694N00234346WA013310149600109
B1323365222702N00234359WA013290149400109
B1323375222711N00234371WA013280149200109
B1323385222719N00234385WA013250148900109
B1323395222728N00234399WA013220148800109
B1323405222737N00234413WA013210148700109
B1323415222747N00234427WA013210148600109
B1323425222756N00234441WA013200148500109
B1323435222766N00234456WA013180148500109
B1323445222776N00234470WA013190148700109
B1323455222785N00234483WA013210149100109
B1323465222794N00234497WA013240149300109
B1323475222803N00234510WA013260149400109
B1323485222812N00234522WA013290149700109
B1323495222820N00234534WA013310149900109
B1323505222829N00234545WA013340150100109
B1323515222837N00234556WA013360150300109
B1323525222845N00234567WA013370150400109
B1323535222853N00234577WA013380150400109
B1323545222862N00234588WA013380150300109
B1323555222871N00234597WA013370150200109
LFLA13235603srurfcibZxynro
B1323565222880N00234607WA013360150100109
B1323575222890N00234616WA013350150000109
B1323585222900N00234624WA013340150000109
B1323595222910N00234632WA013340150000109
B1324005222921N00234639WA013340150000109
B1324015222932N00234647WA013340150100109
B1324025222943N00234654WA013350150200109
B1324035222954N00234662WA013360150300109
B1324045222965N00234669WA013360150200109
B1324055222975N00234677WA013340149800109
B1324065222987N00234686WA013300149400109
B1324075222999N00234696WA013300149200109
B1324085223011N00234706WA013260149100109
B1324095223024N00234716WA013260149300109
B1324105223036N00234727WA013270149500109
B1324115223047N00234738WA013300149700109
B1324125223059N00234749WA013310149900109
B1324135223070N00234759WA013330150000109
B1324145223081N00234770WA013350150100109
B1324155223093N00234781WA013350150000109
B1324165223105N00234791WA013340149900109
B1324175223117N00234802WA013310149700109
B1324185223129N00234813WA013290149400109
B1324195223141N00234824WA013250149100109
B1324205223153N00234835WA013250149000109
B1324215223166N00234847WA013240148800109
B1324225223178N00234857WA013220148600109
B1324235223190N00234868WA013200148500109
B1324245223201N00234877WA013190148400109
B1324255223212N00234887WA013180148200109
B1324265223223N00234896WA013150148000109
B1324275223234N00234903WA013130147800109
B1324285223245N00234910WA013110147600109
B1324295223255N00234916WA013090147300109
B1324305223266N00234922WA013050146800109
B1324315223277N00234927WA013000146300109
B1324325223288N00234931WA012930145700109
B1324335223300N00234935WA012930145000109
B1324345223313N00234939WA012860144400109
B1324355223326N00234942WA012790143800109
B1324365223340N00234946WA012730143300109
B1324375223353N00234949WA012670142800109
B1324385223367N00234954WA012620142400109
B1324395223381N00234958WA012570141900109
B1324405223395N00234962WA012520141500109
B1324415223409N00234965WA012490141200109
B1324425223424N00234969WA012460141000109
B1324435223438N00234972WA012440140900109
B1324445223452N00234976WA012430140900109
B1324455223466N00234979WA012430140800109
B1324465223479N00234982WA012430140600109
B1324475223493N00234986WA012420140400109
B1324485223507N00234990WA012390140100109
B1324495223521N00234994WA012370139900109
B1324505223535N00234998WA012330139700109
LFLA13245102VcEDFTaY@JT=k=v?O:L;TFajcjdk
B1324515223549N00235001WA012310139500109
B1324525223563N00235005WA012290139400109
B1324535223578N00235009WA012290139400108
B1324545223592N00235012WA012280139500108
B1324555223605N00235014WA012290139500108
LFLA13245603sruridfe]gfae`
B1324565223619N00235015WA012300139600109
B1324575223633N00235016WA012310139600109
B1324585223647N00235017WA012300139600109
B1324595223661N00235018WA012300139500108
B1325005223674N00235020WA012300139600108
B1325015223687N00235022WA012310139900108
B1325025223700N00235023WA012330140200109
B1325035223711N00235024WA012370140500109
B1325045223722N00235025WA012400140700109
B1325055223733N00235027WA012420140700109
B1325065223744N00235029WA012430140600109
B1325075223755N00235031WA012420140500109
B1325085223765N00235034WA012410140400109
B1325095223776N00235038WA012390140400109
B1325105223787N00235041WA012390140300109
B1325115223797N00235045WA012390140400109
B1325125223808N00235048WA012380140400109
B1325135223818N00235051WA012390140400109
LFLA13251402VcEDFNyAF_iaOanGWqTpFUjaw%w`
B1325145223828N00235055WA012400140500109
LFLA13251502VcEDF%HpsJT]LZs:JtQuN=by`y_x
B1325155223838N00235058WA012410140500109
B1325165223848N00235062WA012420140600109
B1325175223858N00235065WA012430140800109
B1325185223867N00235068WA012440140900109
B1325195223877N00235071WA012450141000109
B1325205223886N00235073WA012470141100109
B1325215223896N00235076WA012470141100109
B1325225223906N00235078WA012470141100109
B1325235223915N00235081WA012470141100109
LFLA13252402VcEDF[:r]D:%OaT]m#j]FUjaw%w`
B1325245223925N00235083WA012470141200108
B1325255223935N00235086WA012480141300108
B1325265223946N00235089WA012490141400108
B1325275223956N00235092WA012490141500109
B1325285223965N00235095WA012500141500109
B1325295223975N00235098WA012510141500109
B1325305223985N00235102WA012510141500109
B1325315223994N00235108WA012500141500109
B1325325224003N00235114WA012500141400109
B1325335224012N00235121WA012500141300109
B1325345224021N00235128WA012480141100109
B1325355224030N00235135WA012450140800109
B1325365224040N00235142WA012430140600109
B1325375224050N00235150WA012430140400109
B1325385224060N00235157WA012410140400109
B1325395224070N00235165WA012400140500109
B1325405224081N00235173WA012410140600109
B1325415224091N00235180WA012430140700109
B1325425224102N00235187WA012430140800109
B1325435224112N00235194WA012440140900109
B1325445224123N00235201WA012450141000109
B1325455224132N00235209WA012450141000109
B1325465224142N00235217WA012450140800109
B1325475224152N00235224WA012410140400109
B1325485224163N00235231WA012370140100109
B1325495224175N00235238WA012350140000109
B1325505224187N00235243WA012350140100109
B1325515224199N00235248WA012350140300109
B1325525224211N00235251WA012380140700109
B1325535224223N00235254WA012420141200109
B1325545224234N00235260WA012480141700109
B1325555224244N00235272WA012520142000109
LFLA13255603srurknlowZ[d`e
B1325565224250N00235289WA012550142200110
B1325575224251N00235309WA012560142300110
LFLA13255802VcEDFreMTpvwFxpM=ZFZo]BY@Y?X
B1325585224248N00235331WA012580142300110
B1325595224240N00235351WA012560142100110
B1326005224228N00235368WA012550141900110
LFLA13260102VcEDFcs;#H>YhVB`pb>bwe:QGNGP
B1326015224212N00235380WA012520141700110
B1326025224194N00235385WA012520141400110
B1326035224175N00235384WA012490141200110
B1326045224157N00235375WA012470141100110
B1326055224141N00235359WA012460141100110
B1326065224128N00235337WA012450141200110
B1326075224120N00235312WA012470141300110
B1326085224116N00235286WA012480141500110
B1326095224116N00235262WA012510141600110
B1326105224120N00235240WA012520141700110
B1326115224128N00235223WA012530141800110
B1326125224138N00235211WA012550141900109
B1326135224149N00235202WA012580142300109
B1326145224159N00235195WA012620142900109
B1326155224170N00235190WA012620143400110
B1326165224181N00235186WA012680143800110
B1326175224191N00235186WA012740143900109
B1326185224201N00235190WA012740143900110
B1326195224210N00235200WA012740143800110
B1326205224216N00235215WA012740143700110
B1326215224219N00235234WA012740143800110
B1326225224218N00235255WA012730143800110
B1326235224213N00235277WA012730143800110
B1326245224204N00235298WA012740143800110
B1326255224191N00235314WA012740143800110
B1326265224175N00235324WA012740143800110
B1326275224157N00235327WA012730143600110
B1326285224139N00235323WA012730143500110
B1326295224122N00235311WA012710143400109
B1326305224107N00235292WA012690143200110
B1326315224096N00235268WA012680143100110
B1326325224090N00235241WA012660143000110
B1326335224090N00235214WA012660143100110
B1326345224095N00235190WA012670143300110
B1326355224103N00235171WA012690143600110
B1326365224113N00235155WA012740143900110
B1326375224123N00235143WA012770144300110
B1326385224135N00235135WA012820144700109
B1326395224146N00235133WA012840144900109
B1326405224157N00235139WA012860145100109
B1326415224166N00235150WA012860145300110
B1326425224173N00235165WA012880145300110
B1326435224176N00235185WA012890145400110
B1326445224175N00235207WA012900145600109
B1326455224169N00235228WA012930145800110
B1326465224160N00235247WA012940145900110
B1326475224147N00235262WA012940146000110
B1326485224132N00235272WA012950145900110
B1326495224115N00235275WA012930145800110
B1326505224097N00235272WA012930145700110
B1326515224080N00235262WA012930145600110
B1326525224065N00235246WA012910145400110
B1326535224053N00235225WA012890145200110
B1326545224045N00235200WA012890145100110
LFLA132655AZNSTAT 0 0
B1326555224040N00235173WA012870145100110
LFLA13265603srurjomnv[Zead
B1326565224040N00235147WA012870145100110
B1326575224043N00235122WA012870145200110
B1326585224050N00235102WA012890145400110
B1326595224059N00235085WA012930145800109
B1327005224069N00235072WA012960146200109
B1327015224080N00235063WA012990146600109
B1327025224091N00235058WA013020146800109
B1327035224102N00235057WA013050147000110
B1327045224113N00235060WA013070147300110
B1327055224123N00235065WA013100147500109
B1327065224133N00235073WA013100147500110
B1327075224140N00235087WA013100147500110
B1327085224143N00235105WA013100147600110
B1327095224142N00235126WA013110147700110
B1327105224137N00235147WA013120147800110
B1327115224127N00235166WA013130147900110
B1327125224112N00235179WA013150148000109
B1327135224095N00235184WA013170148100110
B1327145224078N00235182WA013170148100110
B1327155224060N00235172WA013160148000110
B1327165224045N00235154WA013150148100110
B1327175224034N00235131WA013170148400110
B1327185224026N00235105WA013220149000110
B1327195224021N00235079WA013310149700110
B1327205224018N00235054WA013310150200110
B1327215224021N00235031WA013370150500110
B1327225224026N00235012WA013390150600110
B1327235224036N00234998WA013400150400110
B1327245224047N00234991WA013390150300108
B1327255224058N00234993WA013370150100108
B1327265224068N00235003WA013350150000108
B1327275224074N00235020WA013350149900110
B1327285224075N00235041WA013340149900109
B1327295224070N00235063WA013340149900110
B1327305224060N00235083WA013340149900110
B1327315224045N00235097WA013350150100110
B1327325224027N00235104WA013370150300110
B1327335224009N00235101WA013370150600110
B1327345223992N00235089WA013400151000110
B1327355223978N00235069WA013440151400110
B1327365223968N00235045WA013480151700110
B1327375223963N00235019WA013520151900110
B1327385223963N00234994WA013550152000110
B1327395223967N00234971WA013560152100110
B1327405223976N00234953WA013570152200110
B1327415223986N00234944WA013580152300110
B1327425223997N00234941WA013580152400109
B1327435224008N00234946WA013590152500110
B1327445224016N00234956WA013590152500110
B1327455224021N00234972WA013590152500110
LFLA132745RFC 24535 35678 467 0 0
B1327465224022N00234991WA013590152500109
B1327475224018N00235012WA013590152500109
B1327485224009N00235031WA013600152600110
B1327495223997N00235046WA013610152700110
B1327505223981N00235056WA013610152800110
B1327515223963N00235058WA013630153000110
B1327525223946N00235054WA013650153300110
B1327535223929N00235044WA013680153400110
B1327545223915N00235027WA013700153600110
B1327555223905N00235004WA013720153700110
LFLA13275603srrujomnv`afZg
B1327565223899N00234979WA013730153700110
B1327575223898N00234953WA013730153700110
B1327585223902N00234930WA013730153700110
B1327595223909N00234910WA013730153800110
F13275930070304061911212609
B1328005223918N00234896WA013730154000110
B1328015223928N00234885WA013760154300109
B1328025223939N00234877WA013780154600110
B1328035223949N00234871WA013820154700109
B1328045223959N00234867WA013830154700109
B1328055223970N00234863WA013830154600109
B1328065223980N00234861WA013820154500109
B1328075223992N00234859WA013810154500109
B1328085224003N00234858WA013810154500109
B1328095224014N00234857WA013820154700109
B1328105224026N00234857WA013830154800109
B1328115224037N00234858WA013830154900110
B1328125224049N00234859WA013840155000110
B1328135224060N00234860WA013850155000109
B1328145224071N00234862WA013860155000109
B1328155224083N00234865WA013840154900109
B1328165224094N00234869WA013840154900109
B1328175224105N00234875WA013850155100109
B1328185224116N00234882WA013850155300110
B1328195224126N00234889WA013890155400110
B1328205224137N00234896WA013910155600110
B1328215224147N00234902WA013920155800110
B1328225224157N00234908WA013940156000110
B1328235224167N00234914WA013950156200109
B1328245224176N00234920WA013950156300109
B1328255224185N00234927WA013960156300109
B1328265224194N00234934WA013970156300110
B1328275224204N00234941WA013970156300110
B1328285224213N00234949WA013960156300109
B1328295224222N00234956WA013960156300109
B1328305224232N00234963WA013960156200109
B1328315224242N00234970WA013950156000110
B1328325224252N00234978WA013950155800110
B1328335224263N00234986WA013920155700110
B1328345224274N00234994WA013910155600109
B1328355224285N00235002WA013890155500109
B1328365224296N00235010WA013880155400109
B1328375224307N00235018WA013880155400110
B1328385224319N00235027WA013870155300110
B1328395224330N00235036WA013860155200110
B1328405224342N00235046WA013850155200110
B1328415224353N00235055WA013850155200110
B1328425224365N00235064WA013850155200110
B1328435224376N00235073WA013840155200110
B1328445224387N00235083WA013850155300110
B1328455224398N00235092WA013860155400110
B1328465224409N00235101WA013880155600110
B1328475224419N00235109WA013890155600110
B1328485224430N00235118WA013890155600110
B1328495224440N00235127WA013890155600110
B1328505224450N00235135WA013890155500110
B1328515224460N00235144WA013880155400110
B1328525224470N00235152WA013860155200109
B1328535224480N00235161WA013850155100109
B1328545224489N00235170WA013830154900109
B1328555224499N00235179WA013820154700109
LFLA13285603srurgbhc[vwptq
B1328565224509N00235188WA013790154400109
B1328575224519N00235197WA013760154100109
B1328585224530N00235207WA013730153900109
B1328595224540N00235216WA013700153700109
B1329005224551N00235225WA013690153600109
B1329015224561N00235234WA013680153500109
B1329025224572N00235243WA013670153400109
B1329035224582N00235251WA013670153300109
B1329045224593N00235260WA013660153100109
B1329055224604N00235268WA013640153000109
B1329065224615N00235277WA013620152900109
B1329075224626N00235286WA013610152800109
B1329085224637N00235295WA013610152800109
B1329095224648N00235305WA013610152800109
B1329105224660N00235314WA013610152900109
B1329115224671N00235324WA013610152900109
B1329125224682N00235334WA013620152900109
B1329135224693N00235344WA013630153000109
B1329145224704N00235355WA013640153200109
B1329155224715N00235366WA013670153500109
B1329165224726N00235377WA013670153700110
B1329175224736N00235388WA013690153800110
B1329185224746N00235400WA013710153900110
B1329195224756N00235411WA013720154000110
B1329205224766N00235422WA013740154100110
B1329215224776N00235434WA013750154300110
B1329225224787N00235445WA013770154400110
B1329235224796N00235456WA013770154600110
B1329245224806N00235467WA013790154700110
B1329255224816N00235478WA013790154700110
B1329265224826N00235488WA013790154600110
B1329275224836N00235499WA013780154500110
B1329285224845N00235510WA013790154600110
B1329295224855N00235521WA013790154900110
B1329305224865N00235532WA013810155300110
B1329315224874N00235542WA013850155800110
B1329325224884N00235550WA013910156000109
B1329335224895N00235554WA013940156000109
B1329345224906N00235552WA013940155900109
B1329355224916N00235542WA013930155800109
B1329365224924N00235525WA013920155600109
B1329375224928N00235503WA013890155400110
B1329385224928N00235478WA013860155200110
B1329395224923N00235451WA013850155000109
B1329405224914N00235427WA013840155000110
B1329415224900N00235408WA013850155200110
B1329425224884N00235396WA013850155600110
B1329435224866N00235392WA013890156100110
B1329445224849N00235392WA013940156300110
B1329455224833N00235398WA013960156300110
B1329465224819N00235411WA013970156200109
B1329475224808N00235430WA013950156000109
B1329485224800N00235453WA013940155800109
B1329495224796N00235478WA013920155700109
B1329505224796N00235503WA013920155800108
B1329515224799N00235527WA013940156100109
B1329525224805N00235549WA013960156500109
B1329535224811N00235570WA014000156900110
B1329545224819N00235587WA014040157200110
B1329555224829N00235600WA014040157300109
LFLA13295603srrua#%]eqpwkv
B1329565224841N00235606WA014060157500109
B1329575224853N00235605WA014070157500109
B1329585224865N00235597WA014080157500109
B1329595224875N00235583WA014090157400109
B1330005224883N00235562WA014070157200109
B1330015224885N00235537WA014040157000110
B1330025224883N00235510WA014020156900110
B1330035224874N00235485WA014010156800110
B1330045224862N00235465WA014010156800110
B1330055224846N00235451WA014010156800110
B1330065224828N00235445WA014020156900110
B1330075224811N00235447WA014020157000108
B1330085224795N00235458WA014020157100207
B1330095224781N00235474WA014040157400208
B1330105224771N00235495WA014060157500208
B1330115224764N00235517WA014070157700209
B1330125224761N00235541WA014090157700210
B1330135224762N00235565WA014100157800209
B1330145224765N00235587WA014120158000210
B1330155224770N00235607WA014140158300210
B1330165224777N00235625WA014160158600210
B1330175224783N00235642WA014180158600210
B1330185224790N00235659WA014180158500110
B1330195224797N00235675WA014160158300110
B1330205224805N00235692WA014120158000110
B1330215224812N00235709WA014120157600110
LFLA13302202uHfgeWcKW;nGp>iIYDSD_kTGNGQF
B1330225224820N00235728WA014080157300110
B1330235224827N00235747WA014050157000110
B1330245224834N00235767WA014020156900110
LFLA13302502uHfgeVeMpcV`WiUtdL:Mvb=NHQHO
B1330255224841N00235787WA014000156800110
B1330265224848N00235808WA013990156800110
B1330275224854N00235828WA014000156900110
B1330285224861N00235847WA014010157000110
B1330295224867N00235865WA014020157000110
B1330305224873N00235884WA014020156900110
B1330315224879N00235902WA014010156800110
LFLA13303202uHfgeF_WAN[Fq?a@PBTCO<cxax%y
B1330325224885N00235920WA014000156700110
B1330335224891N00235939WA013980156500110
B1330345224897N00235958WA013980156200110
B1330355224903N00235977WA013950155800110
B1330365224909N00235997WA013910155400110
LFLA13303702uHfgef>vFSfLcUUtdxfyO;dwaxav
B1330375224915N00236017WA013870155100110
B1330385224921N00236037WA013840154900110
B1330395224927N00236057WA013820154600110
B1330405224933N00236078WA013790154500110
B1330415224939N00236098WA013780154500110
LFLA13304202uHfgenX`GUhOhVoN>J<KrfAJCJDK
B1330425224946N00236118WA013780154700110
B1330435224953N00236138WA013820155100110
B1330445224959N00236156WA013860155600110
LFLA13304502uHfgekV%LuHX_QlM=P>Qxd;PFOFQ
B1330455224965N00236174WA013910155900110
LFLA13304602uHfgeZGoZBwhOa<]m`naGSl_v_y%
B1330465224970N00236191WA013930156000110
B1330475224976N00236207WA013930156100110
B1330485224983N00236224WA013940156100110
B1330495224990N00236240WA013950156200110
B1330505224997N00236257WA013960156300110
B1330515225004N00236273WA013960156500110
B1330525225012N00236290WA013970156700110
B1330535225020N00236306WA013990156900110
B1330545225028N00236322WA014020157100110
B1330555225036N00236338WA014040157200110
LFLA13305603srurmpjqy[Zead
B1330565225044N00236353WA014050157300110
LFLA13305702uHfge]<tf=pBl:%UEL:Msg@KELEJ
B1330575225052N00236369WA014060157500110
LFLA13305802uHfgegFnKxEqGyYZj`naamRIPIOH
B1330585225061N00236384WA014060157600110
B1330595225069N00236399WA014080157800110
B1331005225077N00236414WA014080158000110
LFLA13310102uHfgeuU]KyDgQ_T_o#j]]qVEKBKD
B1331015225086N00236428WA014110158200110
B1331025225094N00236442WA014130158400110
B1331035225103N00236456WA014160158600110
B1331045225111N00236469WA014190158700110
LFLA13310502uHfgeWyAgGrfP%;yip%qsg@KBKEJ
B1331055225120N00236482WA014190158700110
B1331065225129N00236496WA014180158600110
B1331075225139N00236510WA014170158500110
LFLA13310802uHfgeKnFoP]nHvhJ:OANTH_lbkbm
B1331085225148N00236525WA014160158400110
LFLA13310902uHfgeHeMHfSqGyeO?Q?Pj%IR;R<S
B1331095225158N00236540WA014160158400110
B1331105225168N00236556WA014170158600110
LFLA133111AZNSTAT 0 0
B1331115225178N00236572WA014210159000110
LFLA13311202uHfgepLdBgRAwIPbrbtcIUjaw%w`
B1331125225187N00236587WA014240159300110
B1331135225197N00236602WA014240159600110
B1331145225206N00236617WA014270159800110
B1331155225215N00236632WA014300160000110
B1331165225225N00236647WA014320160100110
B1331175225234N00236663WA014320160100110
B1331185225243N00236680WA014320160100110
B1331195225251N00236697WA014320160000110
B1331205225259N00236715WA014320159900110
B1331215225267N00236733WA014290159600110
B1331225225275N00236751WA014260159200110
B1331235225283N00236770WA014210158700110
B1331245225292N00236788WA014170158400109
B1331255225301N00236805WA014150158400109
B1331265225310N00236822WA014150158400109
B1331275225319N00236839WA014150158500110
B1331285225327N00236855WA014160158500110
B1331295225336N00236871WA014160158400110
B1331305225344N00236886WA014150158200110
B1331315225352N00236902WA014120158000110
B1331325225360N00236918WA014110158000110
B1331335225368N00236934WA014100158000110
B1331345225377N00236949WA014100157900110
B1331355225385N00236964WA014100157800109
B1331365225394N00236978WA014080157700109
B1331375225403N00236991WA014070157600109
B1331385225413N00237004WA014060157500110
B1331395225422N00237016WA014060157400110
B1331405225432N00237027WA014040157200110
B1331415225442N00237038WA014030157100110
B1331425225452N00237048WA014010156900110
B1331435225462N00237059WA013990156600110
B1331445225472N00237069WA013970156400110
B1331455225482N00237079WA013950156000110
B1331465225492N00237089WA013910155700110
B1331475225502N00237099WA013890155500110
B1331485225512N00237110WA013850155300109
B1331495225523N00237120WA013840155100109
B1331505225533N00237130WA013840155100109
B1331515225544N00237140WA013830155100109
B1331525225555N00237149WA013830155200109
B1331535225565N00237159WA013840155400109
B1331545225576N00237167WA013860155500109
B1331555225588N00237176WA013870155900109
LFLA13315603srurgbhc[yxosn
B1331565225598N00237185WA013920156400109
B1331575225609N00237194WA013970157000110
B1331585225619N00237203WA014020157500110
B1331595225629N00237211WA014090157900110
B1332005225640N00237218WA014110158000109
B1332015225651N00237220WA014130158100109
LFLA133201RFC 25047 35696 467 0 0
B1332025225662N00237218WA014150158300109
B1332035225672N00237210WA014170158400110
B1332045225680N00237196WA014170158600110
B1332055225685N00237178WA014180158700110
B1332065225688N00237157WA014190158700110
B1332075225686N00237134WA014200158700110
B1332085225682N00237111WA014190158500110
B1332095225673N00237089WA014170158300109
B1332105225660N00237069WA014150158100108
B1332115225645N00237053WA014130158000110
LFLA13321202uHfgeJ@xcN[OhVgo_<K<ZkTGNGQF
B1332125225627N00237043WA014110157900109
B1332135225608N00237040WA014120158000109
B1332145225590N00237044WA014120158100109
B1332155225573N00237053WA014140158300108
LFLA13321602uHfgeO;sGj?qFxlWGanapaFU;R;T
B1332165225559N00237068WA014160158500110
B1332175225548N00237087WA014160158700109
B1332185225540N00237109WA014190159000109
B1332195225534N00237131WA014230159400109
B1332205225530N00237154WA014260159800110
B1332215225527N00237177WA014310160100110
B1332225225527N00237200WA014340160400110
B1332235225531N00237220WA014360160600110
B1332245225538N00237236WA014390160900110
B1332255225549N00237246WA014410161100109
B1332265225560N00237249WA014430161200109
B1332275225572N00237245WA014430161200109
B1332285225582N00237234WA014430161200109
B1332295225589N00237216WA014430161200109
B1332305225591N00237193WA014430161100110
B1332315225589N00237168WA014420161100110
B1332325225581N00237144WA014420161000110
B1332335225569N00237122WA014420161000110
B1332345225554N00237105WA014420161000110
B1332355225537N00237093WA014410160900109
B1332365225518N00237088WA014410160900109
B1332375225499N00237090WA014410160900109
B1332385225482N00237101WA014410160900109
B1332395225468N00237119WA014420161100109
B1332405225458N00237143WA014440161600109
LFLA13324102CZ#ci]qIGwBvCuXn%QANguJAXAW@
B1332415225451N00237168WA014500162300109
B1332425225446N00237192WA014570162900109
B1332435225444N00237215WA014570163200108
LFLA13324402CZ#ciTGoEuHj?q>#liyfO=by_v_x
B1332445225446N00237237WA014620163400109
B1332455225454N00237253WA014660163500108
B1332465225465N00237261WA014670163500109
B1332475225478N00237258WA014670163500108
B1332485225489N00237247WA014670163500108
B1332495225496N00237227WA014680163600108
B1332505225496N00237201WA014680163900109
B1332515225491N00237176WA014710164100110
B1332525225480N00237153WA014740164300110
LFLA13325302uHfge_qIZJ_gP%gqa]l[GTk`y`va
B1332535225465N00237137WA014750164500110
B1332545225447N00237132WA014770164700110
B1332555225430N00237137WA014800165000109
LFLA13325602uHfgeDS[j=pAwIGWGDUB%mRIOFOH
LFLA13325603srru#a[`hjktpu
B1332565225415N00237153WA014800165300109
B1332575225404N00237175WA014840165600109
B1332585225399N00237200WA014870165800109
B1332595225401N00237223WA014900166100109
F1332593007040611212609
B1333005225408N00237241WA014930166400108
B1333015225419N00237251WA014960166600108
B1333025225431N00237251WA014980166600108
B1333035225443N00237240WA014980166600209
B1333045225450N00237220WA014990166400109
B1333055225452N00237195WA014960166400109
B1333065225446N00237168WA014970166400110
B1333075225434N00237145WA014980166500110
LFLA13330802uHfgecv>GxEoIwkbrYHWixO<U<R=
B1333085225417N00237132WA014980166700110
B1333095225398N00237131WA014990167000109
B1333105225381N00237141WA015010167400209
B1333115225367N00237159WA015030167700209
B1333125225359N00237182WA015080167900209
LFLA13331302uHfge[lD=p=cM[mTDrct[nYBLELC
B1333135225356N00237207WA015120168200210
B1333145225360N00237229WA015130168400208
B1333155225368N00237245WA015170168500208
B1333165225380N00237253WA015180168600210
B1333175225393N00237250WA015180168600209
B1333185225404N00237237WA015190168500208
B1333195225411N00237216WA015180168500209
B1333205225411N00237190WA015190168600210
B1333215225404N00237164WA015190168700210
B1333225225390N00237144WA015200168700210
B1333235225373N00237134WA015200168900210
B1333245225354N00237135WA015210169100209
B1333255225337N00237146WA015230169300209
B1333265225325N00237165WA015260169600209
B1333275225317N00237189WA015280169900210
B1333285225315N00237214WA015310170200210
B1333295225319N00237236WA015340170400208
B1333305225327N00237253WA015360170500209
B1333315225339N00237262WA015370170600209
B1333325225352N00237262WA015390170700208
B1333335225363N00237253WA015400170800208
B1333345225372N00237236WA015400170900208
B1333355225376N00237213WA015410170900209
B1333365225374N00237187WA015410170800210
B1333375225366N00237163WA015410170800210
B1333385225353N00237144WA015410170700210
B1333395225335N00237133WA015400170700210
B1333405225317N00237134WA015400170900209
B1333415225301N00237144WA015420171200209
B1333425225288N00237162WA015450171500209
B1333435225279N00237184WA015490171800210
B1333445225276N00237207WA015510172100210
B1333455225278N00237229WA015550172400210
B1333465225284N00237246WA015580172600210
B1333475225294N00237258WA015580172800209
B1333485225305N00237262WA015600172800208
B1333495225317N00237258WA015610172700208
B1333505225327N00237245WA015600172600208
B1333515225334N00237227WA015590172600209
B1333525225336N00237204WA015580172700210
B1333535225334N00237179WA015580172800210
B1333545225329N00237156WA015600172800210
B1333555225319N00237134WA015600172700210
LFLA13335603srruknlow#]b%c
B1333565225306N00237117WA015590172600110
B1333575225290N00237107WA015580172500110
B1333585225273N00237106WA015580172500109
B1333595225257N00237113WA015580172700209
B1334005225243N00237127WA015580172900109
B1334015225233N00237147WA015590173000109
B1334025225228N00237169WA015620173100110
B1334035225226N00237192WA015640173200110
B1334045225229N00237213WA015650173400110
B1334055225235N00237232WA015670173600109
B1334065225243N00237247WA015690173800110
B1334075225252N00237262WA015700174000110
B1334085225261N00237275WA015720174200110
B1334095225269N00237289WA015740174300110
B1334105225278N00237303WA015750174500110
B1334115225286N00237317WA015770174800110
B1334125225294N00237331WA015810175000110
B1334135225303N00237346WA015810175300110
B1334145225310N00237360WA015850175500110
B1334155225318N00237375WA015860175700110
B1334165225325N00237389WA015870175800110
B1334175225333N00237404WA015890175800110
B1334185225341N00237418WA015890175800110
B1334195225348N00237433WA015880175700110
B1334205225356N00237447WA015870175600110
B1334215225364N00237463WA015850175300110
B1334225225372N00237479WA015820175000110
B1334235225379N00237496WA015780174600110
B1334245225386N00237515WA015740174300109
B1334255225391N00237536WA015740174200109
B1334265225395N00237559WA015720174100109
B1334275225398N00237582WA015710174200109
B1334285225400N00237605WA015720174400109
B1334295225402N00237627WA015740174500109
B1334305225403N00237648WA015750174500110
B1334315225405N00237669WA015740174200110
B1334325225406N00237691WA015720173900110
B1334335225408N00237713WA015690173600110
B1334345225410N00237735WA015650173400110
B1334355225412N00237757WA015620173100110
B1334365225414N00237779WA015580172800110
B1334375225417N00237801WA015540172300110
B1334385225419N00237825WA015480171700110
B1334395225423N00237849WA015480171200110
B1334405225427N00237873WA015430170800110
B1334415225431N00237898WA015390170400109
B1334425225436N00237924WA015340170100109
B1334435225441N00237950WA015300169800109
B1334445225446N00237976WA015280169700109
B1334455225452N00238002WA015280169600109
B1334465225458N00238028WA015270169600109
B1334475225464N00238053WA015270169600109
B1334485225470N00238078WA015260169500109
B1334495225476N00238102WA015250169500110
B1334505225483N00238127WA015250169500110
B1334515225489N00238152WA015250169500110
B1334525225495N00238176WA015250169500110
B1334535225502N00238200WA015250169500110
B1334545225508N00238225WA015260169600110
B1334555225514N00238249WA015260169700110
LFLA13345603srurqlnmu_%i]h
B1334565225520N00238273WA015280169900110
B1334575225526N00238296WA015300170200110
B1334585225532N00238318WA015330170500110
B1334595225538N00238340WA015360170700110
B1335005225543N00238361WA015390170800110
B1335015225548N00238382WA015410171000110
B1335025225554N00238402WA015410171100110
B1335035225560N00238422WA015430171200110
B1335045225566N00238441WA015440171300110
B1335055225572N00238460WA015440171300110
B1335065225578N00238480WA015440171300110
B1335075225583N00238499WA015440171200110
B1335085225588N00238519WA015440171100110
B1335095225594N00238538WA015420171000110
B1335105225599N00238558WA015410170900109
B1335115225604N00238578WA015400170800110
B1335125225608N00238598WA015390170700109
B1335135225613N00238619WA015380170600109
B1335145225617N00238639WA015370170600110
B1335155225622N00238660WA015370170600110
B1335165225626N00238680WA015360170500110
B1335175225631N00238701WA015360170500109
B1335185225635N00238721WA015350170300109
B1335195225640N00238741WA015340170200109
B1335205225645N00238761WA015330170100109
B1335215225649N00238781WA015320170000109
B1335225225654N00238802WA015310169900109
B1335235225659N00238822WA015300169800109
B1335245225664N00238842WA015290169700109
B1335255225670N00238863WA015270169600109
B1335265225675N00238883WA015260169500110
LFLA133527AZNSTAT 0 0
B1335275225681N00238904WA015260169300110
B1335285225686N00238925WA015230169100109
B1335295225692N00238947WA015210168900109
B1335305225698N00238969WA015210168800109
B1335315225704N00238991WA015190168700109
B1335325225711N00239013WA015170168600109
B1335335225717N00239034WA015160168400109
B1335345225724N00239056WA015150168300109
B1335355225731N00239077WA015130168200110
B1335365225737N00239099WA015110168000110
B1335375225744N00239120WA015090167900110
B1335385225751N00239141WA015070167700110
B1335395225759N00239162WA015050167500110
B1335405225766N00239183WA015040167300110
B1335415225773N00239204WA015020167100110
B1335425225781N00239225WA015010166900110
B1335435225789N00239246WA015010166800110
B1335445225797N00239268WA014980166700110
B1335455225804N00239289WA014970166600110
B1335465225812N00239310WA014960166500110
B1335475225820N00239331WA014950166400110
B1335485225828N00239352WA014940166300110
B1335495225837N00239371WA014940166200110
B1335505225846N00239390WA014920166000110
B1335515225856N00239407WA014890165800110
B1335525225867N00239423WA014870165700110
B1335535225878N00239439WA014850165500110
B1335545225889N00239453WA014820165200110
B1335555225901N00239467WA014790165000110
LFLA13355603srurgbhc[xynro
B1335565225912N00239482WA014790164700110
B1335575225923N00239496WA014770164400110
B1335585225934N00239511WA014750164200110
B1335595225945N00239526WA014720163800110
B1336005225956N00239540WA014670163500110
B1336015225968N00239555WA014620163200110
B1336025225980N00239569WA014600163000110
B1336035225992N00239582WA014580162800110
B1336045226004N00239597WA014570162600110
B1336055226017N00239611WA014540162400110
B1336065226029N00239624WA014510162200110
B1336075226042N00239637WA014500162000110
B1336085226055N00239650WA014470161900110
B1336095226068N00239662WA014470161800110
B1336105226080N00239675WA014470161700110
B1336115226093N00239687WA014460161500110
B1336125226105N00239699WA014450161300110
B1336135226117N00239711WA014430161000110
B1336145226129N00239722WA014400160700110
B1336155226142N00239734WA014370160400110
B1336165226154N00239745WA014330160000110
B1336175226166N00239756WA014290159600110
LFLA133617RFC 25559 35702 467 0 0
B1336185226179N00239767WA014260159300109
B1336195226191N00239779WA014220158900110
B1336205226203N00239790WA014190158600110
B1336215226216N00239802WA014150158400110
B1336225226228N00239813WA014150158200110
B1336235226240N00239824WA014130158000110
B1336245226253N00239834WA014110157700110
B1336255226265N00239845WA014080157500110
B1336265226278N00239856WA014060157300110
B1336275226291N00239866WA014030157100110
B1336285226304N00239876WA014010156800110
B1336295226317N00239886WA013990156600110
B1336305226331N00239896WA013960156300110
B1336315226344N00239906WA013940156100110
B1336325226358N00239915WA013910156000110
B1336335226372N00239924WA013900155800110
B1336345226386N00239932WA013880155600110
B1336355226400N00239939WA013880155500109
B1336365226414N00239946WA013860155400109
B1336375226428N00239951WA013860155400109
B1336385226442N00239957WA013850155400109
B1336395226456N00239962WA013850155400109
B1336405226469N00239967WA013850155600108
B1336415226483N00239971WA013870155800109
B1336425226495N00239975WA013900156100109
B1336435226507N00239979WA013930156200109
B1336445226519N00239984WA013930156200109
B1336455226532N00239988WA013930156100108
B1336465226544N00239992WA013910155900108
B1336475226556N00239997WA013890155700108
B1336485226569N00240002WA013890155600108
B1336495226581N00240008WA013880155600108
B1336505226594N00240013WA013880155700108
B1336515226607N00240019WA013890155800109
B1336525226620N00240024WA013890156000109
B1336535226633N00240029WA013920156400109
B1336545226644N00240034WA013970156700110
B1336555226656N00240039WA014010157000109
LFLA13365603srurgbhc[utkwj
B1336565226667N00240044WA014030157300109
B1336575226678N00240048WA014050157400109
B1336585226690N00240052WA014070157500110
B1336595226701N00240056WA014070157600110
B1337005226712N00240060WA014080157700110
B1337015226723N00240063WA014080158000109
B1337025226734N00240066WA014100158300109
B1337035226744N00240068WA014130158700109
B1337045226754N00240070WA014180159000110
B1337055226764N00240071WA014230159300110
B1337065226773N00240072WA014260159600110
B1337075226781N00240072WA014290159800110
B1337085226790N00240072WA014300159900110
B1337095226799N00240072WA014320160000110
B1337105226808N00240071WA014320160000110
B1337115226818N00240070WA014320159900110
B1337125226828N00240068WA014310159800110
B1337135226838N00240067WA014300159700110
B1337145226849N00240066WA014300159600110
B1337155226859N00240066WA014290159500110
B1337165226870N00240066WA014280159400110
B1337175226881N00240068WA014270159300109
B1337185226893N00240071WA014260159100109
B1337195226904N00240074WA014240159000109
B1337205226915N00240079WA014220159000109
B1337215226927N00240085WA014210158900109
B1337225226938N00240091WA014210158800109
B1337235226949N00240097WA014190158600110
B1337245226960N00240105WA014170158500110
B1337255226971N00240113WA014150158300110
B1337265226982N00240120WA014150158100110
B1337275226994N00240128WA014130157800110
B1337285227005N00240137WA014100157300110
B1337295227017N00240145WA014060156800110
B1337305227030N00240154WA014010156300110
B1337315227043N00240164WA013950155900110
B1337325227056N00240174WA013900155700111
B1337335227069N00240184WA013890155500111
B1337345227082N00240195WA013870155400110
B1337355227096N00240206WA013850155200111
B1337365227109N00240217WA013830155100110
B1337375227122N00240229WA013830155000110
B1337385227134N00240241WA013810154900110
B1337395227147N00240254WA013810154900111
B1337405227160N00240266WA013790154900111
B1337415227172N00240278WA013800154900111
B1337425227184N00240290WA013810154900111
B1337435227196N00240302WA013810154900111
B1337445227207N00240314WA013810155000111
B1337455227218N00240326WA013810155100112
B1337465227230N00240338WA013830155200112
B1337475227241N00240350WA013840155300112
B1337485227251N00240362WA013850155400112
B1337495227262N00240374WA013860155500112
B1337505227272N00240386WA013880155700112
B1337515227282N00240398WA013900155800112
B1337525227292N00240410WA013900155900112
B1337535227303N00240421WA013910156000112
B1337545227314N00240432WA013910156100112
B1337555227324N00240443WA013920156300112
LFLA13375603srurgbhc[wvqup
B1337565227335N00240454WA013960156800112
B1337575227345N00240464WA014010157300112
B1337585227354N00240474WA014040157600112
B1337595227363N00240484WA014070157700112
F133759300703040629191121261609
B1338005227372N00240495WA014080157800112
B1338015227382N00240505WA014080157700112
B1338025227391N00240515WA014070157500112
B1338035227401N00240526WA014050157500112
B1338045227410N00240537WA014050157400112
B1338055227420N00240548WA014050157400112
B1338065227431N00240559WA014050157400112
B1338075227441N00240570WA014040157500112
B1338085227451N00240580WA014060157700112
B1338095227461N00240591WA014080157900112
B1338105227471N00240601WA014100158100112
B1338115227480N00240612WA014130158300112
B1338125227490N00240622WA014140158400112
B1338135227499N00240632WA014150158500112
B1338145227509N00240643WA014160158500112
B1338155227518N00240653WA014160158500112
B1338165227527N00240664WA014160158500112
B1338175227537N00240675WA014160158500112
B1338185227546N00240686WA014160158500112
B1338195227556N00240697WA014150158400112
B1338205227566N00240708WA014140158300112
B1338215227576N00240720WA014140158100112
B1338225227586N00240731WA014110157800112
B1338235227597N00240742WA014070157400112
B1338245227608N00240754WA014040157000112
B1338255227620N00240766WA014010156900112
B1338265227632N00240779WA014000156800112
B1338275227643N00240792WA014000156900112
B1338285227655N00240806WA014000156900112
B1338295227666N00240819WA014010157000112
B1338305227677N00240832WA014030157100112
B1338315227689N00240845WA014030157200112
B1338325227700N00240857WA014030157300112
B1338335227711N00240870WA014030157200112
B1338345227722N00240883WA014030157000112
B1338355227733N00240896WA014020156900112
B1338365227744N00240910WA013990156700112
B1338375227755N00240924WA013980156500112
B1338385227765N00240939WA013950156400112
B1338395227775N00240954WA013940156300112
B1338405227785N00240970WA013930156200112
B1338415227794N00240987WA013920156100112
B1338425227803N00241005WA013910156000111
B1338435227810N00241024WA013910155900112
B1338445227817N00241043WA013890155800112
B1338455227824N00241064WA013890155700112
B1338465227829N00241085WA013880155600112
B1338475227835N00241107WA013860155400111
B1338485227841N00241129WA013850155200112
B1338495227847N00241151WA013830155100111
B1338505227853N00241173WA013820155000111
B1338515227859N00241196WA013810154900112
B1338525227866N00241218WA013790154900112
B1338535227873N00241240WA013800154900111
B1338545227880N00241262WA013790154800111
B1338555227887N00241284WA013790154800111
LFLA13385603srurjomnv#]b%c
B1338565227895N00241306WA013780154600111
B1338575227902N00241328WA013760154500111
B1338585227910N00241350WA013760154300111
B1338595227918N00241373WA013740154300112
B1339005227926N00241395WA013730154300112
B1339015227935N00241417WA013730154300112
B1339025227943N00241439WA013730154300112
B1339035227951N00241461WA013730154200112
B1339045227959N00241484WA013730154300112
B1339055227966N00241506WA013730154300112
B1339065227974N00241528WA013730154300112
B1339075227981N00241550WA013730154200112
B1339085227989N00241572WA013720154100112
B1339095227997N00241594WA013700153900111
B1339105228005N00241615WA013670153600112
B1339115228013N00241637WA013670153300111
B1339125228021N00241659WA013640153000111
B1339135228029N00241681WA013610152600112
B1339145228037N00241703WA013560152200112
B1339155228045N00241725WA013520151900112
B1339165228053N00241747WA013490151700112
B1339175228061N00241770WA013460151400112
B1339185228070N00241792WA013440151200111
B1339195228079N00241814WA013420151000112
B1339205228087N00241836WA013400150800112
B1339215228096N00241858WA013390150700112
B1339225228105N00241880WA013370150600112
B1339235228113N00241902WA013360150500112
B1339245228122N00241924WA013360150300112
B1339255228131N00241946WA013340150100112
B1339265228139N00241969WA013320149700112
B1339275228147N00241992WA013280149300112
B1339285228156N00242016WA013230148800112
B1339295228164N00242040WA013190148400111
B1339305228172N00242065WA013150148000112
B1339315228180N00242089WA013100147600111
B1339325228188N00242114WA013060147100111
B1339335228197N00242139WA013020146800111
B1339345228206N00242164WA012980146400112
B1339355228214N00242190WA012950146200112
B1339365228222N00242215WA012920145900112
B1339375228231N00242240WA012920145600112
B1339385228239N00242265WA012890145400112
B1339395228247N00242291WA012870145200111
B1339405228255N00242316WA012850145100111
B1339415228262N00242341WA012830145000111
B1339425228270N00242366WA012830144900111
LFLA133943AZNSTAT 0 0
B1339435228277N00242390WA012820144900111
B1339445228284N00242414WA012820144800111
B1339455228291N00242437WA012810144700111
B1339465228298N00242460WA012800144500111
B1339475228305N00242483WA012770144300111
B1339485228312N00242506WA012740143900111
B1339495228318N00242529WA012700143500111
B1339505228326N00242552WA012700143100111
B1339515228333N00242575WA012650142700111
B1339525228340N00242598WA012610142400111
B1339535228348N00242622WA012580142200111
B1339545228356N00242645WA012550142000111
B1339555228363N00242668WA012540142000111
LFLA13395603srurqlnmu%_h#i
B1339565228370N00242691WA012540142200111
B1339575228377N00242713WA012560142500111
B1339585228383N00242734WA012580142600111
B1339595228389N00242755WA012590142600111
B1340005228396N00242776WA012590142600111
B1340015228402N00242797WA012590142500111
B1340025228408N00242819WA012580142500111
B1340035228414N00242840WA012580142400111
B1340045228421N00242862WA012580142300111
B1340055228427N00242884WA012570142100111
B1340065228434N00242906WA012550141800111
B1340075228442N00242929WA012520141800111
B1340085228450N00242952WA012520141900111
B1340095228457N00242974WA012530142200111
B1340105228464N00242996WA012550142300111
B1340115228471N00243017WA012570142400111
B1340125228478N00243038WA012590142600111
B1340135228484N00243059WA012600142900111
B1340145228490N00243078WA012640143100111
B1340155228495N00243097WA012660143300111
B1340165228500N00243116WA012660143400111
B1340175228505N00243134WA012680143400111
B1340185228510N00243151WA012680143400111
B1340195228514N00243169WA012670143200111
B1340205228519N00243186WA012660143100111
B1340215228524N00243204WA012640143000111
B1340225228529N00243221WA012630142800111
B1340235228535N00243239WA012600142400111
B1340245228540N00243257WA012570142100111
B1340255228547N00243275WA012530141700111
B1340265228553N00243294WA012490141300111
B1340275228560N00243314WA012440140900111
B1340285228568N00243334WA012400140600111
B1340295228575N00243355WA012400140400111
B1340305228582N00243376WA012380140200111
B1340315228590N00243396WA012370140200111
B1340325228597N00243417WA012360140300111
B1340335228604N00243437WA012360140600111
LFLA134033RFC 26071 35702 467 0 0
B1340345228611N00243456WA012390140700111
B1340355228618N00243475WA012400140600111
B1340365228624N00243495WA012390140400111
B1340375228631N00243515WA012370140300111
B1340385228637N00243535WA012360140100111
B1340395228644N00243555WA012350140100111
B1340405228651N00243575WA012360140300111
B1340415228658N00243595WA012390140700111
B1340425228665N00243613WA012430141000111
B1340435228673N00243628WA012430141100111
B1340445228683N00243640WA012450141200111
B1340455228693N00243651WA012460141300111
B1340465228704N00243662WA012470141400111
B1340475228713N00243674WA012480141500111
B1340485228723N00243687WA012500141700111
B1340495228732N00243701WA012520141900111
B1340505228741N00243715WA012530142100111
B1340515228750N00243729WA012550142300111
B1340525228758N00243746WA012560142300111
B1340535228764N00243765WA012570142400111
B1340545228766N00243787WA012580142500110
B1340555228765N00243811WA012600142700111
LFLA13405603sruridfe]vwptq
B1340565228759N00243834WA012600142800111
B1340575228750N00243854WA012610142900111
B1340585228737N00243871WA012620142900111
B1340595228721N00243882WA012620142900111
B1341005228704N00243887WA012620143000111
B1341015228686N00243885WA012640143200111
B1341025228669N00243876WA012670143600111
B1341035228654N00243861WA012710144100111
B1341045228643N00243841WA012750144500111
B1341055228635N00243819WA012810145000111
B1341065228633N00243796WA012860145300111
B1341075228635N00243774WA012890145600111
B1341085228641N00243756WA012900145700110
B1341095228651N00243745WA012900145800110
B1341105228663N00243742WA012920146000110
B1341115228674N00243748WA012940146100110
B1341125228684N00243762WA012950146200110
B1341135228689N00243783WA012960146300110
B1341145228689N00243808WA012960146400109
B1341155228683N00243833WA012980146600110
B1341165228672N00243854WA012990146700110
B1341175228657N00243869WA013020146900110
B1341185228639N00243877WA013030147100110
B1341195228620N00243875WA013050147300110
B1341205228603N00243865WA013080147600110
B1341215228588N00243847WA013080147900110
B1341225228579N00243824WA013120148300110
B1341235228575N00243800WA013160148600110
B1341245228577N00243777WA013200148900110
B1341255228584N00243758WA013230149100110
B1341265228595N00243747WA013250149200110
B1341275228607N00243745WA013270149400110
B1341285228619N00243754WA013300149700110
B1341295228627N00243771WA013310149900110
B1341305228631N00243794WA013330150000110
B1341315228629N00243820WA013340150100109
B1341325228621N00243845WA013360150400110
B1341335228608N00243867WA013390150700110
B1341345228591N00243881WA013390151200110
B1341355228572N00243885WA013430151700110
B1341365228553N00243878WA013500152200110
B1341375228537N00243862WA013550152500110
B1341385228526N00243839WA013580152700110
B1341395228522N00243813WA013610152900110
B1341405228523N00243788WA013630153000110
B1341415228530N00243768WA013640153100110
B1341425228541N00243754WA013650153200110
B1341435228554N00243751WA013660153400110
B1341445228567N00243759WA013690153800110
B1341455228577N00243775WA013730154100110
B1341465228582N00243798WA013770154400110
B1341475228582N00243823WA013770154700110
B1341485228577N00243849WA013800155200110
B1341495228566N00243871WA013850155600110
B1341505228552N00243889WA013890156100110
B1341515228534N00243898WA013940156600110
B1341525228516N00243899WA013990157000110
B1341535228498N00243891WA014040157300110
B1341545228484N00243875WA014070157500109
B1341555228474N00243853WA014090157700110
LFLA13415603srrua#%]eqpwkv
B1341565228468N00243828WA014100157800110
B1341575228469N00243803WA014110157800110
B1341585228474N00243781WA014120157900110
B1341595228482N00243764WA014130158100110
B1342005228494N00243753WA014130158200110
B1342015228507N00243750WA014150158500110
B1342025228519N00243755WA014190158800110
B1342035228530N00243769WA014220159100110
B1342045228537N00243788WA014250159400110
B1342055228540N00243812WA014270159500110
B1342065228539N00243837WA014280159700109
B1342075228532N00243863WA014300159900110
B1342085228521N00243885WA014340160200110
B1342095228506N00243903WA014370160500110
B1342105228489N00243913WA014410160900110
B1342115228470N00243915WA014430161200110
B1342125228452N00243910WA014450161300110
B1342135228435N00243897WA014450161500110
B1342145228421N00243876WA014460161600110
B1342155228413N00243851WA014470161700110
B1342165228410N00243823WA014490161800110
B1342175228412N00243797WA014500161900110
B1342185228420N00243776WA014520162100110
B1342195228433N00243764WA014530162300110
B1342205228446N00243761WA014550162600110
B1342215228459N00243769WA014600163000110
B1342225228469N00243786WA014650163600110
B1342235228474N00243808WA014700164100110
B1342245228476N00243833WA014760164600110
B1342255228471N00243859WA014800165000109
B1342265228462N00243883WA014800165400110
B1342275228449N00243902WA014850165800109
B1342285228432N00243915WA014880166100109
B1342295228414N00243920WA014910166400110
B1342305228395N00243917WA014940166600109
B1342315228377N00243906WA014990166800110
B1342325228362N00243888WA015010166900109
B1342335228352N00243864WA015020167000110
B1342345228346N00243838WA015020167200110
B1342355228346N00243811WA015050167400110
B1342365228350N00243788WA015080167700110
B1342375228358N00243769WA015110168000110
B1342385228368N00243756WA015140168200110
B1342395228380N00243749WA015140168400110
B1342405228393N00243750WA015150168700110
B1342415228404N00243759WA015180169000110
B1342425228412N00243775WA015220169400110
B1342435228417N00243795WA015270169700110
B1342445228418N00243819WA015300170000110
B1342455228414N00243843WA015340170300110
B1342465228405N00243866WA015370170700110
B1342475228392N00243885WA015400171000109
B1342485228375N00243898WA015420171100109
B1342495228357N00243904WA015440171200110
B1342505228338N00243900WA015440171300109
B1342515228319N00243888WA015440171400109
B1342525228305N00243868WA015460171600110
B1342535228295N00243843WA015480171700110
B1342545228290N00243815WA015500171900110
B1342555228292N00243789WA015520172200110
LFLA13425603srrudich`vwptq
B1342565228298N00243767WA015540172500110
B1342575228308N00243752WA015570172800110
B1342585228321N00243745WA015600173000110
B1342595228333N00243746WA015620173100110
F13425930070406291121261609
B1343005228345N00243755WA015630173200110
B1343015228353N00243772WA015650173400110
B1343025228358N00243794WA015660173600110
B1343035228358N00243819WA015690173800109
B1343045228352N00243845WA015690174100110
B1343055228342N00243868WA015720174400110
B1343065228329N00243887WA015750174700109
B1343075228312N00243900WA015780175000109
B1343085228294N00243906WA015820175300110
B1343095228275N00243904WA015870175700110
B1343105228257N00243896WA015900176100110
B1343115228241N00243882WA015940176400110
B1343125228228N00243864WA015980176700110
B1343135228217N00243843WA016000177000110
B1343145228210N00243819WA016030177100110
B1343155228207N00243795WA016040177200110
B1343165228208N00243773WA016040177200110
B1343175228212N00243752WA016040177300110
B1343185228220N00243736WA016050177300109
B1343195228229N00243723WA016050177400110
B1343205228240N00243716WA016060177400110
B1343215228251N00243714WA016060177400110
B1343225228263N00243717WA016060177500110
B1343235228274N00243725WA016070177700110
B1343245228284N00243738WA016090177800110
B1343255228292N00243753WA016110178000110
B1343265228299N00243772WA016120178100110
B1343275228305N00243793WA016120178000110
B1343285228311N00243815WA016110177900110
B1343295228317N00243838WA016090177700110
B1343305228324N00243863WA016090177700110
B1343315228330N00243888WA016080177700110
B1343325228336N00243915WA016070177400110
B1343335228341N00243941WA016060177100110
B1343345228346N00243969WA016020176500109
B1343355228352N00243996WA015970176100110
B1343365228358N00244023WA015920175800110
B1343375228365N00244050WA015890175700110
B1343385228373N00244076WA015880175600110
B1343395228381N00244102WA015880175700110
B1343405228389N00244128WA015890175800110
B1343415228397N00244154WA015910176000110
B1343425228404N00244179WA015920176100110
B1343435228412N00244205WA015920176200110
B1343445228419N00244230WA015930176200110
B1343455228427N00244256WA015940176200110
B1343465228435N00244281WA015940176100110
B1343475228443N00244306WA015910175800110
B1343485228451N00244332WA015890175600110
B1343495228459N00244358WA015860175400110
B1343505228468N00244385WA015850175200110
B1343515228476N00244411WA015820175000110
B1343525228483N00244439WA015820175200110
B1343535228489N00244467WA015840175500110
B1343545228495N00244495WA015890176000110
B1343555228499N00244523WA015940176300110
LFLA13435603srurjomnv[Zead
B1343565228504N00244551WA015940176600110
B1343575228508N00244579WA015970176900110
B1343585228511N00244607WA016000177100110
LFLA134359AZNSTAT 0 0
B1343595228515N00244636WA016030177200110
B1344005228518N00244664WA016040177300110
B1344015228521N00244694WA016040177400110
B1344025228524N00244723WA016060177400110
B1344035228527N00244753WA016060177600110
B1344045228530N00244782WA016090178000110
B1344055228533N00244811WA016130178400110
B1344065228537N00244839WA016170178600110
B1344075228541N00244868WA016180178500110
B1344085228545N00244897WA016150178400110
B1344095228549N00244926WA016150178300110
B1344105228553N00244955WA016130178000110
B1344115228559N00244984WA016120177700110
B1344125228564N00245013WA016080177300110
B1344135228571N00245041WA016040177200110
B1344145228578N00245070WA016010177000110
B1344155228586N00245097WA016010176900110
B1344165228594N00245124WA016000176800110
B1344175228604N00245150WA015980176600110
B1344185228614N00245176WA015970176300110
B1344195228624N00245200WA015920176000110
B1344205228635N00245225WA015870175600110
B1344215228645N00245249WA015830175200110
B1344225228656N00245274WA015830174800110
B1344235228667N00245299WA015800174400110
B1344245228678N00245324WA015750174100110
B1344255228689N00245349WA015720173900110
B1344265228701N00245374WA015700174100110
B1344275228713N00245399WA015710174400110
B1344285228725N00245423WA015750174800110
B1344295228736N00245447WA015800175400110
B1344305228747N00245470WA015860176000110
B1344315228758N00245493WA015940176700110
B1344325228768N00245514WA016010177400110
B1344335228778N00245536WA016060177700110
B1344345228788N00245557WA016090178000110
B1344355228798N00245579WA016090178100110
B1344365228808N00245602WA016110178100110
B1344375228819N00245625WA016110178100110
B1344385228830N00245648WA016110178000110
B1344395228841N00245672WA016100177700110
B1344405228853N00245697WA016070177500110
B1344415228864N00245722WA016040177300110
B1344425228877N00245748WA016030177200110
B1344435228889N00245774WA016010177100110
B1344445228901N00245800WA016010177000110
B1344455228914N00245827WA016000176900110
B1344465228927N00245855WA015990176800110
B1344475228939N00245882WA015990176700110
B1344485228952N00245910WA015990176500110
B1344495228965N00245937WA015980176100110
LFLA134449RFC 26583 35702 467 0 0
B1344505228978N00245965WA015920175700110
B1344515228991N00245993WA015870175300110
B1344525229005N00246021WA015840175000110
B1344535229019N00246048WA015800174800110
B1344545229033N00246075WA015780174600110
B1344555229047N00246101WA015760174400110
LFLA13445603srurlqkpx#]b%c
B1344565229062N00246127WA015720174100110
B1344575229077N00246152WA015690173800110
B1344585229093N00246178WA015650173400110
B1344595229108N00246204WA015610173000110
B1345005229123N00246230WA015550172500110
B1345015229138N00246256WA015550172000110
B1345025229153N00246282WA015520171600110
B1345035229168N00246309WA015470171300110
B1345045229183N00246335WA015430171000110
B1345055229198N00246360WA015400170700110
B1345065229214N00246385WA015370170700110
B1345075229230N00246410WA015370170700110
B1345085229246N00246433WA015370170700110
B1345095229263N00246455WA015360170600110
B1345105229279N00246477WA015360170500110
B1345115229296N00246500WA015350170600110
B1345125229312N00246522WA015350170500110
B1345135229327N00246543WA015350170600110
B1345145229343N00246565WA015360170600110
B1345155229358N00246586WA015360170700110
B1345165229373N00246606WA015360170900110
B1345175229388N00246627WA015380171100110
B1345185229402N00246647WA015390171300110
B1345195229416N00246667WA015420171500110
B1345205229429N00246686WA015440171700110
B1345215229442N00246705WA015450171700110
B1345225229455N00246724WA015450171700110
B1345235229467N00246743WA015470172000110
B1345245229478N00246761WA015510172500110
B1345255229489N00246778WA015560173000110
B1345265229498N00246795WA015610173400110
B1345275229508N00246811WA015640173600110
B1345285229516N00246827WA015640173800110
B1345295229525N00246842WA015660173800110
B1345305229533N00246856WA015670173700110
B1345315229541N00246870WA015660173600110
B1345325229550N00246883WA015650173400110
B1345335229558N00246897WA015620173100110
B1345345229567N00246910WA015600172900110
B1345355229576N00246924WA015570172600110
B1345365229585N00246938WA015550172300110
B1345375229593N00246953WA015520172000110
B1345385229602N00246967WA015480171700110
B1345395229611N00246982WA015450171500110
B1345405229620N00246997WA015430171200110
B1345415229629N00247012WA015430171000110
B1345425229637N00247028WA015400170800110
B1345435229646N00247043WA015390170700110
B1345445229655N00247059WA015370170600110
B1345455229663N00247074WA015360170400110
B1345465229672N00247090WA015340170300110
B1345475229680N00247105WA015330170300110
B1345485229689N00247119WA015320170200110
B1345495229697N00247134WA015310170000110
B1345505229706N00247148WA015280169800110
B1345515229714N00247162WA015250169500110
B1345525229723N00247177WA015220169200110
B1345535229732N00247192WA015200169000110
B1345545229740N00247207WA015200168800110
B1345555229749N00247222WA015170168700110
LFLA13455603srurlqkpx[Zead
B1345565229758N00247237WA015170168600110
B1345575229767N00247252WA015150168500110
B1345585229776N00247267WA015140168400110
B1345595229785N00247282WA015130168300110
B1346005229794N00247296WA015130168200110
B1346015229803N00247311WA015110168000110
B1346025229812N00247326WA015090167800110
B1346035229822N00247341WA015060167500110
B1346045229831N00247357WA015020167200110
LFLA13460502<=LOMgrx`YdMp>Gm]F[GSF]ngnho
B1346055229840N00247372WA014970166800110
B1346065229850N00247388WA014930166400110
B1346075229860N00247404WA014930166000110
LFLA13460802<=LOMLA;Hp=nK]%TDUCTHUn]sZs#
B1346085229869N00247420WA014890165800110
B1346095229879N00247436WA014870165600110
B1346105229888N00247452WA014840165500110
B1346115229897N00247469WA014830165400110
B1346125229906N00247487WA014820165200110
B1346135229914N00247504WA014800165100110
B1346145229922N00247523WA014780164900110
B1346155229930N00247541WA014770164700110
B1346165229938N00247559WA014750164500110
B1346175229946N00247578WA014730164300110
B1346185229954N00247597WA014710164200110
B1346195229962N00247616WA014710164100110
B1346205229969N00247635WA014710164100110
B1346215229977N00247655WA014700164000110
B1346225229983N00247675WA014690163900110
B1346235229990N00247695WA014680163800110
B1346245229996N00247716WA014650163600109
B1346255230002N00247737WA014640163500109
B1346265230008N00247758WA014630163400109
B1346275230013N00247780WA014620163200109
B1346285230019N00247802WA014610163100109
B1346295230024N00247824WA014600163000109
B1346305230029N00247847WA014600163100109
B1346315230034N00247869WA014600163000109
B1346325230040N00247892WA014600162900109
B1346335230045N00247915WA014590162800109
B1346345230050N00247938WA014580162500109
LFLA13463502<=LOM]bhQ%K?]KDbrMxL@Mvelekd
B1346355230056N00247962WA014550162000109
B1346365230062N00247986WA014500161500109
B1346375230068N00248011WA014440161000109
B1346385230075N00248036WA014390160500109
B1346395230083N00248062WA014340160100110
B1346405230091N00248088WA014300159900110
B1346415230099N00248114WA014280159900110
LFLA13464202<=LOMSMOZN[RxF`AQ<J=Q<gtZsZu
B1346425230107N00248140WA014290160000110
B1346435230116N00248166WA014310160300109
B1346445230124N00248191WA014350160600110
B1346455230132N00248216WA014350160900110
B1346465230140N00248239WA014380161000109
B1346475230147N00248262WA014420161000109
B1346485230154N00248285WA014410161200109
B1346495230161N00248306WA014430161600109
B1346505230167N00248327WA014470161900109
B1346515230173N00248346WA014510162000109
B1346525230179N00248365WA014510162000109
B1346535230186N00248384WA014510162100110
B1346545230192N00248401WA014510161900110
B1346555230198N00248419WA014490161700110
LFLA13465603srurknlow#]b%c
B1346565230205N00248437WA014460161400110
B1346575230212N00248455WA014430161200110
B1346585230218N00248473WA014430161000110
B1346595230225N00248491WA014410160800110
B1347005230231N00248510WA014390160500110
B1347015230238N00248528WA014360160300109
B1347025230245N00248547WA014330160100109
B1347035230251N00248567WA014300159900109
B1347045230257N00248587WA014280159600109
B1347055230263N00248608WA014260159400109
B1347065230269N00248629WA014230159200109
B1347075230276N00248650WA014220159000109
B1347085230283N00248671WA014200158900110
LFLA13470902<=LOMPQKykuIcUpQAP>Q=Pshqhni
B1347095230290N00248693WA014170158700109
B1347105230297N00248715WA014160158500109
B1347115230304N00248737WA014160158400109
LFLA13471202<=LOM::@yxnvUcQp`q_p#qRIOFOH
B1347125230312N00248759WA014150158200109
B1347135230320N00248781WA014140158100109
B1347145230328N00248804WA014120158000109
B1347155230336N00248826WA014110157900109
B1347165230344N00248849WA014110157800109
B1347175230352N00248872WA014080157700109
B1347185230361N00248895WA014060157500110
B1347195230369N00248918WA014040157400110
B1347205230378N00248941WA014050157400110
B1347215230386N00248965WA014060157400109
B1347225230394N00248988WA014060157400109
B1347235230402N00249011WA014060157300109
B1347245230409N00249035WA014060157300109
B1347255230417N00249058WA014050157200110
B1347265230425N00249080WA014050157200110
B1347275230433N00249103WA014040157200109
B1347285230440N00249125WA014050157200109
B1347295230448N00249148WA014050157200109
B1347305230456N00249170WA014050157200110
B1347315230464N00249191WA014050157200110
B1347325230472N00249212WA014050157200110
B1347335230480N00249233WA014040157200110
B1347345230488N00249254WA014040157100109
B1347355230496N00249275WA014040157000109
B1347365230505N00249295WA014020156900109
B1347375230513N00249316WA014020156800109
B1347385230520N00249337WA014010156800109
B1347395230528N00249357WA014000156800109
B1347405230536N00249378WA014010156800109
B1347415230543N00249398WA014010156800109
B1347425230551N00249418WA014000156700109
B1347435230558N00249437WA013990156500109
B1347445230566N00249457WA013980156400109
B1347455230574N00249476WA013960156200109
B1347465230583N00249496WA013940156000109
B1347475230591N00249515WA013910155700110
B1347485230600N00249534WA013880155400110
LFLA13474902ITWHEwZS=AlOROT_o[mZgw`kbkej
B1347495230609N00249554WA013850155200110
B1347505230619N00249573WA013850155000109
B1347515230628N00249593WA013830154800110
LFLA13475202ITWHEgqHxtIi#ieN>J<KVFQ:T=T;
B1347525230638N00249613WA013790154600110
B1347535230647N00249633WA013780154400110
B1347545230656N00249653WA013760154200110
B1347555230666N00249673WA013740154100110
LFLA13475603srurlqkpx[Zead
B1347565230675N00249693WA013730154000110
B1347575230685N00249712WA013710153900110
B1347585230695N00249731WA013700153700110
B1347595230705N00249750WA013690153600110
F13475930070406291121261609
B1348005230715N00249768WA013680153600110
B1348015230725N00249787WA013680153500110
B1348025230734N00249805WA013660153400110
B1348035230744N00249823WA013660153300110
B1348045230754N00249842WA013650153200110
B1348055230763N00249861WA013630153000110
B1348065230772N00249880WA013630152900110
B1348075230781N00249900WA013610152700110
B1348085230790N00249920WA013590152500110
B1348095230799N00249941WA013560152300110
B1348105230808N00249961WA013540152200110
B1348115230817N00249981WA013530152000110
B1348125230826N00250002WA013510151900110
B1348135230835N00250022WA013500151800110
B1348145230844N00250042WA013510151900110
LFLA134815AZNSTAT 0 0
B1348155230852N00250064WA013530152000110
B1348165230859N00250088WA013530152000110
B1348175230864N00250113WA013520151700109
B1348185230867N00250141WA013500151600110
B1348195230869N00250171WA013480151700110
B1348205230869N00250200WA013500152000110
B1348215230870N00250229WA013530152400110
B1348225230870N00250256WA013570152900110
B1348235230870N00250283WA013640153600110
B1348245230870N00250308WA013700154100110
B1348255230870N00250333WA013740154400110
B1348265230869N00250357WA013770154600110
B1348275230869N00250381WA013790154800110
B1348285230869N00250405WA013810155000110
B1348295230869N00250429WA013810155300110
B1348305230869N00250453WA013840155400110
B1348315230869N00250477WA013860155500110
B1348325230869N00250501WA013870155600110
B1348335230870N00250525WA013890155700110
B1348345230871N00250549WA013910155900110
B1348355230872N00250573WA013920156000110
B1348365230873N00250596WA013930156100110
B1348375230874N00250620WA013940156100110
B1348385230875N00250643WA013940156100110
B1348395230876N00250667WA013930155900110
B1348405230877N00250690WA013920155700110
B1348415230878N00250714WA013890155600110
B1348425230879N00250739WA013890155500110
B1348435230881N00250763WA013890155600110
B1348445230882N00250787WA013890155700110
B1348455230884N00250811WA013910155700110
B1348465230886N00250835WA013900155700110
B1348475230888N00250859WA013900155600110
B1348485230890N00250883WA013900155700110
B1348495230892N00250907WA013910155800110
B1348505230894N00250931WA013920156000110
LFLA13485102ITWHEFs:yP]pupBfvhviWGP;R;U:
B1348515230897N00250954WA013940156100110
B1348525230900N00250977WA013970156300110
B1348535230903N00251000WA013990156600110
LFLA13485402ITWHE<jCxP]vkv%AQ:L;m]riofoh
B1348545230907N00251022WA014000156700110
B1348555230910N00251043WA014000156900110
LFLA13485602ITWHEEr;_HusnsfIYBTCrbm%w%x_
LFLA13485603srurqlnmusrmyl
B1348565230914N00251064WA014020156900110
B1348575230917N00251085WA014020157000110
B1348585230922N00251106WA014030157000110
B1348595230926N00251127WA014030156900110
B1349005230931N00251148WA014010156700110
LFLA13490102ITWHEk;rb?jvkvNp`wivGW@KELEJ
LFLA13490102Ckp_ZaU]xOZ#;mUsclZmalgt]tZu
B1349015230936N00251169WA014000156500110
B1349025230942N00251190WA013980156400110
LFLA13490302ITWHE]LeaExpupoN>SERbr]ngnho
B1349035230949N00251210WA013950156200110
B1349045230955N00251231WA013950156100110
B1349055230962N00251252WA013940156100110
LFLA134905RFC 27095 35723 468 0 0
LFLA13490602ITWHEbPi`CvD@ExYIJ<K[kdwaxav
B1349065230970N00251272WA013940156100109
B1349075230978N00251291WA013940156300110
B1349085230986N00251310WA013950156600110
B1349095230995N00251329WA013990156900110
LFLA13491002uferwYRY]k>PbTdDT?Q>ir]ngnho
B1349105231003N00251347WA014020157100110
LFLA13491102Hoj]`wFnpSf_@n>%nbtcwbqZsZt[
B1349115231012N00251365WA014030156800110
B1349125231020N00251384WA014000156400110
LFLA13491302uferwV_Wj_JlFxoDT:L;dw`kelej
B1349135231030N00251404WA013950156000110
B1349145231040N00251423WA013920155700110
B1349155231051N00251443WA013880155400110
LFLA13491602uferwhOgeyDZXfCp`vhwguZqhqgp
B1349165231061N00251462WA013850155100110
B1349175231072N00251482WA013820154800110
B1349185231083N00251502WA013790154600110
B1349195231094N00251521WA013770154500110
B1349205231106N00251540WA013770154400110
B1349215231117N00251559WA013760154400110
LFLA13492202uferwBpHxcVkIwIjZq_pRIN=S:S<
B1349225231128N00251578WA013760154400110
LFLA13492302uferw?nF=OZBp>kHXDRE[pgt]tZu
B1349235231138N00251597WA013760154300110
B1349245231150N00251616WA013750154100110
B1349255231161N00251635WA013730154000110
B1349265231172N00251654WA013720153900110
B1349275231183N00251674WA013710153800110
B1349285231193N00251695WA013710153800110
B1349295231204N00251716WA013720154000110
B1349305231214N00251737WA013740154300110
B1349315231224N00251757WA013780154900110
B1349325231233N00251777WA013780155800110
B1349335231241N00251796WA013870156700110
B1349345231249N00251815WA013970157500110
LFLA13493502ITWHEhbJbFsJ]K@`pVkWiy%mdmcl
B1349355231257N00251833WA014060157900110
B1349365231266N00251848WA014120158100110
B1349375231277N00251859WA014150158300109
LFLA13493802Hoj]`jS[WtIkM[OhxDREYDO<R;R=
B1349385231291N00251862WA014160158600109
LFLA13493902ITWHE;@x>ZOGxFv>NvhwGW@KELEJ
LFLA13493902uferwPu=<iTr?qAyiAO@o#shngni
B1349395231304N00251858WA014190158800109
B1349405231316N00251847WA014210159100110
B1349415231326N00251829WA014220159300110
B1349425231333N00251808WA014250159500110
B1349435231337N00251783WA014280159700110
LFLA13494402Ckp_Z>fNeCvKm;BDT_p_k%ufofpg
B1349445231336N00251757WA014290159800109
B1349455231330N00251732WA014290160000109
B1349465231319N00251710WA014310160200110
B1349475231304N00251695WA014330160500110
LFLA13494802ITWHENOg=]PSdRN=MBRE;KDW>WAV
B1349485231287N00251686WA014370160900109
B1349495231270N00251682WA014400161100109
B1349505231252N00251686WA014440161400110
LFLA13495102Hoj]`L_WrTimK]ixhscthu%mdmcl
B1349515231236N00251697WA014460161600110
B1349525231223N00251714WA014480161900108
B1349535231214N00251736WA014520162200109
B1349545231210N00251761WA014550162600109
LFLA13495502uferwQs;Sq<OcUsXHDTCcw`kbkcl
B1349555231210N00251786WA014580162900110
LFLA13495603srru_Z`[ccb]i#
B1349565231216N00251807WA014630163300110
B1349575231226N00251822WA014630163700110
B1349585231239N00251831WA014660163900109
LFLA13495902ITWHEd[SKn;bTb#UEeubUEJAW>W@
B1349595231253N00251831WA014680164000109
B1350005231266N00251823WA014700164200109
B1350015231278N00251807WA014720164400110
B1350025231285N00251784WA014750164700110
LFLA13500302Ckp_ZNw?qOZSrDjo_DTCWBQ:S:T;
B1350035231287N00251758WA014780164900110
B1350045231284N00251731WA014800165200110
B1350055231275N00251707WA014830165500110
B1350065231262N00251689WA014860165900110
LFLA13500702uferwZ:r]=p`?qem]j[lrfqZsZt[
B1350075231245N00251679WA014910166200109
B1350085231227N00251677WA014940166400110
B1350095231210N00251683WA014940166700110
B1350105231195N00251697WA014970167000109
LFLA13501102Ckp_Z>kCqOZlM[Uo_=M:N;XCJCLC
B1350115231183N00251717WA014990167400109
B1350125231178N00251741WA015030167900109
B1350135231178N00251765WA015080168300109
B1350145231183N00251786WA015130168700110
LFLA13501502Hoj]`uIq?[NNoAHhxfwhtijaxay%
B1350155231192N00251801WA015180168900110
B1350165231204N00251809WA015200169100110
B1350175231218N00251808WA015220169100109
B1350185231231N00251798WA015220169100109
LFLA13501902Ckp_ZRhPyTihIwJTDIXGSFM>W>X?
B1350195231240N00251779WA015230169200110
B1350205231245N00251753WA015230169400110
B1350215231244N00251725WA015250169700110
B1350225231236N00251699WA015250169900110
LFLA13502302uferwRoG];nqOaw[kpanfs#ofoho
B1350235231223N00251679WA015280170200110
B1350245231206N00251666WA015310170500109
B1350255231188N00251660WA015350170800109
B1350265231170N00251661WA015380171100109
LFLA13502702ITWHE@YaFbWZJ#drb?O@CVAJCJEJ
B1350275231152N00251669WA015420171300109
B1350285231138N00251686WA015430171600109
B1350295231127N00251707WA015480171900108
B1350305231121N00251732WA015500172100109
LFLA13503102Hoj]`J#TYuHhHvrYIaq%j_tgngpg
B1350315231121N00251757WA015520172400109
B1350325231126N00251780WA015540172600109
B1350335231136N00251797WA015570172900110
B1350345231149N00251806WA015570173100109
B1350355231164N00251807WA015600173300109
B1350365231178N00251799WA015640173500109
LFLA13503702ITWHEuV%>vCQaO<CS=L;GR=NHQHO
B1350375231189N00251782WA015650173700110
B1350385231196N00251758WA015670174000110
LFLA13503902ITWHEpLdGn;HxFSWGM<KP=RIPIOH
B1350395231197N00251731WA015690174200110
B1350405231192N00251703WA015710174400110
B1350415231183N00251678WA015730174400110
B1350425231169N00251657WA015730174400109
LFLA13504302uferwrDlUxELl:`yivgx`mby`yav
B1350435231151N00251643WA015730174300109
B1350445231132N00251635WA015710174100208
B1350455231111N00251636WA015690174000209
B1350465231092N00251647WA015690174000209
LFLA13504702Ckp_ZN%VfItcCukXHiyfrgl_v_y%
B1350475231076N00251666WA015690174200209
B1350485231063N00251691WA015710174700110
B1350495231054N00251717WA015750175200110
B1350505231049N00251745WA015810175600110
LFLA13505102uferwu?w%WbXsEPk[fvi[nir#u#s
B1350515231047N00251773WA015860175900110
B1350525231049N00251799WA015890176100110
B1350535231055N00251824WA015900176200110
B1350545231063N00251846WA015900176000110
B1350555231074N00251865WA015870175800110
LFLA13505602Hoj]`fYaxRgbBtR`pgwhtijaxaw`
LFLA13505603srrujomnvLLSOR
B1350565231086N00251881WA015850175700110
B1350575231100N00251895WA015850175500110
B1350585231115N00251909WA015850175500110
LFLA13505902uferwj=uClACcUBn%L;LVBM>W>X?
B1350595231128N00251923WA015840175500110
B1351005231141N00251939WA015820175500110
B1351015231154N00251956WA015820175400110
B1351025231166N00251973WA015810175200110
LFLA13510302Ckp_ZMaYs:ohHvEo_:L;O:YBKBLC
B1351035231178N00251991WA015790174800110
B1351045231190N00252010WA015750174400110
B1351055231201N00252031WA015700174000110
B1351065231212N00252054WA015670173600110
B1351075231222N00252078WA015640173400110
B1351085231231N00252103WA015610173200110
B1351095231240N00252129WA015600173000110
B1351105231248N00252156WA015600172900110
B1351115231257N00252183WA015580172600110
B1351125231265N00252210WA015550172300110
B1351135231273N00252238WA015520172100110
B1351145231281N00252265WA015510171900110
B1351155231289N00252293WA015490171600110
B1351165231297N00252321WA015460171500110
B1351175231305N00252349WA015450171600110
LFLA13511802uferw?fNP%KpP%tUEUCTHU:QGNGP
B1351185231313N00252377WA015470171800110
B1351195231321N00252403WA015500172200110
B1351205231329N00252429WA015540172600110
LFLA13512102Ckp_ZwOgaQ#pP%_>N?Q>J?TGQHQF
B1351215231336N00252453WA015580173000110
LFLA13512202ITWHE=pH[h%Q[MQp`B_CEU:QGNGP
LFLA13512202Hoj]`YnFk;n%>plM=g:frgl_y`y%
B1351225231343N00252477WA015640173500110
LFLA13512302ITWHEM`X<GA#N`#=M<J=O?XCJCMB
B1351235231349N00252498WA015640173800110
B1351245231355N00252519WA015670174100110
B1351255231361N00252539WA015700174300110
B1351265231367N00252558WA015710174300110
LFLA13512702Hoj]`_Hp[M`nN`lM=L:MALGT=T:U
B1351275231373N00252577WA015720174100110
B1351285231379N00252596WA015700173700110
B1351295231386N00252616WA015660173300110
B1351305231392N00252636WA015610172900110
B1351315231399N00252656WA015570172600110
B1351325231407N00252677WA015540172200110
B1351335231414N00252698WA015510171900110
B1351345231422N00252719WA015470171600110
B1351355231430N00252740WA015470171400110
B1351365231437N00252762WA015450171200110
B1351375231444N00252784WA015430171100110
LFLA13513802Hoj]`Jv>cYdUuC]<LvKwcv]ngnho
B1351385231451N00252806WA015410171000110
B1351395231458N00252828WA015400170800110
B1351405231464N00252850WA015380170700110
B1351415231470N00252872WA015360170600110
B1351425231477N00252893WA015340170400109
B1351435231483N00252914WA015330170400109
B1351445231489N00252935WA015320170300110
B1351455231494N00252956WA015310170200110
B1351465231500N00252976WA015310170200110
B1351475231505N00252997WA015310170100110
LFLA13514802Hoj]`bAy`f`hIwJl#I#HTIJAW>W@
B1351485231509N00253018WA015300169900110
B1351495231514N00253038WA015280169700110
B1351505231519N00253059WA015280169400110
B1351515231524N00253081WA015240169200110
B1351525231529N00253103WA015220169000110
LFLA13515302Hoj]`vLdg[ehIwpN>c>bvcp[r[uZ
B1351535231533N00253127WA015210169100110
LFLA13515402Ckp_ZF#TWKUQp>nQAdAeydo#u#r]
B1351545231538N00253150WA015220169400110
B1351555231542N00253173WA015250169800110
LFLA13515603srurjomnv`afZg
B1351565231545N00253195WA015290170200110
LFLA13515702ITWHEaKcA@FFuCa>NyLxqZufpipg
B1351575231549N00253216WA015330170500110
B1351585231552N00253236WA015350170700110
B1351595231555N00253256WA015360170800110
LFLA13520002Ckp_Z#Fn%dZMm;MjZDaEYDO<R;R=
B1352005231558N00253275WA015360170700110
LFLA13520102Hoj]`GfNONXbBtPo_B_CWBQ:T=T;
B1352015231562N00253295WA015370170600110
B1352025231565N00253315WA015360170400110
B1352035231569N00253336WA015330170200110
B1352045231573N00253358WA015310170000110
B1352055231578N00253380WA015290169900110
B1352065231582N00253402WA015280169700110
B1352075231587N00253425WA015260169400110
B1352085231592N00253448WA015240169200110
B1352095231597N00253472WA015200168900110
LFLA13521002Hoj]`=]UZ#bkJ#Po_DaEYDO<U<R=
B1352105231602N00253498WA015180168600110
B1352115231606N00253524WA015150168400110
B1352125231609N00253551WA015120168200110
LFLA13521302Ckp_ZAaY[%hjK]UyiC%BVCP;R;U:
B1352135231612N00253579WA015120168000110
B1352145231614N00253607WA015100167900110
B1352155231615N00253636WA015080167800110
LFLA13521602uferw#=u<TJBcUyTDc>bl]velekd
B1352165231616N00253664WA015080167700110
B1352175231616N00253693WA015060167600110
B1352185231616N00253721WA015050167500110
B1352195231617N00253749WA015050167500110
B1352205231618N00253776WA015050167500110
B1352215231618N00253804WA015050167600110
LFLA13522202uferwfGoKF@XyGeHXpUq]pcx%w%y
B1352225231619N00253830WA015050167500110
B1352235231621N00253857WA015040167400110
LFLA13522402Ckp_ZnNfinxcBt`<L=K<P=VEKBKD
B1352245231624N00253882WA015030167300110
LFLA13522502Hoj]`JmE<RL@aOQn%lZmalgtZsZu
B1352255231628N00253907WA015030167100110
B1352265231634N00253930WA015020167000110
B1352275231642N00253951WA015010166800110
B1352285231652N00253971WA015000166700110
B1352295231662N00253989WA014980166500110
B1352305231673N00254005WA014960166300110
LFLA135231AZNSTAT 0 0
B1352315231685N00254020WA014930166100110
B1352325231697N00254035WA014910165900110
B1352335231709N00254050WA014880165700110
B1352345231721N00254065WA014860165600110
B1352355231732N00254080WA014860165500110
B1352365231744N00254094WA014860165500110
B1352375231755N00254107WA014860165500110
B1352385231767N00254121WA014860165500110
B1352395231778N00254133WA014850165400110
B1352405231789N00254145WA014850165400110
B1352415231800N00254157WA014850165400110
B1352425231811N00254168WA014860165400110
B1352435231822N00254179WA014850165400110
B1352445231833N00254190WA014840165200110
B1352455231844N00254202WA014830165000110
B1352465231855N00254214WA014800164800110
B1352475231866N00254226WA014770164600110
B1352485231877N00254239WA014740164400110
B1352495231888N00254254WA014730164200110
B1352505231899N00254269WA014710164000110
B1352515231910N00254285WA014710163700110
B1352525231921N00254301WA014680163400110
B1352535231932N00254317WA014640162900110
B1352545231944N00254334WA014600162600110
B1352555231955N00254350WA014550162300110
LFLA13525603srurknlow#]b%c
B1352565231967N00254367WA014530162000110
B1352575231979N00254384WA014500161800110
B1352585231991N00254401WA014470161500110
B1352595232003N00254418WA014440161400110
F13525930070406291121261609
B1353005232015N00254435WA014430161400110
B1353015232027N00254452WA014430161400110
B1353025232039N00254468WA014440161400110
B1353035232050N00254484WA014440161400110
B1353045232061N00254499WA014440161400110
B1353055232073N00254514WA014440161400110
B1353065232084N00254530WA014440161300110
B1353075232095N00254545WA014430161200110
B1353085232106N00254560WA014410161000110
B1353095232117N00254576WA014400161000110
B1353105232128N00254591WA014390160900110
B1353115232139N00254608WA014390160900110
B1353125232149N00254624WA014380160800110
B1353135232160N00254641WA014360160600110
B1353145232171N00254657WA014350160400110
B1353155232182N00254674WA014320160200110
B1353165232193N00254690WA014300160000110
B1353175232205N00254706WA014300159800110
B1353185232217N00254723WA014280159700110
B1353195232228N00254740WA014270159500110
B1353205232240N00254757WA014250159400110
B1353215232251N00254774WA014240159200110
LFLA135321RFC 27607 36248 481 0 0
B1353225232263N00254792WA014220159000110
B1353235232275N00254809WA014200158800110
B1353245232286N00254827WA014160158500110
B1353255232298N00254844WA014150158300110
B1353265232310N00254862WA014120158000110
B1353275232322N00254880WA014080157800110
B1353285232334N00254899WA014070157600110
B1353295232346N00254918WA014050157500110
B1353305232357N00254938WA014050157300110
B1353315232368N00254958WA014040157200110
B1353325232379N00254978WA014020157100110
B1353335232390N00254998WA014010157100110
B1353345232401N00255017WA014010157100110
B1353355232411N00255037WA014000157200110
B1353365232421N00255056WA014010157200110
B1353375232431N00255075WA014020157200110
B1353385232441N00255094WA014010157100110
B1353395232450N00255112WA014000157000110
B1353405232460N00255130WA013990156800110
B1353415232470N00255149WA013970156600110
B1353425232479N00255167WA013950156400110
B1353435232488N00255186WA013950156300110
B1353445232496N00255205WA013930156100110
B1353455232505N00255225WA013910155900110
B1353465232513N00255244WA013890155700110
B1353475232522N00255263WA013870155500110
B1353485232531N00255282WA013850155200110
B1353495232540N00255301WA013820154900110
B1353505232549N00255321WA013780154500110
B1353515232558N00255341WA013740154200110
B1353525232567N00255362WA013710153900110
B1353535232576N00255384WA013680153600110
B1353545232585N00255406WA013660153300110
B1353555232593N00255429WA013640153300110
LFLA13535603srurknlow]#c_b
B1353565232601N00255451WA013640153500110
B1353575232609N00255473WA013660153700110
B1353585232616N00255495WA013680154000110
B1353595232623N00255516WA013700154200110
B1354005232629N00255537WA013730154400110
B1354015232636N00255557WA013740154500110
B1354025232642N00255578WA013760154600110
B1354035232648N00255598WA013760154400110
B1354045232654N00255618WA013740154300110
B1354055232660N00255639WA013730154100110
B1354065232666N00255660WA013710153900110
B1354075232672N00255681WA013690153600110
B1354085232679N00255702WA013650153300110
B1354095232686N00255724WA013610152900110
B1354105232692N00255746WA013610152500110
B1354115232699N00255769WA013570152200110
B1354125232706N00255792WA013540152100110
B1354135232712N00255815WA013540152300110
B1354145232718N00255839WA013550152500110
B1354155232724N00255861WA013580152600110
B1354165232730N00255884WA013590152800110
B1354175232736N00255907WA013600152900110
B1354185232741N00255929WA013610153100110
B1354195232746N00255953WA013630153200110
B1354205232750N00255976WA013650153500110
B1354215232754N00255998WA013680153800110
B1354225232758N00256020WA013710154200110
B1354235232762N00256041WA013710154500110
B1354245232766N00256062WA013750154500110
B1354255232770N00256083WA013760154300110
B1354265232774N00256103WA013740154100110
B1354275232778N00256125WA013720153700110
B1354285232782N00256147WA013670153300110
B1354295232786N00256169WA013630152900110
B1354305232791N00256193WA013600152600110
B1354315232796N00256216WA013570152400110
B1354325232801N00256239WA013550152200110
B1354335232806N00256262WA013530152100110
B1354345232811N00256286WA013520151900110
B1354355232816N00256308WA013510151900110
B1354365232821N00256331WA013510152000110
B1354375232826N00256352WA013520152100110
B1354385232830N00256373WA013530152200110
B1354395232834N00256394WA013540152100110
B1354405232839N00256415WA013540152100110
B1354415232844N00256437WA013520151900110
B1354425232849N00256458WA013510151900110
B1354435232855N00256479WA013500151900110
B1354445232860N00256500WA013500151900110
B1354455232866N00256520WA013510151900110
B1354465232872N00256540WA013500151900110
B1354475232879N00256559WA013490151700110
B1354485232887N00256578WA013480151600110
B1354495232895N00256596WA013480151500110
B1354505232903N00256613WA013470151500110
B1354515232912N00256630WA013460151600110
B1354525232920N00256647WA013480151600110
B1354535232929N00256664WA013480151700110
B1354545232938N00256680WA013490151700110
B1354555232946N00256696WA013490151800110
LFLA13545603srurlqkpxZ[d`e
B1354565232955N00256711WA013490151800110
B1354575232963N00256727WA013490151800110
B1354585232972N00256742WA013500151800110
B1354595232981N00256758WA013490151700110
B1355005232989N00256773WA013480151700110
B1355015232998N00256789WA013470151600110
B1355025233007N00256804WA013470151500110
B1355035233016N00256819WA013460151300110
B1355045233025N00256835WA013440151100110
B1355055233034N00256850WA013430150900110
B1355065233043N00256867WA013410150800110
B1355075233052N00256883WA013390150700110
B1355085233061N00256900WA013380150500110
B1355095233070N00256917WA013370150500110
B1355105233078N00256934WA013360150400110
B1355115233087N00256951WA013360150300110
B1355125233095N00256968WA013350150300110
B1355135233103N00256985WA013340150200110
B1355145233112N00257003WA013340150200110
B1355155233120N00257020WA013340150100110
B1355165233128N00257038WA013340150000110
B1355175233137N00257055WA013320149800110
B1355185233145N00257073WA013300149600110
B1355195233154N00257092WA013280149400110
B1355205233162N00257112WA013260149300110
B1355215233170N00257132WA013260149300110
B1355225233178N00257151WA013260149600110
B1355235233186N00257170WA013290149900110
B1355245233192N00257189WA013320150100110
B1355255233199N00257207WA013340150000110
B1355265233206N00257224WA013320149800110
B1355275233213N00257242WA013290149500110
B1355285233220N00257260WA013290149200110
B1355295233228N00257279WA013250148900110
B1355305233235N00257297WA013210148700110
B1355315233243N00257316WA013200148800110
B1355325233250N00257335WA013200149000110
B1355335233258N00257352WA013230149200110
B1355345233266N00257368WA013250149300110
B1355355233274N00257385WA013250149100110
B1355365233282N00257401WA013230149000110
B1355375233291N00257418WA013220148900110
B1355385233300N00257435WA013200148700110
B1355395233309N00257452WA013180148600110
B1355405233318N00257469WA013180148600110
B1355415233327N00257487WA013180148700110
B1355425233336N00257503WA013180148900110
B1355435233344N00257520WA013200149100110
B1355445233353N00257536WA013230149000110
B1355455233361N00257553WA013230148900110
B1355465233369N00257569WA013230149000110
B1355475233377N00257585WA013220149200110
B1355485233385N00257600WA013230149300110
B1355495233393N00257614WA013250149300110
B1355505233401N00257629WA013250149100110
B1355515233408N00257645WA013230149000110
B1355525233416N00257661WA013210148900110
B1355535233424N00257677WA013210148900110
B1355545233431N00257694WA013210149000110
B1355555233439N00257710WA013210149100110
LFLA13555603srurlqkpx[Zead
B1355565233447N00257727WA013230149200110
B1355575233454N00257744WA013230149300110
B1355585233462N00257760WA013250149300110
B1355595233470N00257777WA013250149400110
B1356005233477N00257794WA013260149600110
B1356015233485N00257811WA013280149800110
B1356025233492N00257828WA013300149900110
B1356035233499N00257845WA013320149900110
B1356045233506N00257863WA013310149900110
B1356055233512N00257880WA013310149900110
B1356065233519N00257896WA013300149800110
B1356075233527N00257913WA013300149700110
B1356085233534N00257930WA013290149700110
B1356095233542N00257948WA013280149600110
B1356105233549N00257965WA013270149500110
B1356115233557N00257983WA013270149400110
B1356125233565N00258000WA013260149300110
B1356135233573N00258018WA013250149200110
B1356145233580N00258036WA013240149200110
B1356155233588N00258054WA013240149300110
B1356165233596N00258071WA013260149500110
B1356175233604N00258087WA013270149600111
B1356185233611N00258104WA013280149700111
B1356195233619N00258119WA013290149800111
B1356205233627N00258135WA013290149700111
B1356215233634N00258151WA013290149400111
B1356225233642N00258168WA013260149200111
B1356235233650N00258185WA013240148900111
B1356245233658N00258202WA013190148600111
B1356255233666N00258220WA013180148500111
B1356265233674N00258238WA013170148500111
B1356275233682N00258255WA013190148900111
B1356285233690N00258271WA013230149400111
B1356295233697N00258286WA013280149800111
B1356305233704N00258301WA013310150100111
B1356315233711N00258315WA013320150100111
B1356325233718N00258329WA013330150200111
B1356335233726N00258344WA013330150100111
B1356345233733N00258359WA013330150000111
B1356355233740N00258374WA013310149900111
B1356365233747N00258390WA013300149600111
B1356375233755N00258406WA013270149300111
B1356385233762N00258423WA013240149000111
B1356395233770N00258441WA013210148600111
B1356405233777N00258459WA013180148300111
B1356415233785N00258478WA013140148100111
B1356425233792N00258497WA013120148000111
B1356435233800N00258516WA013110147900111
B1356445233807N00258536WA013110148000111
B1356455233814N00258556WA013110147900111
B1356465233821N00258575WA013110147800111
LFLA135647AZNSTAT 0 0
B1356475233828N00258594WA013100147800111
B1356485233836N00258613WA013100147800111
B1356495233843N00258631WA013090147700110
B1356505233850N00258648WA013090147600111
B1356515233858N00258666WA013080147700111
B1356525233865N00258682WA013100148000111
B1356535233872N00258699WA013120148100111
B1356545233879N00258715WA013130148200111
B1356555233887N00258730WA013140148300111
LFLA13565603srurlqkpx[Zead
B1356565233894N00258746WA013150148300111
B1356575233901N00258761WA013150148300111
B1356585233909N00258776WA013160148400111
B1356595233917N00258791WA013160148400111
B1357005233925N00258807WA013160148500111
B1357015233932N00258822WA013170148400111
B1357025233940N00258837WA013170148300111
B1357035233948N00258853WA013150148000111
B1357045233956N00258870WA013120147900111
B1357055233964N00258887WA013100147700111
B1357065233972N00258904WA013090147500111
B1357075233980N00258921WA013080147400110
B1357085233989N00258938WA013060147200111
B1357095233999N00258954WA013040147100111
B1357105234008N00258971WA013020147000111
B1357115234018N00258987WA013020147000111
B1357125234028N00259003WA013020146900111
B1357135234038N00259018WA013010146900111
B1357145234049N00259033WA013010146900111
B1357155234060N00259048WA013020146900111
B1357165234071N00259062WA013010146900111
B1357175234082N00259077WA013010146800111
B1357185234093N00259091WA013000146800111
B1357195234105N00259106WA013000146800111
B1357205234116N00259122WA013000146700111
B1357215234127N00259137WA012990146600111
B1357225234139N00259152WA012970146400111
B1357235234151N00259165WA012950146300111
B1357245234164N00259177WA012950146200110
B1357255234178N00259188WA012950146300110
B1357265234191N00259196WA012950146400110
B1357275234205N00259204WA012950146500111
B1357285234218N00259211WA012960146600111
B1357295234232N00259216WA012990146500111
B1357305234246N00259216WA012970146400110
B1357315234259N00259209WA012970146500111
B1357325234270N00259194WA012970146500110
B1357335234279N00259173WA012980146500111
B1357345234283N00259147WA012970146400111
B1357355234282N00259119WA012960146400111
B1357365234276N00259091WA012950146300110
B1357375234265N00259066WA012940146100111
LFLA135737RFC 28119 36248 481 0 0
B1357385234251N00259046WA012940145900111
B1357395234234N00259031WA012920145600111
B1357405234215N00259025WA012890145400110
B1357415234197N00259026WA012870145400110
B1357425234180N00259037WA012860145400111
B1357435234167N00259054WA012870145500110
B1357445234159N00259077WA012880145600109
B1357455234155N00259101WA012900145800109
B1357465234153N00259125WA012910146000109
B1357475234154N00259149WA012920146100111
B1357485234155N00259172WA012930146000111
B1357495234158N00259194WA012920145800111
B1357505234165N00259213WA012890145500111
B1357515234176N00259226WA012890145200111
B1357525234189N00259231WA012850145000111
B1357535234202N00259228WA012820144800111
B1357545234215N00259217WA012790144600111
B1357555234226N00259199WA012780144400110
LFLA13575603srrudich`vwptq
B1357565234233N00259176WA012750144200110
B1357575234236N00259148WA012720144000110
B1357585234234N00259120WA012710144000110
B1357595234228N00259092WA012700144100109
F135759300704062911212609
B1358005234218N00259067WA012710144200109
B1358015234205N00259045WA012720144100108
B1358025234191N00259026WA012710143900110
B1358035234173N00259013WA012680143500110
B1358045234155N00259007WA012680143300110
B1358055234136N00259008WA012650143000110
B1358065234119N00259016WA012610142900110
B1358075234103N00259030WA012590142800110
B1358085234090N00259049WA012590142900110
B1358095234078N00259070WA012600142900111
B1358105234067N00259091WA012600143000110
B1358115234057N00259112WA012600143200111
B1358125234047N00259133WA012620143400110
B1358135234039N00259153WA012650143600111
B1358145234030N00259174WA012680143700111
B1358155234022N00259194WA012690143900111
B1358165234015N00259214WA012690143900111
B1358175234007N00259234WA012690143900111
B1358185233999N00259255WA012690143800111
B1358195233991N00259277WA012680143800111
B1358205233983N00259299WA012690143900111
B1358215233976N00259320WA012690144000111
B1358225233969N00259342WA012710144100111
B1358235233962N00259364WA012720144200111
B1358245233954N00259385WA012720144100111
B1358255233945N00259406WA012720144100111
B1358265233937N00259428WA012710144000111
B1358275233928N00259449WA012700143900111
B1358285233920N00259470WA012700143900111
LFLA13582902[:ANKyV%[QZXhVwP@K=J=PGT=T:U
B1358295233911N00259490WA012700143900111
B1358305233902N00259510WA012700143800111
B1358315233894N00259530WA012690143700111
LFLA13583202[:ANKxYapyE<m;ZEUIWHWBM>XAX?
B1358325233885N00259550WA012680143600111
B1358335233875N00259568WA012670143400111
B1358345233865N00259585WA012650143200111
B1358355233853N00259601WA012620142900111
B1358365233841N00259615WA012600142600111
B1358375233827N00259629WA012580142300110
B1358385233814N00259643WA012540141900111
LFLA13583902:ixsyLJQXq<r@npRBb?cwbAJCJDK
B1358395233800N00259657WA012500141600111
LFLA13584002[:ANKC[SMSgK[MVl#<i=K>YBKBLC
B1358405233786N00259671WA012480141400111
B1358415233771N00259685WA012480141600111
LFLA13584202:ixsy>A:rK%Dn@_DTsNrfsP;U<U:
B1358425233756N00259699WA012520142100111
LFLA13584302[:ANKUfN%hTDtBaBRuPtbw`kelej
B1358435233742N00259711WA012520142600111
LFLA13584402[:ANKSgONSgxHvMvfC%BRGP;R;U:
B1358445233728N00259724WA012580143200111
B1358455233715N00259736WA012620143600111
B1358465233701N00259748WA012670143800111
LFLA13584702[:ANKZLdKVbgWif=MqTp`mby_v_x
B1358475233687N00259757WA012700143800110
B1358485233671N00259764WA012700143600110
B1358495233654N00259765WA012670143300110
B1358505233636N00259760WA012640143200111
B1358515233620N00259748WA012630143000111
B1358525233606N00259731WA012610143000111
B1358535233595N00259710WA012630143200111
B1358545233589N00259685WA012660143500111
B1358555233588N00259661WA012680143700111
LFLA13585603srurmpjqy]#c_b
B1358565233591N00259640WA012680143700111
LFLA13585702:ixsytpkCXeqCuPM=YmYEXk`y`va
B1358575233598N00259622WA012690143700111
B1358585233609N00259610WA012690143600111
B1358595233621N00259606WA012680143500111
LFLA13590002:ixsyKYR`k>NdRF=Mh;gsf=NHQHO
B1359005233634N00259611WA012670143500110
B1359015233646N00259624WA012670143600111
B1359025233653N00259644WA012690143800111
B1359035233655N00259668WA012710144100111
B1359045233652N00259694WA012750144400111
B1359055233642N00259716WA012780144700111
B1359065233628N00259731WA012810145000111
B1359075233611N00259738WA012830145200110
B1359085233594N00259735WA012840145300111
B1359095233579N00259724WA012840145300111
B1359105233567N00259706WA012840145300111
B1359115233560N00259683WA012850145400111
B1359125233559N00259661WA012860145500111
LFLA13591302:ixsypuvq[NV#J:<LrPthuN=T=S<
B1359135233562N00259640WA012870145500111
B1359145233571N00259625WA012880145400111
B1359155233582N00259617WA012860145200111
LFLA13591602:ixsyG<?qZOLfXLYIoUq]pSHNGNI
B1359165233595N00259618WA012840144900110
B1359175233607N00259628WA012820144800111
B1359185233616N00259647WA012800144800111
B1359195233619N00259673WA012820145000111
B1359205233616N00259699WA012840145300111
B1359215233606N00259722WA012850145400211
B1359225233591N00259738WA012850145500111
B1359235233573N00259744WA012860145600110
B1359245233556N00259740WA012870145600111
B1359255233540N00259727WA012880145700111
B1359265233529N00259707WA012890145800111
B1359275233522N00259684WA012900145800110
B1359285233521N00259660WA012890145700111
B1359295233525N00259637WA012890145700111
B1359305233534N00259621WA012890145700111
B1359315233546N00259611WA012900145800111
B1359325233558N00259610WA012920146000111
B1359335233570N00259617WA012940146200111
B1359345233579N00259632WA012950146300111
B1359355233584N00259653WA012950146400111
B1359365233584N00259677WA012950146200111
B1359375233579N00259701WA012950146100111
B1359385233569N00259722WA012930146100111
B1359395233555N00259737WA012940146400111
B1359405233540N00259747WA012970147000111
B1359415233525N00259753WA013020147500111
B1359425233509N00259756WA013080147800111
B1359435233494N00259755WA013090147700111
B1359445233479N00259748WA013090147600111
B1359455233465N00259736WA013070147500111
B1359465233453N00259721WA013060147600111
B1359475233442N00259702WA013080147700111
B1359485233433N00259681WA013080147800111
B1359495233426N00259659WA013100148100111
B1359505233420N00259636WA013120148300111
B1359515233416N00259613WA013140148500111
B1359525233415N00259590WA013170148600111
B1359535233417N00259569WA013170148500111
B1359545233423N00259550WA013170148500110
B1359555233433N00259536WA013160148400110
LFLA13595603srurhegd#wvqup
B1359565233444N00259527WA013140148200110
B1359575233456N00259523WA013130148100111
B1359585233468N00259525WA013120148100111
B1359595233479N00259533WA013140148400111
B1400005233489N00259546WA013190148900111
B1400015233496N00259561WA013190149400111
B1400025233502N00259578WA013250149700111
B1400035233503N00259598WA013290149700111
B1400045233501N00259619WA013290149500111
B1400055233495N00259640WA013280148900111
B1400065233483N00259658WA013220148500111
B1400075233468N00259669WA013180148300110
B1400085233450N00259669WA013170148200111
B1400095233435N00259656WA013150148200111
B1400105233424N00259635WA013140148200110
B1400115233418N00259609WA013140148200110
B1400125233418N00259582WA013150148200110
LFLA14001302:ixsynwtgsF[VhdbrbAeyd?LELBM
B1400135233423N00259557WA013160148400111
B1400145233433N00259538WA013160148500111
B1400155233445N00259526WA013170148400111
LFLA14001602:ixsyOXSTHuPeSRN>i;gsf=NHQHO
B1400165233460N00259524WA013170148400111
B1400175233473N00259531WA013170148300111
B1400185233484N00259546WA013170148500111
B1400195233492N00259566WA013180148800111
B1400205233496N00259589WA013200149100111
B1400215233498N00259613WA013220149200111
B1400225233498N00259636WA013240149300111
B1400235233497N00259660WA013240149200111
B1400245233495N00259684WA013230148900111
B1400255233492N00259710WA013210148800110
B1400265233490N00259736WA013220149100110
B1400275233487N00259762WA013220149500111
B1400285233485N00259786WA013270150000111
B1400295233483N00259809WA013310150400111
B1400305233480N00259833WA013360150600111
B1400315233478N00259855WA013380150700111
B1400325233476N00259878WA013390150700111
B1400335233474N00259901WA013390150700111
B1400345233471N00259924WA013390150800111
B1400355233468N00259948WA013390150800111
B1400365233465N00259971WA013390150800111
LFLA14003702:ixsymuvlWbfK]ZAQaD`laBY@Y?X
B1400375233461N00259994WA013390150800111
B1400385233458N00300017WA013400150900111
B1400395233455N00300041WA013400150900111
B1400405233452N00300064WA013400150900111
LFLA14004102[:ANK#;@ZvBq<jjQArOs_jev_v`w
B1400415233448N00300088WA013410151000111
B1400425233445N00300112WA013410151100111
B1400435233442N00300136WA013420151100111
B1400445233439N00300160WA013420151100111
B1400455233436N00300184WA013420150900111
B1400465233433N00300209WA013400150700111
B1400475233430N00300235WA013370150400111
B1400485233427N00300260WA013340150100111
B1400495233424N00300286WA013320150000111
B1400505233421N00300313WA013310149900111
B1400515233417N00300339WA013300149800111
LFLA14005202[:ANKdA:ESgXeSqJ:g:fvcl_y`y%
B1400525233414N00300366WA013300149700111
B1400535233411N00300391WA013290149700111
B1400545233408N00300417WA013290149800111
B1400555233404N00300442WA013300149800111
LFLA14005603srurknlowutkwj
B1400565233401N00300466WA013300149800110
B1400575233397N00300491WA013300149900110
LFLA14005802[:ANKtMNN=q_J#_<LrOsalcxax%y
B1400585233394N00300515WA013310149900111
B1400595233391N00300539WA013300149800111
B1401005233389N00300562WA013290149700111
B1401015233388N00300586WA013280149500111
B1401025233388N00300610WA013280149500111
LFLA140103AZNSTAT 0 0
B1401035233389N00300633WA013270149400111
LFLA14010402[:ANKbVUOwCItBkN>UCT@MBY?V?X
B1401045233391N00300657WA013260149400111
B1401055233393N00300680WA013260149400111
B1401065233396N00300703WA013260149400111
B1401075233400N00300726WA013260149400111
B1401085233405N00300749WA013260149400111
B1401095233410N00300772WA013260149400111
B1401105233415N00300794WA013260149500111
B1401115233421N00300816WA013270149500111
B1401125233427N00300837WA013270149600111
B1401135233434N00300859WA013280149700111
B1401145233440N00300880WA013290149700111
B1401155233446N00300901WA013300149900111
B1401165233452N00300921WA013310150000111
B1401175233458N00300941WA013330150100111
B1401185233463N00300960WA013330150200111
B1401195233469N00300979WA013340150100111
B1401205233475N00300998WA013340150000111
B1401215233482N00301017WA013320149900111
B1401225233488N00301035WA013290149700111
B1401235233494N00301054WA013280149500111
B1401245233500N00301074WA013270149400111
B1401255233506N00301094WA013260149300111
B1401265233512N00301114WA013250149300111
B1401275233517N00301134WA013250149300111
B1401285233523N00301154WA013250149200111
B1401295233528N00301174WA013240149200111
B1401305233533N00301194WA013230149000111
B1401315233539N00301214WA013230148900111
B1401325233544N00301233WA013210148800111
B1401335233550N00301253WA013200148600111
B1401345233556N00301273WA013190148500111
B1401355233562N00301292WA013160148300111
B1401365233568N00301312WA013150148300111
B1401375233574N00301331WA013150148200111
B1401385233581N00301351WA013140148200111
B1401395233587N00301370WA013140148200111
B1401405233593N00301389WA013140148200111
B1401415233599N00301409WA013130148100111
B1401425233606N00301428WA013130148000111
B1401435233612N00301447WA013130147900111
B1401445233618N00301467WA013110147900111
B1401455233624N00301487WA013110147900111
B1401465233630N00301507WA013110147900111
B1401475233636N00301527WA013110147800111
B1401485233642N00301547WA013110147800111
B1401495233647N00301567WA013100147800111
B1401505233653N00301587WA013100147800110
B1401515233659N00301607WA013100147700111
B1401525233665N00301627WA013090147800111
B1401535233671N00301647WA013100147800111
LFLA140153RFC 28630 36342 483 0 0
B1401545233678N00301667WA013110147900111
B1401555233684N00301686WA013120148000111
LFLA14015603srurknlow_%i]h
B1401565233691N00301705WA013120148200111
B1401575233697N00301724WA013130148300111
B1401585233703N00301742WA013140148400111
B1401595233709N00301760WA013150148300111
B1402005233716N00301778WA013140148300111
B1402015233722N00301796WA013140148200111
B1402025233728N00301813WA013130148100111
B1402035233735N00301831WA013110147900111
B1402045233741N00301849WA013100147800111
B1402055233747N00301866WA013090147700111
B1402065233754N00301884WA013080147600111
B1402075233760N00301901WA013080147600111
B1402085233767N00301918WA013080147700111
B1402095233773N00301934WA013080147700111
B1402105233780N00301951WA013080147600111
B1402115233786N00301968WA013080147300111
B1402125233793N00301985WA013050147000111
B1402135233800N00302003WA013010146600111
B1402145233808N00302022WA012970146300111
B1402155233815N00302041WA012950146100111
B1402165233822N00302061WA012920145900111
B1402175233830N00302082WA012900145700111
B1402185233838N00302102WA012880145500111
LFLA14021902[:ANK_`Zmm@XeSOo_E`DN=RIPIOH
B1402195233845N00302123WA012850145200111
B1402205233852N00302145WA012830145000111
LFLA14022102:ixsyhdgknxr@nTue;f:N;hs]t]r
B1402215233859N00302168WA012810144900111
B1402225233866N00302191WA012810144800111
B1402235233872N00302214WA012800144700111
B1402245233878N00302238WA012800144600111
B1402255233884N00302262WA012790144500111
LFLA14022602[:ANKegeKOZtIweCSxMyFU:QGNGP
B1402265233889N00302286WA012780144400111
B1402275233894N00302310WA012770144300111
B1402285233900N00302334WA012750144100111
B1402295233905N00302357WA012730143900111
LFLA14023002:ixsyGEF;RLHj<Mk[E`DXE%mdmcl
B1402305233911N00302381WA012710143800111
B1402315233916N00302404WA012690143600111
B1402325233921N00302427WA012680143500111
B1402335233926N00302451WA012660143300111
LFLA14023402:ixsybhcHPVBp>A_oXmYEXk`v_va
B1402345233932N00302474WA012640143100111
LFLA14023502:ixsylnmlc]Cq?YwgAd@LAby`y_x
B1402355233937N00302497WA012640143000111
LFLA14023602[:ANKY_#SVcOZL@%nSnRYHO<U<R=
B1402365233942N00302521WA012620142800111
B1402375233948N00302544WA012610142600111
LFLA14023802:ixsyLeMFPVkIwPn%E`DXE%mcjcl
B1402385233954N00302567WA012580142400111
LFLA14023902[:ANK`UV<AlrHvUscAd@;JEV@Y@W
B1402395233960N00302591WA012560142200111
B1402405233965N00302614WA012540142000111
B1402415233971N00302638WA012510141700111
B1402425233977N00302662WA012500141600111
B1402435233982N00302687WA012470141400111
B1402445233988N00302711WA012450141200111
B1402455233994N00302735WA012420140900111
B1402465233999N00302760WA012390140600111
B1402475234005N00302784WA012370140300111
B1402485234011N00302808WA012370140100111
B1402495234017N00302833WA012340139900111
B1402505234023N00302858WA012310139700111
B1402515234029N00302882WA012290139500111
LFLA14025202[:ANKnGDYAl[Q_IgwfxgZohsZs]r
B1402525234035N00302907WA012280139400111
B1402535234040N00302931WA012270139500111
B1402545234045N00302954WA012280139700111
B1402555234050N00302977WA012310139900111
LFLA14025603srurqlnmu`afZg
B1402565234054N00302999WA012320140100111
LFLA14025702[:ANK%#%EP]uGylJ:i<hSFQ:T=T;
B1402575234058N00303020WA012340140100111
LFLA14025802[:ANKGEGr%KCyGEcsQtPQ=RIPIOH
B1402585234063N00303041WA012360140200111
B1402595234067N00303062WA012360140300111
F1402593007040629110521261609
B1403005234072N00303082WA012360140400111
B1403015234076N00303102WA012360140400111
B1403025234081N00303122WA012370140500111
B1403035234086N00303141WA012370140600111
B1403045234091N00303160WA012380140700111
B1403055234096N00303179WA012390140800111
B1403065234102N00303197WA012410141000111
B1403075234108N00303215WA012420141200111
B1403085234115N00303231WA012460141400111
LFLA14030902:ixsyPdLP:DiK]dO?@NAM@cxax%y
B1403095234124N00303245WA012490141600111
B1403105234134N00303253WA012500141700111
LFLA14031102[:ANKiKPj%KvCus=Mp%qBY>MCJCL
B1403115234145N00303256WA012510141800111
B1403125234157N00303251WA012520141900111
B1403135234167N00303239WA012530142000110
B1403145234174N00303221WA012530142100110
B1403155234178N00303200WA012530142200110
B1403165234179N00303177WA012550142100111
B1403175234175N00303153WA012540142100110
B1403185234166N00303131WA012540142000110
B1403195234154N00303112WA012520142000111
B1403205234138N00303099WA012520142000110
LFLA14032102:ixsy`U]OAGgM[JAQBREYD_lbkbm
B1403215234121N00303094WA012520142000111
B1403225234103N00303097WA012520141900110
B1403235234086N00303107WA012510141800111
B1403245234071N00303123WA012490141600111
B1403255234059N00303144WA012480141400111
B1403265234052N00303169WA012460141300111
B1403275234049N00303195WA012460141300111
B1403285234051N00303219WA012440141400111
B1403295234055N00303242WA012450141600111
B1403305234061N00303262WA012490141800111
LFLA14033102:ixsyeKcSI?`RdoO?XHWCVm%w%x_
B1403315234070N00303278WA012510142100111
B1403325234082N00303287WA012530142200111
B1403335234094N00303288WA012540142300110
B1403345234105N00303280WA012550142400111
B1403355234115N00303266WA012560142500110
B1403365234121N00303246WA012560142600110
B1403375234123N00303223WA012570142600110
B1403385234120N00303198WA012560142500110
B1403395234112N00303174WA012560142400110
B1403405234100N00303154WA012560142300110
B1403415234083N00303142WA012550142200111
LFLA14034202:ixsylCkDYOpBtUGWo_p#qRIOFOH
B1403425234064N00303141WA012550142200109
B1403435234046N00303148WA012530142200110
B1403445234030N00303164WA012520142100110
B1403455234018N00303185WA012510141900109
B1403465234010N00303210WA012500141700210
LFLA14034702[:ANKqHCexEDyG<dt>NAwbm%w%x_
B1403475234007N00303237WA012480141600211
B1403485234010N00303262WA012470141700211
LFLA14034902:ixsy=r:CZdFl:GiyTDSGRqZsZt[
B1403495234017N00303282WA012480141600211
LFLA14035002[:ANKEloN=pAm;PcsJ:Mcvajdmdk
B1403505234028N00303294WA012480141600211
B1403515234040N00303298WA012470141500110
LFLA14035202[:ANKqHCjaLn:lyjZrctm`wdmdje
B1403525234053N00303292WA012460141500110
LFLA14035302:ixsyoIq`jtY[MUJ:;J=Q<gtZsZu
B1403535234063N00303278WA012460141600110
LFLA14035402:ixsylBjIRLqCuC;KN?P<Qripioh
B1403545234069N00303257WA012470141600110
B1403555234069N00303232WA012470141600110
LFLA14035602[:ANK<?=htIXdR[Zjpanuho#r[r]
LFLA14035603srrucfdg_Z[d`e
B1403565234065N00303207WA012480141500111
B1403575234054N00303185WA012450141400110
B1403585234040N00303167WA012430141300110
LFLA14035902la#knVu;Als?p>em]yhwtfqZsZr]
B1403595234021N00303156WA012420141200111
B1404005234002N00303154WA012410141200110
B1404015233982N00303160WA012410141200110
B1404025233965N00303174WA012410141300110
B1404035233950N00303194WA012420141400110
B1404045233938N00303216WA012440141500110
B1404055233928N00303239WA012460141700111
B1404065233918N00303262WA012460141900111
B1404075233909N00303286WA012480142000111
B1404085233901N00303311WA012490142000111
B1404095233895N00303336WA012500142100111
B1404105233892N00303362WA012510142300111
B1404115233891N00303388WA012530142500111
B1404125233894N00303411WA012560142600111
LFLA14041302:ixsydgdEZdx:lyWGfyfrg<OFOIN
B1404135233901N00303430WA012560142700111
B1404145233912N00303443WA012560142700111
B1404155233924N00303448WA012560142700111
B1404165233936N00303445WA012550142600111
B1404175233947N00303436WA012540142400110
LFLA14041802:ixsy#U]VnxLfXTJ:FVIUH[pfofq
B1404185233956N00303421WA012510142100110
LFLA14041902:ixsyoFn%F@aSeTL<m]j%kXCJCMB
B1404195233963N00303401WA012510142000110
B1404205233967N00303376WA012490142000110
B1404215233967N00303350WA012490142100110
B1404225233963N00303324WA012510142300110
B1404235233955N00303299WA012530142500110
B1404245233943N00303279WA012550142600110
B1404255233927N00303265WA012560142600111
LFLA14042602:ixsyVUV#oyNdR_l#iyfrg<OIPIN
B1404265233908N00303259WA012560142500110
B1404275233889N00303261WA012560142500111
B1404285233871N00303273WA012540142400111
B1404295233855N00303291WA012520142400111
B1404305233843N00303315WA012530142500111
B1404315233836N00303342WA012550142700111
B1404325233833N00303369WA012550143000111
LFLA14043302[:ANKIXRTlAVbToM=CSDtejaxaw`
B1404335233833N00303395WA012580143400111
B1404345233836N00303420WA012610143700111
B1404355233840N00303443WA012660144000111
B1404365233845N00303464WA012690144200111
B1404375233850N00303484WA012710144300110
B1404385233856N00303504WA012720144200111
B1404395233862N00303524WA012700144000110
B1404405233869N00303543WA012690143900111
LFLA14044102[:ANKFXRF_JBvHvWGK<K`jev`y`w
B1404415233876N00303562WA012670143700110
B1404425233884N00303581WA012660143700111
B1404435233892N00303599WA012650143600111
B1404445233900N00303616WA012650143500111
B1404455233909N00303633WA012650143400111
B1404465233918N00303650WA012640143400111
B1404475233926N00303667WA012630143200111
B1404485233935N00303684WA012620143100111
B1404495233943N00303701WA012610143000111
B1404505233952N00303718WA012600142900111
LFLA14045102[:ANKqvtrQ#wCurAQK=JXDK@Y@VA
B1404515233960N00303735WA012590142700111
B1404525233968N00303753WA012570142600111
B1404535233976N00303770WA012560142500111
B1404545233985N00303787WA012560142400111
LFLA14045502[:ANK[eghHudXflGW<J=@LCX>W>Y
B1404555233993N00303804WA012530142300111
LFLA14045603srurknlow#]b%c
B1404565234002N00303821WA012520142100111
B1404575234010N00303838WA012520142000111
B1404585234018N00303855WA012510141800111
B1404595234026N00303873WA012490141600111
B1405005234034N00303890WA012470141400111
B1405015234042N00303908WA012440141100111
B1405025234050N00303927WA012410140900111
B1405035234058N00303945WA012390140700111
LFLA14050402[:ANKMUWjM`@l:[;K=K<n_xcjcmb
B1405045234066N00303964WA012370140500111
B1405055234075N00303983WA012350140200111
B1405065234083N00304002WA012320139900111
B1405075234092N00304021WA012290139600111
B1405085234101N00304040WA012250139300111
B1405095234110N00304060WA012230139100111
B1405105234119N00304079WA012230138800111
B1405115234128N00304099WA012200138500111
B1405125234137N00304119WA012180138200111
B1405135234146N00304140WA012140138000111
B1405145234154N00304162WA012110137800111
LFLA14051502[:ANK[hbaAleXfdDTjWkCY>MCJCL
B1405155234162N00304184WA012090137700111
B1405165234170N00304206WA012090137700111
B1405175234177N00304229WA012080137700111
B1405185234183N00304251WA012080137700111
LFLA140519AZNSTAT 0 0
B1405195234190N00304273WA012080137600111
B1405205234197N00304295WA012070137600111
B1405215234204N00304317WA012070137500111
B1405225234210N00304338WA012070137500111
B1405235234218N00304359WA012070137400111
B1405245234225N00304380WA012050137300111
B1405255234233N00304400WA012050137200111
LFLA14052602[:ANK[%#oFscVhgGWHVIWCL?V?Y>
B1405265234240N00304420WA012040137000111
B1405275234248N00304440WA012020136900111
B1405285234256N00304460WA012020136800111
LFLA14052902[:ANKpmoGp=WbT=]mZl[mavekbkd
B1405295234264N00304480WA012000136700111
B1405305234272N00304500WA011990136600111
B1405315234280N00304520WA011970136500111
B1405325234288N00304540WA011970136400111
LFLA14053302[:ANKqomx>k=p>VvfvhwIXAJCJDK
B1405335234296N00304560WA011950136300111
B1405345234304N00304580WA011930136100111
B1405355234312N00304600WA011910135900111
B1405365234320N00304620WA011910135600111
B1405375234327N00304640WA011880135300111
B1405385234335N00304661WA011860135200111
B1405395234343N00304682WA011840135000111
B1405405234351N00304703WA011820134900111
B1405415234359N00304724WA011810134800111
LFLA14054202[:ANK%]_kDyl>pZ:J:L;[qfu[r[t
B1405425234368N00304745WA011800134700111
B1405435234376N00304766WA011800134600111
B1405445234385N00304787WA011790134700111
LFLA14054502[:ANKv>=iOZhRdtTDUCTgt[pipfq
B1405455234393N00304807WA011800134900111
B1405465234401N00304826WA011830135200111
B1405475234408N00304844WA011860135500111
LFLA14054802[:ANKCmn;vCyDryYIZG[P;TGQHQF
B1405485234414N00304862WA011860135700111
B1405495234421N00304880WA011880135900111
B1405505234427N00304897WA011900135900111
B1405515234433N00304913WA011900135800111
B1405525234439N00304930WA011890135500111
B1405535234446N00304947WA011870135300111
LFLA14055402[:ANKCnm>n;=oAUuetbuSFQ:S:T;
B1405545234452N00304964WA011850135100111
B1405555234459N00304981WA011830135000111
LFLA14055603srurjomnv]#c_b
B1405565234467N00304999WA011810134800111
LFLA14055702[:ANKnCHk=pgUc@`p`na?JEV@Y@W
B1405575234474N00305016WA011800134600111
B1405585234481N00305033WA011780134500111
B1405595234488N00305051WA011770134400111
B1406005234494N00305069WA011770134400111
LFLA14060102[:ANK=sx[N[kAoxXH[FZBS<OFOIN
B1406015234501N00305087WA011770134300111
B1406025234507N00305104WA011760134200111
B1406035234514N00305122WA011760134200111
B1406045234520N00305139WA011750134200111
B1406055234526N00305156WA011740134100111
B1406065234533N00305173WA011730134000111
B1406075234539N00305189WA011730133900111
B1406085234546N00305206WA011720133800111
B1406095234553N00305222WA011710133700111
LFLA140609RFC 29142 36461 486 0 0
B1406105234560N00305238WA011690133500111
B1406115234567N00305254WA011690133500111
B1406125234573N00305271WA011690133600111
B1406135234580N00305287WA011710133800111
B1406145234586N00305302WA011710133900111
B1406155234592N00305318WA011720133800111
B1406165234599N00305333WA011710133600111
B1406175234605N00305349WA011690133300111
B1406185234612N00305365WA011660133100111
B1406195234618N00305381WA011640133000111
B1406205234625N00305397WA011620132900111
B1406215234632N00305414WA011620132800111
LFLA14062202[:ANKCwtSJT%LZHhxJwK>MBY?V?X
B1406225234638N00305430WA011600132600111
LFLA14062302[:ANK[OLyqwEwIWwg=h<>JEV?V@W
B1406235234645N00305447WA011580132500111
B1406245234652N00305464WA011570132500111
B1406255234659N00305481WA011570132400111
B1406265234666N00305498WA011570132500111
B1406275234672N00305515WA011580132700111
LFLA14062802[:ANKyEFi#bWeSFfvLyMuho#r[r]
B1406285234679N00305531WA011590132700111
LFLA14062902[:ANKRgd<I?DwI[;K:L;DT;PIPFQ
B1406295234685N00305546WA011600132800111
B1406305234692N00305561WA011610132900111
B1406315234698N00305576WA011620133000111
B1406325234704N00305591WA011620132900111
B1406335234710N00305606WA011610132800111
B1406345234716N00305620WA011590132600111
B1406355234723N00305635WA011580132400111
B1406365234730N00305649WA011570132300111
B1406375234737N00305664WA011560132200111
B1406385234745N00305679WA011550132200111
B1406395234752N00305694WA011550132200111
B1406405234760N00305709WA011550132100111
B1406415234767N00305724WA011540132000111
B1406425234774N00305740WA011530131900111
B1406435234782N00305755WA011520131800111
B1406445234789N00305771WA011510131600111
B1406455234797N00305787WA011490131600111
B1406465234804N00305803WA011490131500111
B1406475234812N00305818WA011480131500111
B1406485234820N00305833WA011470131500111
B1406495234827N00305849WA011460131400111
B1406505234835N00305864WA011470131400111
B1406515234843N00305878WA011470131300111
B1406525234850N00305893WA011460131200111
B1406535234858N00305908WA011440131100111
B1406545234866N00305922WA011420130900111
B1406555234875N00305936WA011400130700111
LFLA14065602[:ANK>ef%[eQZLU_oZl[p#shngni
LFLA14065603srurjomnv]#c_b
B1406565234883N00305951WA011380130500111
B1406575234892N00305965WA011360130300111
LFLA14065802[:ANK]FEA<Bp;mkIYDRECS<OFOIN
B1406585234901N00305979WA011340130100111
B1406595234910N00305994WA011300129900111
B1407005234919N00306008WA011290129700111
B1407015234928N00306023WA011270129600111
B1407025234937N00306039WA011260129500111
B1407035234946N00306054WA011250129400111
B1407045234954N00306070WA011250129400111
B1407055234962N00306086WA011240129400111
B1407065234971N00306101WA011240129300111
B1407075234979N00306117WA011230129100111
B1407085234988N00306133WA011220129000111
B1407095234996N00306149WA011210128900111
B1407105235004N00306166WA011200128900111
B1407115235012N00306182WA011200129000111
B1407125235021N00306197WA011210129000111
B1407135235030N00306212WA011220129100111
B1407145235039N00306226WA011230129100111
B1407155235048N00306240WA011240129300111
B1407165235057N00306254WA011240129400111
B1407175235066N00306267WA011250129400111
B1407185235076N00306282WA011250129400111
B1407195235086N00306297WA011250129500111
B1407205235096N00306312WA011250129500111
B1407215235106N00306328WA011260129500111
B1407225235116N00306344WA011260129700111
B1407235235127N00306360WA011280129800111
B1407245235138N00306373WA011310129800111
B1407255235150N00306382WA011290129700111
B1407265235163N00306388WA011300129700111
B1407275235176N00306392WA011290129900111
B1407285235189N00306396WA011300130000111
B1407295235202N00306399WA011300130100111
B1407305235214N00306402WA011320130200111
B1407315235227N00306404WA011330130300111
B1407325235239N00306406WA011340130400111
B1407335235252N00306408WA011340130300111
B1407345235264N00306410WA011340130300111
B1407355235276N00306414WA011340130200111
B1407365235289N00306419WA011330130200111
B1407375235301N00306425WA011340130300111
B1407385235314N00306433WA011350130500111
B1407395235325N00306443WA011380130700111
B1407405235337N00306454WA011400131000111
B1407415235348N00306466WA011400131200111
B1407425235359N00306477WA011420131200111
B1407435235370N00306490WA011440131100111
B1407445235379N00306504WA011430130900111
B1407455235388N00306522WA011410130700111
B1407465235395N00306543WA011390130700111
B1407475235400N00306567WA011380130800111
B1407485235404N00306591WA011400131100111
B1407495235407N00306615WA011440131500111
LFLA14075002[:ANKN:A@SMl?qPl#aD`BVAJDMDK
B1407505235409N00306639WA011480131700110
B1407515235410N00306664WA011500131800111
B1407525235411N00306688WA011510131800111
B1407535235412N00306712WA011490131600111
B1407545235414N00306736WA011490131600111
LFLA14075502[:ANKRGDk[eWdRoK;uPtalcxax%y
B1407555235417N00306760WA011490131700111
LFLA14075603srurjomnvvwptq
B1407565235419N00306784WA011500131800111
B1407575235423N00306807WA011510131800111
B1407585235430N00306827WA011510131800111
B1407595235439N00306843WA011510131800111
F1407593007040629110521261609
B1408005235449N00306857WA011500131800111
LFLA14080102[:ANKeyrIYOO_QeP@lZmwfo#r[r]
B1408015235460N00306868WA011510131700111
LFLA14080202[:ANKCWTAQWXhV]YIp%q>LEV?V@W
B1408025235472N00306878WA011500131700111
B1408035235484N00306887WA011500131700111
B1408045235495N00306899WA011500131700111
B1408055235505N00306914WA011500131800111
B1408065235514N00306932WA011500132000111
B1408075235521N00306952WA011520132000111
B1408085235526N00306975WA011520131900111
B1408095235529N00306999WA011520131800111
B1408105235531N00307024WA011500131700111
B1408115235530N00307050WA011490131500111
B1408125235528N00307077WA011470131400111
LFLA14081302[:ANK]hcydZ#LZ:aqmXl:QFU;R;T
B1408135235525N00307104WA011450131300110
B1408145235520N00307131WA011440131200110
B1408155235515N00307159WA011420131000110
B1408165235510N00307186WA011410130800110
B1408175235504N00307215WA011400130800110
B1408185235498N00307244WA011410130900110
B1408195235492N00307274WA011410131000110
B1408205235486N00307304WA011420131400110
B1408215235481N00307332WA011460132100110
B1408225235476N00307359WA011530132900111
B1408235235471N00307386WA011610133500111
B1408245235469N00307412WA011690133900111
B1408255235470N00307436WA011730134200111
B1408265235475N00307457WA011750134300111
B1408275235484N00307473WA011770134300111
B1408285235495N00307482WA011760134300111
LFLA14082902[:ANKc#_B_iRiWlBRWHWvdm%w%x_
B1408295235506N00307483WA011770134400111
B1408305235517N00307475WA011770134400111
B1408315235526N00307461WA011790134600111
B1408325235529N00307441WA011790134800110
B1408335235527N00307419WA011800135000109
B1408345235521N00307398WA011810135000111
B1408355235509N00307381WA011820135000110
B1408365235493N00307371WA011820135000111
B1408375235476N00307371WA011810135100110
B1408385235459N00307381WA011830135200109
B1408395235445N00307400WA011830135300110
LFLA14084002[:ANKb_#pXNcXfH#lSCTvejaw%w`
B1408405235436N00307425WA011850135600111
B1408415235434N00307453WA011880135800111
B1408425235437N00307478WA011910136000211
B1408435235447N00307497WA011930136100211
B1408445235459N00307507WA011930136200211
B1408455235473N00307507WA011930136300211
B1408465235486N00307497WA011940136500211
LFLA14084702[:ANK?DGKwqDwIi_oterlavelekd
B1408475235494N00307479WA011960136800111
B1408485235497N00307456WA011990137100110
B1408495235494N00307433WA012020137300110
B1408505235485N00307412WA012040137400110
B1408515235472N00307398WA012050137600110
B1408525235455N00307393WA012070137800210
B1408535235437N00307398WA012090137900208
LFLA14085402[:ANKB:Ad:DeVhgwgRCTwfo#r[r]
B1408545235422N00307414WA012100138000210
B1408555235411N00307437WA012110138200209
LFLA14085603tuurlqkpxkjuqt
B1408565235405N00307464WA012120138400211
B1408575235405N00307491WA012120138600211
LFLA14085802[:ANKqvuNxnO#JkO?FWHGU<OFOIN
B1408585235411N00307515WA012150138800211
B1408595235422N00307533WA012180139000211
B1409005235435N00307542WA012200139200111
B1409015235449N00307543WA012220139500111
LFLA14090202[:ANK`ch:e[EvH>DTM<KFT=NHQHO
B1409025235462N00307536WA012230139700111
LFLA14090302[:ANKxjqjUKuFxwp`[j]RIN=T=S<
B1409035235473N00307523WA012260140000111
B1409045235481N00307505WA012300140200111
B1409055235485N00307484WA012320140400111
B1409065235482N00307462WA012330140500110
B1409075235474N00307442WA012350140500110
B1409085235461N00307428WA012350140500111
B1409095235444N00307421WA012350140500110
B1409105235425N00307423WA012340140700110
LFLA14091102[:ANK<FEVpvdWiap`_naGS<OIPIN
B1409115235408N00307436WA012360141000109
B1409125235395N00307457WA012380141300109
B1409135235388N00307482WA012410141600111
B1409145235388N00307509WA012460141900211
LFLA14091502[:ANK:IBG]cbYgKo_]l[RGP;R;U:
B1409155235395N00307531WA012490142100211
B1409165235405N00307546WA012510142300211
B1409175235418N00307552WA012530142500211
LFLA14091802[:ANKqsxG]caJ#u=MZk#UHO<R;R=
B1409185235432N00307549WA012550142600211
LFLA14091902[:ANKi[`e?I=n@TP@j[lAQFU<U;T
B1409195235442N00307536WA012550142600211
B1409205235449N00307518WA012560142700110
B1409215235450N00307495WA012570142900111
B1409225235444N00307474WA012570143200111
LFLA14092302[:ANKQTWg:DvDrGJ:xivxho#r[r]
B1409235235434N00307455WA012600143500110
LFLA14092402[:ANKrolKukAk=?VFpanl]ripioh
B1409245235419N00307442WA012620143700110
B1409255235401N00307438WA012650143900111
B1409265235384N00307444WA012670144100108
B1409275235369N00307460WA012690144300108
LFLA14092802[:ANKAFEKuk;q?f;KWFYBS<OIPIN
B1409285235358N00307483WA012710144500108
B1409295235354N00307509WA012750144900211
LFLA14093002[:ANKtqjaGArHvrXH?NA=OHS:S=R
B1409305235356N00307535WA012780145300211
B1409315235362N00307556WA012810145600211
B1409325235372N00307571WA012830145700111
B1409335235385N00307577WA012840145600111
B1409345235398N00307574WA012840145600111
LFLA140935AZNSTAT 0 0
B1409355235408N00307562WA012840145600111
B1409365235415N00307544WA012830145600111
B1409375235415N00307521WA012830145700110
B1409385235410N00307499WA012840145800110
LFLA14093902[:ANKnqj#C=j@nMHX%o`_lcx%w%y
B1409395235399N00307480WA012860146000110
B1409405235384N00307468WA012890146100110
B1409415235366N00307465WA012900146400110
B1409425235348N00307473WA012930146600110
B1409435235333N00307490WA012950146900109
B1409445235323N00307513WA012980147200209
B1409455235318N00307539WA013000147400211
B1409465235320N00307564WA013040147700211
B1409475235326N00307585WA013040147900211
B1409485235337N00307599WA013060148100211
B1409495235349N00307605WA013080148100211
LFLA14095002[:ANKqsx]<BN#JJbro%q=MBY@Y?X
B1409505235362N00307603WA013090148100211
B1409515235373N00307593WA013090148100111
B1409525235381N00307578WA013080148100111
B1409535235386N00307558WA013080148200110
B1409545235387N00307536WA013100148400110
B1409555235383N00307514WA013120148500110
LFLA14095603srruhegd#utkwj
B1409565235374N00307494WA013130148600111
B1409575235360N00307479WA013120148500111
B1409585235341N00307473WA013120148500111
B1409595235322N00307478WA013140148700109
LFLA14100002[:ANKWQJKukZP%L=ML=JtfqZt]t[
B1410005235306N00307495WA013140149000110
B1410015235297N00307520WA013180149400110
B1410025235295N00307548WA013210149700211
B1410035235300N00307572WA013250149800211
B1410045235311N00307588WA013260149800210
B1410055235324N00307594WA013250149600210
B1410065235337N00307588WA013220149400210
LFLA14100702[:ANKyvuTjtiSektd=L;EVAJCJDK
B1410075235346N00307573WA013210149300210
B1410085235349N00307551WA013200149400211
B1410095235344N00307528WA013220149400211
B1410105235334N00307508WA013220149500211
B1410115235319N00307495WA013230149700211
B1410125235303N00307488WA013230150000211
LFLA14101302[:ANKLLOLyoiSep#lFWHSHO<R;R=
B1410135235285N00307492WA013250150300109
B1410145235269N00307504WA013280150400109
B1410155235257N00307524WA013300150500209
B1410165235250N00307548WA013310150600211
B1410175235249N00307574WA013320150600211
LFLA14101802[:ANK#]%jKUXbTgBRN?PTIN=T=S<
B1410185235254N00307598WA013320150700211
B1410195235263N00307617WA013330150800211
B1410205235275N00307629WA013330150800211
B1410215235289N00307634WA013340150900211
B1410225235302N00307630WA013350151000211
B1410235235312N00307618WA013370151200211
B1410245235318N00307600WA013400151600211
B1410255235320N00307579WA013400151900210
LFLA141025RFC 29654 36622 489 0 0
B1410265235319N00307559WA013430152100210
B1410275235313N00307539WA013460152100210
B1410285235302N00307524WA013470152000210
B1410295235287N00307515WA013460151900211
B1410305235270N00307513WA013440151800211
B1410315235253N00307520WA013430151700110
LFLA14103202[:ANKh[`xOYdYgm]metcEW@KELEJ
B1410325235237N00307535WA013420151700110
B1410335235225N00307555WA013440152000111
B1410345235215N00307578WA013460152400111
B1410355235207N00307602WA013510152800111
B1410365235203N00307626WA013560153100111
B1410375235202N00307650WA013590153500111
B1410385235204N00307673WA013590153800111
LFLA14103902[:ANKvyrD`ftIwXwg`p_ybm%w%x_
B1410395235210N00307693WA013620153900111
B1410405235218N00307709WA013650153800111
B1410415235229N00307719WA013640153600111
B1410425235241N00307721WA013610153300111
B1410435235253N00307714WA013590153100111
LFLA14104402[:ANKVRYyKUtIwVQA[k#BVAJDMDK
B1410445235262N00307699WA013570152900111
LFLA14104502[:ANK<@;%D:iTbHCSBSD;OHS:S=R
B1410455235266N00307678WA013550152900111
B1410465235265N00307655WA013560153100111
B1410475235257N00307634WA013580153300110
B1410485235244N00307618WA013600153500111
B1410495235229N00307609WA013620153700111
B1410505235212N00307610WA013620153900110
B1410515235196N00307618WA013640153900109
LFLA14105202[:ANK=<?aAGXeSMvfo%q@MBY?V?X
B1410525235183N00307635WA013640153800109
B1410535235173N00307658WA013640153800211
B1410545235168N00307684WA013630153800211
B1410555235167N00307712WA013630153900211
LFLA14105603tutsgbhc[vwptq
B1410565235171N00307737WA013640154100211
LFLA14105702[:ANKmwtOqwsFx];Kqaniy%mdmcl
B1410575235178N00307760WA013660154500211
B1410585235187N00307778WA013700154800111
B1410595235197N00307794WA013730155000111
B1411005235207N00307808WA013750155200111
LFLA14110102[:ANKB@;tRLK%PhJ:P@OCS<OIPIN
B1411015235216N00307823WA013770155200111
B1411025235226N00307839WA013750155100111
B1411035235235N00307855WA013750154900111
B1411045235243N00307873WA013740154700111
B1411055235251N00307893WA013720154700111
B1411065235258N00307913WA013720154900111
B1411075235263N00307934WA013730155000111
B1411085235268N00307956WA013760155100111
B1411095235271N00307977WA013760155100111
B1411105235274N00307999WA013760155000110
B1411115235276N00308020WA013750155000111
B1411125235278N00308042WA013750154900110
B1411135235279N00308064WA013740154900111
B1411145235280N00308086WA013740154800111
B1411155235281N00308108WA013730154700111
B1411165235281N00308131WA013730154500111
B1411175235280N00308154WA013720154400111
B1411185235279N00308177WA013700154300111
B1411195235277N00308201WA013690154100111
B1411205235274N00308225WA013680153900111
B1411215235271N00308249WA013660153800110
B1411225235267N00308273WA013650153700110
B1411235235263N00308297WA013650153700110
B1411245235260N00308320WA013640153600110
B1411255235256N00308344WA013630153400110
B1411265235252N00308367WA013620153200110
B1411275235248N00308391WA013580152900110
B1411285235244N00308415WA013560152600110
B1411295235240N00308440WA013560152500110
B1411305235236N00308464WA013540152500110
B1411315235232N00308489WA013540152500110
B1411325235228N00308513WA013540152500110
B1411335235225N00308537WA013540152500110
B1411345235222N00308561WA013540152500110
B1411355235219N00308585WA013540152500110
B1411365235218N00308609WA013530152400110
B1411375235218N00308633WA013530152200110
B1411385235219N00308657WA013510152100111
B1411395235222N00308681WA013490152000111
B1411405235226N00308704WA013490151900111
B1411415235232N00308726WA013480151800111
B1411425235238N00308747WA013480151800111
B1411435235246N00308768WA013470151700111
LFLA14114402[:ANKrchV]c=p>XxhVHWO?XCJCMB
B1411445235255N00308788WA013470151700111
B1411455235264N00308806WA013470151900111
B1411465235274N00308824WA013490152200111
B1411475235285N00308841WA013540152500111
B1411485235296N00308856WA013550152500111
B1411495235308N00308865WA013550152500111
LFLA14115002[:ANKDUVu?IDyGFo_ESD;KDWAXAV
B1411505235322N00308863WA013560152700110
LFLA14115102[:ANKl]%r@F@m;PUE;L;k[tgngqf
B1411515235334N00308852WA013570152800111
B1411525235343N00308833WA013590152900111
B1411535235347N00308809WA013590153000111
B1411545235346N00308783WA013590153100111
B1411555235339N00308759WA013600153300109
LFLA14115603srrujomnv`afZg
B1411565235328N00308739WA013610153500111
B1411575235314N00308724WA013630153700111
B1411585235298N00308716WA013650153900109
B1411595235281N00308715WA013650154000110
B1412005235265N00308720WA013660154000110
B1412015235251N00308731WA013660154000110
LFLA14120202[:ANKr[`aUKdXf[IYUERfvajdmdk
B1412025235238N00308748WA013670154000110
B1412035235228N00308769WA013670154200111
B1412045235220N00308792WA013690154400111
B1412055235215N00308816WA013720154500111
B1412065235213N00308841WA013730154600111
B1412075235216N00308864WA013730154700111
B1412085235224N00308882WA013730154700111
B1412095235235N00308893WA013730154800111
B1412105235247N00308896WA013750154900110
B1412115235259N00308889WA013750155100111
B1412125235269N00308875WA013770155200111
B1412135235275N00308855WA013780155200111
B1412145235277N00308832WA013780155200111
LFLA14121502[:ANKEhcU[eT[MXYIXIVTDK@Y@VA
B1412155235274N00308808WA013780155200111
B1412165235268N00308784WA013770155200111
B1412175235259N00308763WA013780155200111
B1412185235247N00308746WA013780155200111
B1412195235232N00308735WA013780155100110
LFLA14122002[:ANKJxs<tjIn@;QAxhwuejaw%w`
B1412205235216N00308730WA013780155000110
B1412215235199N00308733WA013760155100110
B1412225235184N00308745WA013750155200109
B1412235235172N00308763WA013750155300110
B1412245235163N00308785WA013760155400110
B1412255235158N00308809WA013780155500111
B1412265235157N00308834WA013790155500111
B1412275235161N00308858WA013800155700111
B1412285235167N00308879WA013830156000111
B1412295235175N00308896WA013860156400111
B1412305235185N00308911WA013910156700111
B1412315235195N00308922WA013940156900111
B1412325235207N00308926WA013950157000110
B1412335235220N00308924WA013950157100111
LFLA14123402[:ANKbCHpAGCwIYL<GWHIR=NGNHO
B1412345235231N00308913WA013960157000111
B1412355235240N00308896WA013970156900110
B1412365235244N00308874WA013950156800111
B1412375235243N00308849WA013930156800110
B1412385235236N00308825WA013930156700111
B1412395235223N00308808WA013920156600111
B1412405235207N00308799WA013900156600109
B1412415235189N00308799WA013910156500111
LFLA14124202[:ANKIibhKUCwI[m]kZmdvajdmdk
B1412425235173N00308810WA013900156500110
B1412435235161N00308830WA013890156500110
B1412445235156N00308855WA013890156400111
B1412455235157N00308880WA013890156500211
B1412465235165N00308899WA013900156600211
B1412475235176N00308910WA013920156900211
B1412485235190N00308909WA013940157200211
B1412495235202N00308899WA013960157400211
B1412505235212N00308882WA013980157500210
B1412515235218N00308860WA014000157500210
B1412525235219N00308835WA014000157500210
B1412535235216N00308809WA013990157500210
B1412545235208N00308786WA014000157500210
B1412555235196N00308768WA014000157500210
LFLA14125603srsta#%]eqpwkv
B1412565235180N00308758WA014020157600109
B1412575235163N00308756WA014030157800111
B1412585235146N00308761WA014030158100110
B1412595235131N00308771WA014050158500110
F1412593007040629110521261609
B1413005235117N00308782WA014080159000111
B1413015235104N00308795WA014120159400111
B1413025235092N00308808WA014160159500111
B1413035235080N00308823WA014190159600111
B1413045235069N00308838WA014190159600111
B1413055235059N00308856WA014190159700111
B1413065235049N00308874WA014200159900111
B1413075235040N00308893WA014220159900110
B1413085235033N00308914WA014220159900110
B1413095235028N00308936WA014220160000111
B1413105235027N00308958WA014230160000111
B1413115235027N00308981WA014230160000111
B1413125235030N00309003WA014250159900111
B1413135235035N00309024WA014230159900111
B1413145235042N00309043WA014220160000111
B1413155235051N00309060WA014230160100111
B1413165235060N00309077WA014250160200111
B1413175235069N00309092WA014270160300111
B1413185235079N00309108WA014280160300111
B1413195235088N00309124WA014280160300111
B1413205235098N00309139WA014270160200111
B1413215235108N00309155WA014250160000111
B1413225235117N00309171WA014230159800111
B1413235235127N00309188WA014200159500111
B1413245235137N00309206WA014200159300111
B1413255235147N00309224WA014180159100111
B1413265235156N00309242WA014160159100111
B1413275235166N00309260WA014150159000110
B1413285235175N00309279WA014150159000110
B1413295235184N00309298WA014150158900110
B1413305235192N00309317WA014150158800111
B1413315235201N00309337WA014130158700111
B1413325235209N00309356WA014110158500111
B1413335235218N00309376WA014090158300111
B1413345235228N00309395WA014070158000111
B1413355235237N00309414WA014040157800111
B1413365235247N00309434WA014030157700111
B1413375235257N00309453WA014030157600111
B1413385235266N00309472WA014010157500111
B1413395235276N00309492WA014000157400111
B1413405235285N00309511WA013990157300111
B1413415235295N00309530WA013980157200111
B1413425235304N00309550WA013970157100111
B1413435235314N00309569WA013960156900111
B1413445235323N00309588WA013950156800111
B1413455235333N00309607WA013930156700111
B1413465235342N00309626WA013920156500110
B1413475235351N00309645WA013910156300110
B1413485235360N00309664WA013890156200110
B1413495235369N00309683WA013880156000111
B1413505235377N00309702WA013880155900111
LFLA141351AZNSTAT 0 0
B1413515235386N00309721WA013860155700111
B1413525235393N00309739WA013840155600111
B1413535235401N00309758WA013830155400111
B1413545235408N00309776WA013820155300111
B1413555235416N00309794WA013800155100111
LFLA14135603srurknlow#]b%c
B1413565235423N00309813WA013770154900111
B1413575235430N00309831WA013750154600111
B1413585235437N00309849WA013740154500111
B1413595235445N00309867WA013720154300111
B1414005235453N00309886WA013710154200110
B1414015235460N00309905WA013700154100110
B1414025235468N00309924WA013690154100110
B1414035235476N00309943WA013690154100110
B1414045235484N00309963WA013700154100111
B1414055235492N00309982WA013690154100111
B1414065235500N00310002WA013690153900111
B1414075235509N00310022WA013680153900110
B1414085235517N00310042WA013670154000110
B1414095235524N00310063WA013680154000111
B1414105235532N00310083WA013680153900111
B1414115235539N00310104WA013670153800110
B1414125235547N00310125WA013650153600110
B1414135235555N00310146WA013640153500110
B1414145235562N00310167WA013630153500110
B1414155235570N00310189WA013630153500110
B1414165235577N00310210WA013630153300111
B1414175235585N00310232WA013620153200111
B1414185235593N00310254WA013600153000110
B1414195235601N00310277WA013590152900110
B1414205235609N00310300WA013570152700110
B1414215235617N00310323WA013550152500111
B1414225235625N00310346WA013530152200111
B1414235235634N00310370WA013500151900111
B1414245235642N00310393WA013460151600111
B1414255235651N00310417WA013430151400111
B1414265235660N00310442WA013420151400111
B1414275235668N00310466WA013410151300111
B1414285235677N00310489WA013410151200111
B1414295235685N00310512WA013410151200111
B1414305235693N00310535WA013410151300111
B1414315235701N00310558WA013410151300111
B1414325235709N00310580WA013420151300111
B1414335235717N00310602WA013410151300111
B1414345235725N00310624WA013420151500110
B1414355235734N00310645WA013440151800111
B1414365235742N00310665WA013480152100111
B1414375235750N00310684WA013500152400111
B1414385235758N00310703WA013530152600111
B1414395235767N00310721WA013550152700111
B1414405235775N00310738WA013560152900111
B1414415235784N00310755WA013570153000111
LFLA141441RFC 30166 36655 491 0 0
B1414425235793N00310772WA013570153100111
B1414435235803N00310788WA013590153000111
B1414445235812N00310805WA013580152800111
B1414455235822N00310821WA013560152700111
B1414465235833N00310838WA013540152500111
B1414475235844N00310855WA013520152300111
B1414485235854N00310873WA013490152000111
B1414495235865N00310892WA013480151900111
B1414505235875N00310911WA013470152000111
B1414515235884N00310931WA013470152100111
B1414525235894N00310951WA013480152200111
B1414535235903N00310971WA013490152200111
B1414545235912N00310991WA013490152200111
B1414555235920N00311011WA013490152200111
LFLA14145603srurmpjqyZ[d`e
B1414565235929N00311031WA013490152200111
B1414575235938N00311051WA013490152300111
B1414585235946N00311070WA013500152400111
B1414595235954N00311089WA013510152500111
B1415005235962N00311107WA013510152600111
B1415015235970N00311125WA013530152900111
B1415025235977N00311142WA013560153100111
B1415035235984N00311159WA013580153200111
B1415045235990N00311175WA013590153300111
B1415055235997N00311190WA013590153200111
B1415065236003N00311206WA013590153100111
B1415075236010N00311222WA013570153000111
B1415085236016N00311238WA013570152800111
B1415095236022N00311254WA013550152700111
B1415105236029N00311270WA013530152600111
B1415115236036N00311286WA013520152500111
B1415125236043N00311302WA013520152400111
B1415135236050N00311318WA013500152200111
B1415145236057N00311334WA013490152000111
B1415155236064N00311350WA013470151900111
B1415165236071N00311366WA013440151700111
B1415175236079N00311382WA013420151500111
B1415185236086N00311399WA013400151200111
B1415195236094N00311416WA013380151000111
B1415205236101N00311433WA013360150800111
B1415215236109N00311451WA013330150600111
B1415225236116N00311469WA013330150400111
B1415235236124N00311486WA013310150200111
B1415245236132N00311505WA013300150100111
B1415255236140N00311523WA013280149900111
B1415265236147N00311542WA013260149700111
B1415275236155N00311561WA013240149500111
B1415285236163N00311580WA013220149400111
LFLA14152902g#_pmwfeF_JC=HQqaC%B;PIR;R<S
B1415295236170N00311599WA013200149200111
B1415305236178N00311619WA013190149100111
B1415315236185N00311638WA013170148900111
LFLA14153202g#_pmyfeqVcsmxxXHZG[by`kelej
B1415325236193N00311657WA013160148800111
B1415335236200N00311675WA013150148800111
B1415345236207N00311693WA013140148700111
B1415355236214N00311710WA013140148600111
B1415365236221N00311727WA013140148400111
B1415375236228N00311745WA013120148100111
B1415385236234N00311762WA013080147700111
B1415395236242N00311779WA013050147400111
B1415405236249N00311797WA013010147000111
B1415415236256N00311815WA012970146600111
B1415425236264N00311834WA012930146300111
B1415435236271N00311853WA012880145900111
B1415445236279N00311872WA012850145500111
B1415455236288N00311891WA012820145200111
B1415465236296N00311910WA012790144900111
B1415475236305N00311929WA012740144500111
B1415485236314N00311949WA012740144100111
B1415495236323N00311968WA012700143700111
B1415505236332N00311989WA012650143300111
B1415515236342N00312009WA012620143000111
B1415525236351N00312030WA012580142700111
B1415535236361N00312050WA012540142400111
B1415545236371N00312071WA012510142000111
B1415555236380N00312093WA012460141700111
LFLA14155603srurknlow#]b%c
B1415565236390N00312114WA012430141500111
B1415575236400N00312136WA012410141300111
B1415585236409N00312157WA012400141200111
B1415595236419N00312179WA012390141100111
B1416005236428N00312200WA012380141000111
B1416015236438N00312222WA012380140900111
B1416025236447N00312244WA012370140900111
B1416035236456N00312265WA012370140900111
B1416045236466N00312286WA012370140900111
B1416055236475N00312307WA012370141000111
B1416065236484N00312327WA012380141000111
B1416075236494N00312348WA012390141000111
B1416085236503N00312368WA012390141100111
B1416095236513N00312388WA012390141000111
B1416105236522N00312408WA012390141000111
B1416115236532N00312428WA012380140900111
B1416125236541N00312448WA012360140800110
B1416135236551N00312469WA012360140700110
B1416145236561N00312489WA012360140600110
B1416155236571N00312510WA012350140500110
B1416165236581N00312531WA012340140600111
B1416175236591N00312551WA012340140600111
B1416185236601N00312572WA012340140700111
B1416195236610N00312592WA012350140900111
B1416205236620N00312612WA012380141000111
B1416215236628N00312631WA012390141100111
B1416225236637N00312651WA012390141100111
B1416235236645N00312671WA012390141100111
B1416245236653N00312690WA012400141100111
B1416255236661N00312709WA012390141000111
B1416265236669N00312728WA012380140900111
B1416275236677N00312748WA012380140800111
B1416285236685N00312767WA012360140600111
B1416295236693N00312787WA012350140500111
B1416305236701N00312807WA012330140400111
B1416315236709N00312826WA012320140200111
B1416325236718N00312845WA012310140100111
B1416335236727N00312864WA012280140000111
B1416345236736N00312883WA012270140100111
B1416355236745N00312902WA012290140500111
B1416365236753N00312920WA012340140900111
B1416375236760N00312937WA012390141300111
B1416385236767N00312954WA012410141500111
B1416395236773N00312971WA012420141500111
B1416405236780N00312987WA012420141400111
B1416415236786N00313004WA012420141400111
B1416425236793N00313021WA012410141400111
B1416435236799N00313037WA012410141300111
B1416445236805N00313054WA012400141100111
B1416455236812N00313071WA012380140800111
B1416465236819N00313088WA012350140500111
B1416475236827N00313105WA012310140200111
B1416485236835N00313122WA012290139900111
B1416495236843N00313140WA012260139800111
B1416505236851N00313158WA012260139600111
B1416515236860N00313177WA012240139500111
B1416525236868N00313196WA012240139500111
B1416535236876N00313215WA012240139700111
B1416545236884N00313233WA012250140000111
B1416555236891N00313252WA012270140400111
LFLA14165603srurmpjqyZ[d`e
B1416565236897N00313269WA012320140700111
B1416575236904N00313287WA012360140900111
B1416585236910N00313305WA012370141000111
B1416595236917N00313324WA012380141000111
B1417005236924N00313343WA012390141100111
B1417015236932N00313360WA012400141300111
B1417025236943N00313374WA012430141600111
LFLA14170302jtj]`]efwThSKVPdtoan<PGT=T:U
B1417035236955N00313381WA012470141900111
B1417045236967N00313379WA012510142200111
B1417055236979N00313367WA012520142300111
LFLA14170602jtj]`D:AfDx?G:PYIrerHT;PFOFQ
B1417065236987N00313348WA012520142400111
B1417075236990N00313324WA012530142500111
B1417085236988N00313298WA012550142600111
B1417095236980N00313274WA012550142800111
B1417105236966N00313256WA012570143000110
B1417115236949N00313247WA012590143300111
B1417125236932N00313248WA012630143700110
B1417135236916N00313259WA012650144000109
B1417145236904N00313276WA012690144300109
B1417155236897N00313298WA012710144500111
B1417165236897N00313321WA012730144700111
LFLA14171702jtj]`d]%O%JOWJ<`pRBUO;TGNGQF
B1417175236902N00313341WA012750144800211
B1417185236912N00313355WA012760144900211
B1417195236925N00313361WA012760145000211
B1417205236938N00313356WA012780145100211
B1417215236949N00313341WA012790145200211
LFLA14172202jtj]`juvhVb#e`D<L#mZfr]nhqho
B1417225236956N00313319WA012800145500211
B1417235236958N00313294WA012820145900211
B1417245236954N00313268WA012860146300211
B1417255236944N00313246WA012900146600210
B1417265236931N00313229WA012930146900211
B1417275236915N00313220WA012970147300211
B1417285236898N00313220WA013000147600210
B1417295236883N00313229WA013030147900210
B1417305236870N00313245WA013040148000210
LFLA14173102jtj]`:PKf_JnupWk[xivmavelekd
B1417315236863N00313267WA013060148200211
B1417325236860N00313290WA013060148400211
B1417335236863N00313313WA013080148600211
B1417345236870N00313330WA013110148800211
B1417355236881N00313341WA013130149000211
B1417365236893N00313344WA013150149100211
B1417375236906N00313339WA013170149200211
B1417385236917N00313326WA013170149300210
B1417395236925N00313305WA013190149500210
B1417405236929N00313281WA013210149700210
B1417415236928N00313254WA013230150000211
LFLA14174202jtj]`muvSQ#KYLqqasbuo[tgqhqf
B1417425236922N00313229WA013260150300111
B1417435236911N00313208WA013300150600109
B1417445236896N00313192WA013310150700110
B1417455236879N00313183WA013310150800110
B1417465236862N00313183WA013320150800111
B1417475236845N00313193WA013320150800110
B1417485236831N00313210WA013330150900110
LFLA14174902jtj]`k`[[`MpropTD_o`ht[pipfq
B1417495236823N00313233WA013330151100111
B1417505236820N00313259WA013350151300211
B1417515236823N00313283WA013380151600211
B1417525236831N00313302WA013410152000211
B1417535236843N00313314WA013440152200211
B1417545236857N00313318WA013470152500211
B1417555236870N00313312WA013510152800211
LFLA14175603srstmpjqylmrns
B1417565236882N00313298WA013530153000110
B1417575236889N00313277WA013530153200111
B1417585236892N00313251WA013560153400111
B1417595236888N00313225WA013580153600211
F14175930070406291121261609
LFLA14180002jtj]`H@;peXPROASC:K<CW@KELEJ
B1418005236879N00313201WA013600153900110
B1418015236865N00313182WA013630154100111
B1418025236849N00313170WA013640154000111
B1418035236832N00313166WA013620153800111
B1418045236815N00313170WA013610153500110
B1418055236799N00313183WA013590153400110
B1418065236787N00313204WA013570153400108
LFLA14180702jtj]`>MNvhU?E@Ktd>NAHT;PIPFQ
LFLA141807AZNSTAT 0 0
B1418075236779N00313228WA013580153700110
B1418085236775N00313255WA013620154100110
B1418095236776N00313279WA013680154600111
B1418105236783N00313299WA013680155000111
B1418115236795N00313310WA013720155300111
B1418125236808N00313310WA013760155400110
B1418135236820N00313299WA013780155400110
B1418145236829N00313279WA013780155500110
B1418155236832N00313253WA013790155600111
B1418165236828N00313226WA013800155700111
B1418175236818N00313202WA013810155800110
B1418185236803N00313184WA013810155800110
B1418195236785N00313174WA013810155800110
B1418205236766N00313175WA013820155800109
B1418215236749N00313187WA013820155900109
B1418225236736N00313207WA013820156000110
B1418235236729N00313233WA013830156200211
B1418245236730N00313259WA013860156600211
B1418255236736N00313281WA013900157100211
B1418265236747N00313295WA013950157500210
B1418275236761N00313298WA013980157800210
B1418285236773N00313290WA014020158000211
B1418295236783N00313273WA014040158000211
B1418305236787N00313249WA014050158000211
B1418315236785N00313222WA014050158000211
B1418325236776N00313197WA014050158000210
LFLA14183302jtj]`%ibVvCkvkohxVGX_kdwaxav
B1418335236762N00313178WA014060158000211
B1418345236745N00313167WA014050158000211
B1418355236726N00313165WA014050158000210
LFLA14183602jtj]`@HCpN[VKV%qaPANey%mdmcl
B1418365236708N00313174WA014050158200209
B1418375236694N00313193WA014050158400210
B1418385236686N00313217WA014070158600211
B1418395236684N00313243WA014100158700211
B1418405236690N00313265WA014120158800211
B1418415236701N00313278WA014120159000211
B1418425236715N00313282WA014140159100211
B1418435236728N00313274WA014160159300211
B1418445236738N00313256WA014180159700311
B1418455236742N00313231WA014220159900311
B1418465236741N00313203WA014240160100311
B1418475236734N00313177WA014240160100311
B1418485236721N00313157WA014250160100310
B1418495236704N00313144WA014250159900310
B1418505236685N00313143WA014240159800310
B1418515236668N00313152WA014220159700209
B1418525236653N00313171WA014200159600209
B1418535236644N00313196WA014200159800210
B1418545236641N00313223WA014210159900211
B1418555236644N00313249WA014240160200211
LFLA14185603tuwx%[aZb[Zead
B1418565236652N00313268WA014270160500211
B1418575236664N00313281WA014290160800211
LFLA141857RFC 30677 36752 493 0 0
B1418585236677N00313287WA014330161000211
B1418595236690N00313283WA014330161400211
B1419005236701N00313270WA014350161600211
B1419015236708N00313249WA014390161800211
B1419025236711N00313224WA014410162000211
B1419035236706N00313198WA014430162000211
B1419045236697N00313173WA014440162000209
B1419055236682N00313155WA014430161900210
B1419065236664N00313144WA014420161700210
B1419075236645N00313143WA014390161600209
B1419085236626N00313151WA014380161600209
B1419095236610N00313166WA014380161700109
B1419105236598N00313188WA014400161900211
B1419115236590N00313214WA014420162200211
B1419125236586N00313240WA014420162400211
LFLA14191302g#_pme`[QfSB?BxSCeubwdk`y`va
B1419135236586N00313265WA014460162600211
B1419145236591N00313287WA014490162700211
B1419155236601N00313304WA014500162800211
B1419165236613N00313312WA014520163000211
B1419175236626N00313310WA014540163200111
B1419185236638N00313298WA014550163300111
B1419195236647N00313278WA014560163300111
LFLA14192002g#_pmNNMPdYfZg[%nwfydw`kelej
B1419205236650N00313253WA014570163300111
B1419215236648N00313225WA014550163200110
B1419225236640N00313197WA014550163200108
B1419235236626N00313174WA014550163300110
B1419245236608N00313160WA014550163500111
B1419255236588N00313155WA014570163700110
B1419265236568N00313162WA014600163900109
B1419275236551N00313177WA014620164200109
B1419285236539N00313199WA014650164500110
LFLA14192902g#_pmKKPaQ#e`e?hxgviwdk`y`va
B1419295236532N00313224WA014690164800111
B1419305236530N00313249WA014720165100111
B1419315236534N00313273WA014740165200111
B1419325236541N00313293WA014730165100111
B1419335236551N00313308WA014720164800111
B1419345236565N00313316WA014700164500111
B1419355236580N00313314WA014700164700111
B1419365236594N00313302WA014700165100111
B1419375236604N00313283WA014710165600111
LFLA14193802jtj]`BnFngam:lZaqZk#HT;PFOFQ
B1419385236611N00313260WA014770166100111
LFLA14193902jtj]`cOgR;ErEsrvfsbuO;TGNGQF
B1419395236613N00313233WA014820166600111
B1419405236611N00313206WA014870167100110
B1419415236606N00313180WA014930167400111
LFLA14194202jtj]`HkCZrlrnsY;Kiyf<PGT:S:U
B1419425236598N00313155WA014950167500111
B1419435236588N00313131WA014950167300110
B1419445236576N00313109WA014940167000110
B1419455236562N00313089WA014900166700111
LFLA14194602jtj]`t@x]rlXLY:SCXHWk_xcjcmb
B1419465236546N00313073WA014860166400111
B1419475236527N00313062WA014840166200111
B1419485236508N00313057WA014840166200111
B1419495236489N00313059WA014830166000110
B1419505236470N00313067WA014820165700109
B1419515236453N00313083WA014810165500110
B1419525236440N00313106WA014770165300111
B1419535236432N00313134WA014740165100110
LFLA14195402jtj]`cNfVGA;G:?gwZj]HT;PFOFQ
B1419545236428N00313164WA014720165100111
B1419555236428N00313193WA014720165400111
LFLA14195603srrugbhc[ed[gZ
B1419565236431N00313221WA014760165900111
B1419575236435N00313246WA014820166500111
B1419585236440N00313269WA014890167200111
LFLA14195902g#_pmObJXKU[f[nP@ubuwdk`v_va
B1419595236446N00313290WA014960167700111
B1420005236454N00313308WA015010168100111
B1420015236464N00313321WA015010168400111
B1420025236475N00313329WA015060168500111
B1420035236487N00313331WA015070168500110
B1420045236499N00313326WA015090168500111
B1420055236510N00313314WA015090168600110
B1420065236519N00313295WA015090168600111
B1420075236524N00313272WA015100168700111
B1420085236524N00313245WA015100168700111
B1420095236519N00313218WA015110168700110
B1420105236510N00313193WA015100168600109
B1420115236495N00313175WA015100168700111
LFLA14201202jtj]`cW_Ai_wHv]ueSCTHS<OFOIN
B1420125236477N00313164WA015110168800111
B1420135236459N00313162WA015120168900111
LFLA14201402g#_pmo@xcb#B>CAO?vfyrin]t]s#
B1420145236441N00313171WA015120169100110
LFLA14201502jtj]`@lDE`fgXfP@Phxgsho#r[r]
B1420155236426N00313188WA015130169300111
B1420165236417N00313211WA015150169500111
B1420175236414N00313235WA015160169800111
LFLA14201802g#_pmGs;DI?@DAlN>fvicx_lbkbm
B1420185236417N00313258WA015200170000210
B1420195236426N00313274WA015220170100211
B1420205236438N00313282WA015230170100211
B1420215236451N00313279WA015220170000210
B1420225236462N00313266WA015230170000211
B1420235236469N00313244WA015220170000211
B1420245236471N00313217WA015220169900211
B1420255236466N00313190WA015220169900211
B1420265236455N00313165WA015230170000210
B1420275236440N00313148WA015230170200111
B1420285236422N00313138WA015250170600111
B1420295236403N00313138WA015280170900110
B1420305236386N00313144WA015300171100109
B1420315236369N00313154WA015330171300109
B1420325236355N00313169WA015350171400110
B1420335236344N00313190WA015360171500110
B1420345236338N00313213WA015380171700111
B1420355236337N00313237WA015400171900111
B1420365236341N00313259WA015410172000111
B1420375236348N00313277WA015410172000111
B1420385236358N00313291WA015430172100111
B1420395236369N00313303WA015430172200111
B1420405236380N00313314WA015430172200111
B1420415236391N00313323WA015440172200111
B1420425236404N00313332WA015430172300111
B1420435236416N00313339WA015440172500111
B1420445236428N00313345WA015450172600111
B1420455236440N00313349WA015470172600111
B1420465236453N00313353WA015470172700111
B1420475236466N00313357WA015480172800111
B1420485236478N00313360WA015520173000111
B1420495236491N00313363WA015540173300111
B1420505236504N00313365WA015570173500110
B1420515236517N00313368WA015590173600110
B1420525236530N00313371WA015600173800111
B1420535236543N00313374WA015600174000111
B1420545236556N00313378WA015630174100111
B1420555236569N00313381WA015640174200111
LFLA14205603srrumpjqy]#c_b
B1420565236582N00313385WA015660174400111
B1420575236595N00313389WA015680174600111
B1420585236608N00313393WA015690174600111
B1420595236620N00313398WA015700174700111
B1421005236633N00313403WA015710174800111
B1421015236646N00313408WA015720174900111
B1421025236659N00313413WA015740175100111
B1421035236671N00313418WA015760175400111
B1421045236684N00313423WA015790175600111
B1421055236697N00313427WA015810175700111
B1421065236709N00313432WA015810176000111
B1421075236721N00313436WA015830176300111
B1421085236734N00313440WA015860176700111
B1421095236745N00313444WA015900176800111
B1421105236757N00313447WA015930176900111
B1421115236769N00313450WA015930176900111
B1421125236781N00313453WA015930176800111
B1421135236793N00313456WA015910176600111
B1421145236805N00313460WA015890176500110
B1421155236818N00313465WA015880176400111
B1421165236830N00313470WA015870176300111
B1421175236843N00313476WA015860176300111
B1421185236855N00313482WA015860176200111
B1421195236867N00313488WA015860176100111
B1421205236879N00313495WA015850176000111
B1421215236892N00313502WA015840175700111
B1421225236904N00313508WA015820175300111
B1421235236917N00313515WA015770174800111
B1421245236930N00313523WA015720174300111
B1421255236943N00313532WA015670173800111
B1421265236956N00313540WA015620173400111
B1421275236970N00313550WA015560173000111
B1421285236985N00313559WA015520172700111
B1421295236999N00313568WA015480172500111
B1421305237013N00313579WA015470172300111
B1421315237027N00313589WA015460172300111
B1421325237041N00313601WA015460172300111
B1421335237054N00313612WA015460172300111
B1421345237068N00313622WA015460172400111
B1421355237082N00313633WA015460172400111
B1421365237095N00313644WA015470172500111
B1421375237109N00313655WA015470172500111
B1421385237122N00313666WA015470172400111
B1421395237136N00313677WA015470172300111
B1421405237149N00313688WA015460172200111
B1421415237163N00313699WA015440172000111
B1421425237177N00313709WA015430171800111
B1421435237192N00313720WA015410171600111
B1421445237206N00313731WA015390171400111
B1421455237220N00313743WA015390171300111
B1421465237235N00313754WA015370171100111
B1421475237249N00313766WA015360171100111
B1421485237264N00313777WA015360171000111
B1421495237278N00313789WA015360171000111
B1421505237293N00313800WA015360170900111
B1421515237307N00313812WA015380170800111
B1421525237321N00313824WA015370170700111
B1421535237335N00313835WA015360170700111
B1421545237349N00313847WA015350170600111
B1421555237363N00313859WA015340170500111
LFLA14215603srurjomnvZ[d`e
B1421565237376N00313871WA015320170400111
B1421575237390N00313884WA015320170300111
B1421585237403N00313896WA015320170200111
B1421595237416N00313909WA015310170100111
B1422005237429N00313923WA015300170100111
B1422015237441N00313936WA015300170000111
B1422025237454N00313949WA015300170000111
B1422035237467N00313962WA015280169900111
B1422045237480N00313974WA015260169700111
B1422055237493N00313987WA015240169600111
B1422065237506N00313999WA015220169400111
B1422075237519N00314011WA015200169200111
B1422085237532N00314024WA015170168900111
B1422095237545N00314036WA015160168800111
B1422105237559N00314049WA015150168600111
B1422115237572N00314061WA015150168400111
B1422125237585N00314075WA015130168300111
B1422135237598N00314089WA015110168100111
B1422145237611N00314103WA015090167800111
B1422155237624N00314118WA015060167700111
B1422165237637N00314134WA015040167700111
B1422175237649N00314150WA015030167700111
B1422185237661N00314165WA015050167700111
B1422195237673N00314181WA015050167700111
B1422205237685N00314196WA015050167700111
B1422215237697N00314212WA015040167700111
B1422225237709N00314227WA015030167600111
LFLA142223AZNSTAT 0 0
B1422235237720N00314242WA015020167500111
B1422245237732N00314257WA015020167400111
B1422255237745N00314272WA015010167400111
B1422265237756N00314288WA015010167500111
B1422275237768N00314302WA015020167600111
B1422285237780N00314317WA015030167600111
B1422295237791N00314332WA015020167600111
B1422305237803N00314347WA015020167500111
B1422315237814N00314362WA015010167500111
B1422325237826N00314376WA015020167700111
B1422335237837N00314390WA015040167800111
B1422345237848N00314404WA015050167700111
B1422355237859N00314418WA015030167600111
B1422365237870N00314432WA015020167500111
B1422375237881N00314446WA015020167500111
B1422385237892N00314460WA015020167500111
B1422395237904N00314473WA015020167400111
B1422405237916N00314487WA015010167300111
B1422415237928N00314501WA015000167300111
B1422425237940N00314515WA014990167200111
B1422435237952N00314529WA014990167100111
B1422445237964N00314543WA014990167000111
B1422455237975N00314558WA014970166900111
B1422465237987N00314572WA014960166700111
B1422475237999N00314586WA014940166600111
B1422485238011N00314600WA014930166600111
B1422495238022N00314613WA014930166500111
B1422505238034N00314627WA014930166500111
B1422515238046N00314640WA014930166500111
B1422525238058N00314653WA014940166500111
B1422535238070N00314665WA014930166500111
B1422545238082N00314678WA014920166500111
B1422555238094N00314690WA014920166400111
LFLA14225603srurjomnvZ[d`e
B1422565238106N00314702WA014910166300111
B1422575238118N00314714WA014900166300111
B1422585238130N00314725WA014910166500111
B1422595238142N00314736WA014930166700111
F1422593007040629110521261609
B1423005238154N00314747WA014950166900111
B1423015238166N00314757WA014970167100111
B1423025238177N00314766WA014990167300111
B1423035238188N00314776WA014990167500111
B1423045238199N00314785WA015000167600111
B1423055238210N00314793WA015020167600111
B1423065238220N00314802WA015020167600111
B1423075238231N00314810WA015010167600111
B1423085238242N00314819WA015010167500111
B1423095238252N00314827WA015000167300111
B1423105238263N00314836WA014990167200111
B1423115238274N00314844WA014980166900111
B1423125238285N00314853WA014950166500111
B1423135238296N00314863WA014890166000111
LFLA142313RFC 31189 36885 494 0 0
B1423145238308N00314873WA014850165500111
B1423155238320N00314884WA014800165100111
B1423165238333N00314895WA014800164600111
B1423175238346N00314906WA014750164200111
B1423185238360N00314917WA014720163800111
B1423195238373N00314929WA014680163600111
B1423205238387N00314941WA014660163500111
B1423215238400N00314952WA014650163400111
B1423225238413N00314963WA014620163200111
B1423235238425N00314974WA014610163000111
B1423245238438N00314985WA014580162800111
B1423255238450N00314995WA014550162600111
B1423265238462N00315006WA014520162400111
B1423275238474N00315017WA014510162200111
B1423285238486N00315028WA014490162000111
B1423295238498N00315038WA014490161700111
B1423305238510N00315049WA014460161300111
B1423315238522N00315060WA014430161000111
B1423325238534N00315072WA014390160600111
B1423335238547N00315086WA014360160400111
B1423345238559N00315101WA014330160300111
B1423355238570N00315117WA014330160200111
B1423365238581N00315134WA014300160100111
B1423375238591N00315150WA014300160100111
B1423385238602N00315167WA014300160000111
B1423395238612N00315184WA014290159900111
B1423405238622N00315202WA014280159700111
B1423415238632N00315218WA014240159400111
B1423425238643N00315233WA014240159200111
B1423435238655N00315245WA014220159000111
B1423445238668N00315256WA014190158800111
B1423455238681N00315266WA014170158600111
B1423465238695N00315275WA014140158400111
B1423475238709N00315283WA014120158200111
B1423485238724N00315291WA014110158200111
B1423495238738N00315298WA014110158200111
B1423505238752N00315305WA014110158200110
B1423515238766N00315312WA014110158300111
B1423525238780N00315318WA014120158400111
B1423535238794N00315324WA014120158400111
B1423545238807N00315329WA014120158300111
B1423555238820N00315335WA014100158100111
LFLA14235603srurqlnmua`g[f
B1423565238834N00315339WA014100158000111
B1423575238848N00315344WA014080157900111
B1423585238861N00315348WA014080157700111
B1423595238875N00315352WA014050157600111
B1424005238889N00315356WA014040157500111
B1424015238903N00315360WA014030157400111
B1424025238918N00315364WA014020157300111
B1424035238932N00315369WA014010157300111
B1424045238946N00315374WA014010157500111
B1424055238960N00315379WA014040157800110
B1424065238974N00315384WA014090158200111
B1424075238987N00315388WA014130158600111
B1424085238999N00315394WA014130158900111
B1424095239011N00315399WA014170159300111
B1424105239023N00315405WA014210159600111
B1424115239035N00315412WA014240159900111
B1424125239046N00315419WA014280160200111
B1424135239057N00315428WA014310160500111
B1424145239068N00315441WA014350160800111
B1424155239076N00315459WA014370161000111
B1424165239081N00315481WA014400161400111
B1424175239083N00315507WA014430161700110
B1424185239082N00315533WA014450162000110
B1424195239078N00315560WA014500162300110
B1424205239071N00315585WA014530162700111
B1424215239060N00315607WA014550163000111
B1424225239046N00315624WA014550163200111
B1424235239031N00315637WA014590163300110
B1424245239014N00315643WA014600163400110
B1424255238998N00315643WA014620163400110
B1424265238983N00315636WA014620163300111
B1424275238968N00315626WA014600163000110
B1424285238956N00315610WA014570162500110
B1424295238946N00315591WA014510162100110
B1424305238940N00315567WA014480161800111
B1424315238939N00315543WA014450161700111
B1424325238942N00315521WA014440161500111
B1424335238950N00315504WA014440161500111
B1424345238962N00315495WA014450161600111
B1424355238974N00315493WA014450161800111
B1424365238987N00315497WA014470162200111
B1424375238999N00315506WA014500162700111
B1424385239010N00315517WA014550163100111
B1424395239020N00315531WA014600163500111
B1424405239029N00315546WA014650163600111
B1424415239037N00315565WA014660163600111
B1424425239041N00315589WA014650163600111
B1424435239041N00315616WA014650163500111
B1424445239035N00315642WA014630163400110
B1424455239025N00315666WA014620163300111
B1424465239010N00315683WA014610163300111
B1424475238993N00315693WA014590163000110
B1424485238974N00315695WA014590162700110
B1424495238956N00315689WA014550162400110
B1424505238939N00315676WA014530162300111
B1424515238926N00315655WA014510162200111
B1424525238918N00315631WA014500162200111
B1424535238915N00315605WA014500162300111
B1424545238916N00315581WA014510162600111
B1424555238921N00315559WA014540162800111
LFLA14245603srrugbhc[xynro
B1424565238926N00315538WA014570163000111
B1424575238932N00315517WA014590163300111
B1424585238939N00315497WA014630163700111
B1424595238946N00315478WA014700164200111
B1425005238953N00315460WA014750164600111
B1425015238962N00315444WA014750164800111
B1425025238973N00315435WA014770164900110
B1425035238986N00315434WA014780165100110
B1425045238998N00315442WA014790165100110
B1425055239008N00315460WA014800165100110
B1425065239013N00315484WA014800165100110
B1425075239013N00315512WA014780164900109
B1425085239008N00315541WA014780164700109
B1425095238998N00315567WA014760164500109
B1425105238982N00315587WA014740164300110
B1425115238964N00315598WA014700164100110
B1425125238945N00315600WA014690163900110
B1425135238926N00315591WA014680163800110
B1425145238912N00315574WA014680163700109
B1425155238902N00315550WA014670163600110
B1425165238899N00315525WA014660163600110
B1425175238901N00315500WA014650163800110
B1425185238906N00315477WA014690164400110
B1425195238912N00315457WA014740164900109
B1425205238919N00315438WA014790165300109
B1425215238927N00315420WA014830165600110
B1425225238935N00315404WA014880165900110
B1425235238943N00315389WA014900166200110
B1425245238953N00315376WA014920166500110
B1425255238963N00315365WA014950166700110
B1425265238974N00315357WA014950166800110
B1425275238985N00315350WA014980167100109
B1425285238995N00315345WA014990167400110
B1425295239006N00315341WA015020167700110
B1425305239016N00315337WA015040167800110
B1425315239027N00315335WA015050167900110
B1425325239038N00315335WA015060167900110
B1425335239049N00315335WA015060168000110
B1425345239060N00315338WA015070168000110
B1425355239071N00315341WA015070168100110
B1425365239082N00315345WA015080168200110
B1425375239093N00315350WA015090168300110
B1425385239103N00315356WA015100168300110
B1425395239113N00315363WA015100168300110
B1425405239124N00315371WA015090168100110
B1425415239134N00315379WA015080167900110
B1425425239145N00315387WA015060167700110
B1425435239157N00315395WA015040167700110
B1425445239169N00315404WA015040167700110
B1425455239181N00315413WA015040167800110
B1425465239193N00315423WA015050168000110
B1425475239205N00315433WA015080168200110
B1425485239217N00315444WA015100168300110
B1425495239229N00315455WA015110168400110
B1425505239241N00315466WA015120168500110
B1425515239253N00315478WA015120168500110
B1425525239264N00315490WA015120168500110
B1425535239276N00315502WA015120168600110
B1425545239287N00315515WA015140168700110
B1425555239298N00315527WA015150168800110
LFLA14255603srurjomnv]#c_b
B1425565239309N00315539WA015170169000110
B1425575239320N00315551WA015190169200110
B1425585239330N00315564WA015200169300110
B1425595239340N00315576WA015210169300110
B1426005239350N00315588WA015200169300110
B1426015239360N00315599WA015200169200110
B1426025239371N00315610WA015190169100110
B1426035239381N00315622WA015200169100110
B1426045239391N00315633WA015190169100110
B1426055239401N00315644WA015190169200110
B1426065239411N00315655WA015190169200110
B1426075239421N00315666WA015200169100110
B1426085239431N00315677WA015190169000110
B1426095239442N00315688WA015170168900110
B1426105239452N00315701WA015160168700110
B1426115239462N00315714WA015140168500110
B1426125239472N00315727WA015120168400110
B1426135239482N00315741WA015100168300110
B1426145239492N00315755WA015100168200110
B1426155239501N00315770WA015070168100110
B1426165239510N00315785WA015070168100110
B1426175239519N00315800WA015070168100110
B1426185239528N00315814WA015070168100110
B1426195239537N00315829WA015070168000110
B1426205239546N00315844WA015070168000110
B1426215239555N00315860WA015060167800110
B1426225239563N00315875WA015040167400110
B1426235239572N00315891WA015020167100110
B1426245239581N00315907WA014990166900110
B1426255239591N00315923WA014960166700110
B1426265239600N00315939WA014940166600110
B1426275239609N00315955WA014920166300110
B1426285239619N00315972WA014900166100110
B1426295239629N00315988WA014880165900110
B1426305239638N00316004WA014870165700110
B1426315239648N00316021WA014870165500110
B1426325239658N00316038WA014840165300110
B1426335239668N00316055WA014810165100110
B1426345239677N00316074WA014790164900110
B1426355239687N00316092WA014780164700110
B1426365239697N00316111WA014770164600110
B1426375239707N00316129WA014750164500110
B1426385239717N00316148WA014730164400110
LFLA142639AZNSTAT 0 0
B1426395239727N00316166WA014720164400110
B1426405239737N00316184WA014730164300110
B1426415239748N00316203WA014710164100110
B1426425239758N00316221WA014700164000110
B1426435239769N00316240WA014680163900110
B1426445239780N00316258WA014680163800110
B1426455239790N00316276WA014670163600110
B1426465239802N00316295WA014660163500110
B1426475239813N00316313WA014640163400110
B1426485239824N00316332WA014630163500110
B1426495239835N00316350WA014630163500110
B1426505239846N00316370WA014650163800110
B1426515239857N00316389WA014670164200110
B1426525239867N00316408WA014720164600110
B1426535239877N00316426WA014770165100110
B1426545239887N00316443WA014810165500110
B1426555239896N00316459WA014850165900110
LFLA14265603srruidfe]wvqup
B1426565239905N00316475WA014890166200110
B1426575239915N00316490WA014890166400110
B1426585239924N00316504WA014900166500110
B1426595239933N00316519WA014910166500110
B1427005239943N00316534WA014910166500110
B1427015239953N00316550WA014910166400110
B1427025239962N00316565WA014910166500110
B1427035239972N00316580WA014920166600110
B1427045239982N00316596WA014930166700110
B1427055239992N00316611WA014940166800110
B1427065240002N00316626WA014960166900110
B1427075240012N00316641WA014960167000110
B1427085240021N00316656WA014970167100110
B1427095240031N00316671WA014990167200110
B1427105240041N00316686WA014990167200110
B1427115240050N00316701WA014990167200110
B1427125240059N00316717WA014990167200110
B1427135240069N00316732WA014990167100110
B1427145240078N00316747WA014980167000110
B1427155240088N00316762WA014970166800110
B1427165240098N00316778WA014940166600110
B1427175240108N00316795WA014930166500110
B1427185240119N00316811WA014910166400110
B1427195240129N00316828WA014900166200110
B1427205240140N00316845WA014890166000110
B1427215240150N00316863WA014870165800110
B1427225240162N00316880WA014850165700110
B1427235240173N00316897WA014850165600110
B1427245240184N00316914WA014840165600110
B1427255240195N00316931WA014840165700110
B1427265240206N00316948WA014850165700110
B1427275240217N00316964WA014860165700110
B1427285240227N00316981WA014850165600110
B1427295240237N00316998WA014850165500110
LFLA142729RFC 31701 36885 494 0 0
B1427305240248N00317015WA014820165300110
B1427315240258N00317032WA014800165100110
B1427325240268N00317049WA014790165000110
B1427335240279N00317067WA014790165000110
B1427345240290N00317084WA014790165000110
B1427355240301N00317101WA014790165100110
B1427365240311N00317119WA014790165100110
B1427375240322N00317136WA014800165100110
B1427385240333N00317153WA014790165200110
B1427395240344N00317169WA014790165200110
B1427405240355N00317186WA014800165200110
B1427415240365N00317203WA014800165100110
B1427425240376N00317220WA014790165100110
B1427435240386N00317237WA014780165000110
B1427445240397N00317254WA014780164900110
B1427455240407N00317272WA014760164700110
B1427465240418N00317290WA014730164500110
B1427475240429N00317308WA014720164300110
B1427485240440N00317326WA014700164100110
B1427495240450N00317345WA014700163900110
B1427505240461N00317365WA014670163800110
B1427515240472N00317385WA014660163700110
B1427525240483N00317405WA014650163600110
B1427535240494N00317425WA014640163600110
B1427545240505N00317445WA014640163600110
B1427555240516N00317465WA014640163700110
LFLA14275603srrulqkpx[Zead
B1427565240527N00317484WA014650163700110
B1427575240537N00317504WA014660163900110
B1427585240546N00317523WA014670164200110
B1427595240555N00317541WA014700164400110
F14275930070406291105211609
B1428005240564N00317559WA014720164400110
B1428015240572N00317577WA014720164400110
B1428025240580N00317595WA014720164300110
B1428035240588N00317613WA014710164200110
B1428045240596N00317630WA014710164200110
B1428055240604N00317648WA014690164200110
B1428065240613N00317664WA014710164300110
B1428075240621N00317680WA014710164500110
B1428085240629N00317696WA014720164700110
B1428095240637N00317711WA014740164700110
B1428105240645N00317727WA014740164700110
B1428115240653N00317743WA014730164600110
B1428125240661N00317760WA014730164600110
B1428135240668N00317778WA014720164500110
B1428145240674N00317797WA014720164400110
B1428155240680N00317818WA014720164300110
B1428165240685N00317840WA014710164200110
B1428175240689N00317863WA014710164200110
B1428185240692N00317886WA014700164100109
B1428195240694N00317909WA014690163900109
B1428205240696N00317933WA014670163700109
B1428215240697N00317958WA014660163800110
B1428225240698N00317982WA014670164100109
B1428235240699N00318007WA014710164300109
B1428245240700N00318032WA014730164400109
B1428255240705N00318055WA014750164500110
B1428265240712N00318073WA014750164700110
B1428275240723N00318086WA014760164800110
B1428285240736N00318091WA014760164700109
B1428295240750N00318090WA014770164700109
B1428305240764N00318082WA014750164400110
B1428315240776N00318067WA014730164200110
B1428325240786N00318047WA014710164100110
B1428335240791N00318022WA014700163900110
B1428345240793N00317994WA014680163800110
B1428355240790N00317966WA014670163800110
B1428365240783N00317940WA014670163800110
B1428375240773N00317917WA014660163700109
B1428385240760N00317897WA014640163600109
B1428395240744N00317884WA014630163400108
B1428405240727N00317878WA014600163200108
B1428415240709N00317881WA014600163000108
B1428425240693N00317890WA014580163000109
B1428435240678N00317905WA014570163000109
B1428445240664N00317924WA014560163000109
B1428455240653N00317946WA014560162900110
B1428465240644N00317970WA014550163000110
B1428475240634N00317995WA014580163400110
B1428485240624N00318019WA014620163800110
B1428495240615N00318042WA014660164200110
B1428505240608N00318066WA014710164500110
B1428515240604N00318092WA014730164600110
B1428525240606N00318116WA014740164600110
B1428535240615N00318135WA014730164400110
B1428545240629N00318145WA014730164200110
B1428555240644N00318144WA014710163900110
LFLA14285603srrulqkpx%_h#i
B1428565240658N00318132WA014680163800109
B1428575240667N00318110WA014650163800109
B1428585240669N00318083WA014660163900110
B1428595240662N00318057WA014680164100109
B1429005240650N00318038WA014700164300109
B1429015240633N00318027WA014710164500209
B1429025240615N00318027WA014720164700209
B1429035240599N00318036WA014730164900208
B1429045240584N00318052WA014750164900209
B1429055240572N00318074WA014770165100209
B1429065240564N00318099WA014780165300209
B1429075240559N00318126WA014780165700209
B1429085240557N00318153WA014810166000209
B1429095240557N00318178WA014870166000210
B1429105240562N00318200WA014870166100210
B1429115240573N00318216WA014880166000210
B1429125240586N00318222WA014880165800210
B1429135240601N00318218WA014850165500210
B1429145240614N00318204WA014810165300210
B1429155240623N00318183WA014800165300210
B1429165240628N00318158WA014800165500110
B1429175240628N00318132WA014830165600110
B1429185240623N00318107WA014830165700210
B1429195240611N00318087WA014840165700208
B1429205240596N00318075WA014840165800209
B1429215240578N00318073WA014830165900209
B1429225240561N00318082WA014840166000210
B1429235240548N00318100WA014860166200209
B1429245240540N00318124WA014870166400209
B1429255240537N00318151WA014890166500209
B1429265240538N00318176WA014910166900210
B1429275240542N00318198WA014940167400210
B1429285240548N00318218WA015000167700210
B1429295240554N00318235WA015030167900210
B1429305240561N00318251WA015040167900110
B1429315240568N00318266WA015030167800110
B1429325240575N00318281WA015020167600110
B1429335240583N00318294WA015020167500110
B1429345240592N00318307WA015010167300110
B1429355240601N00318319WA014980167000110
B1429365240610N00318331WA014950166600110
B1429375240621N00318342WA014900166000110
B1429385240632N00318354WA014860165400110
B1429395240644N00318365WA014800164900110
B1429405240656N00318376WA014750164500110
B1429415240669N00318388WA014700164100110
B1429425240682N00318399WA014680163900110
B1429435240696N00318410WA014650163700110
B1429445240710N00318420WA014630163500110
B1429455240724N00318430WA014610163400110
B1429465240738N00318439WA014610163400110
B1429475240752N00318449WA014600163300110
B1429485240766N00318458WA014600163300110
B1429495240780N00318467WA014600163100110
B1429505240795N00318477WA014580163000110
B1429515240809N00318487WA014570162900110
B1429525240823N00318497WA014560162700110
B1429535240838N00318507WA014540162700110
B1429545240852N00318518WA014540162600110
B1429555240866N00318529WA014520162500110
LFLA14295603srrumpjqy%_h#i
B1429565240880N00318540WA014520162500110
B1429575240895N00318552WA014510162400110
B1429585240909N00318563WA014500162300110
B1429595240923N00318576WA014500162200110
B1430005240937N00318589WA014490162100110
B1430015240951N00318603WA014480162000110
B1430025240965N00318617WA014470162000110
B1430035240978N00318632WA014460162000110
B1430045240991N00318648WA014460162000110
B1430055241003N00318663WA014460162100110
B1430065241015N00318679WA014470162100110
B1430075241027N00318694WA014480162200110
B1430085241039N00318708WA014480162200110
B1430095241051N00318722WA014480162200110
B1430105241063N00318736WA014490162200110
B1430115241075N00318749WA014490162200110
B1430125241087N00318761WA014480162200110
B1430135241099N00318774WA014480162100110
B1430145241111N00318787WA014480162100110
B1430155241123N00318800WA014480162100110
B1430165241135N00318813WA014480162100110
B1430175241146N00318826WA014480162100110
B1430185241158N00318839WA014480162000110
B1430195241169N00318853WA014470162000110
B1430205241181N00318866WA014460161900110
B1430215241192N00318880WA014450161800110
B1430225241203N00318894WA014450161700110
B1430235241215N00318908WA014440161700110
B1430245241226N00318922WA014440161600110
B1430255241237N00318936WA014440161500110
B1430265241248N00318950WA014430161400110
B1430275241259N00318964WA014420161300110
B1430285241270N00318978WA014410161100110
B1430295241281N00318992WA014390161000110
B1430305241292N00319006WA014370160800110
B1430315241303N00319020WA014360160600110
B1430325241314N00319034WA014330160400110
B1430335241325N00319049WA014310160200110
B1430345241336N00319064WA014290160000110
B1430355241347N00319079WA014260159800110
B1430365241357N00319094WA014240159500110
B1430375241368N00319110WA014240159200110
B1430385241378N00319126WA014210158900110
B1430395241388N00319143WA014180158600110
B1430405241398N00319159WA014140158200110
B1430415241408N00319176WA014100157900110
B1430425241419N00319193WA014060157500110
B1430435241429N00319210WA014020157100110
B1430445241439N00319227WA013990156800110
B1430455241450N00319243WA013950156500110
B1430465241460N00319260WA013910156100110
B1430475241471N00319276WA013870155700110
B1430485241482N00319292WA013830155200110
B1430495241493N00319308WA013780154700110
B1430505241504N00319325WA013780154400110
B1430515241515N00319341WA013740154100110
B1430525241526N00319358WA013710153900110
B1430535241537N00319375WA013690153600110
B1430545241549N00319393WA013660153400110
LFLA143055AZNSTAT 0 0
B1430555241560N00319410WA013640153300110
LFLA14305603srrumpjqy#]b%c
B1430565241572N00319427WA013630153300110
B1430575241584N00319444WA013620153200110
B1430585241595N00319462WA013620153100110
B1430595241607N00319480WA013610153000110
B1431005241619N00319499WA013610153000110
B1431015241631N00319517WA013610153100110
B1431025241642N00319536WA013620153400110
B1431035241653N00319554WA013620153700110
B1431045241664N00319572WA013660154000110
B1431055241674N00319589WA013680154200110
B1431065241684N00319607WA013700154300110
B1431075241694N00319624WA013730154400110
B1431085241703N00319641WA013730154400110
B1431095241713N00319658WA013730154400110
B1431105241723N00319675WA013730154400110
B1431115241732N00319692WA013730154400110
B1431125241742N00319709WA013720154400110
B1431135241751N00319726WA013730154300110
B1431145241761N00319743WA013720154400110
B1431155241770N00319760WA013740154500110
B1431165241780N00319777WA013740154800110
B1431175241789N00319794WA013760155100110
B1431185241799N00319810WA013790155400110
B1431195241808N00319825WA013820155700110
B1431205241817N00319840WA013850155800110
B1431215241826N00319855WA013860155900110
B1431225241835N00319870WA013870156000110
B1431235241844N00319885WA013880156100110
B1431245241853N00319900WA013890156200110
B1431255241862N00319915WA013900156300110
B1431265241871N00319929WA013920156500110
B1431275241880N00319943WA013940156700110
B1431285241889N00319956WA013970157000110
B1431295241898N00319969WA013970157200110
B1431305241907N00319980WA013990157400110
B1431315241917N00319991WA014010157500110
B1431325241926N00320002WA014020157600110
B1431335241936N00320012WA014030157500110
B1431345241945N00320022WA014010157300110
B1431355241956N00320032WA013990157100110
B1431365241966N00320043WA013970156800110
B1431375241977N00320055WA013940156600110
B1431385241989N00320067WA013920156400110
B1431395242000N00320080WA013910156300110
B1431405242012N00320093WA013910156500110
B1431415242023N00320106WA013930156600110
B1431425242034N00320120WA013930156600110
B1431435242045N00320133WA013940156700110
B1431445242057N00320146WA013940156700110
B1431455242068N00320160WA013940156700110
LFLA143145RFC 32213 36885 494 0 0
B1431465242079N00320173WA013950156600110
B1431475242091N00320188WA013940156600110
B1431485242102N00320202WA013930156500110
B1431495242113N00320216WA013920156400110
B1431505242125N00320231WA013910156300110
B1431515242136N00320245WA013900156200110
B1431525242148N00320260WA013890156200110
B1431535242160N00320274WA013900156200110
B1431545242171N00320288WA013900156300110
B1431555242183N00320302WA013910156500110
LFLA14315603srurknlow[Zead
B1431565242195N00320315WA013920156700110
B1431575242207N00320328WA013940156700110
B1431585242219N00320341WA013940156700110
B1431595242231N00320353WA013950156800110
B1432005242242N00320366WA013950156800110
B1432015242254N00320379WA013950156800110
B1432025242266N00320391WA013950156700110
B1432035242278N00320404WA013950156700110
B1432045242290N00320416WA013940156600110
B1432055242302N00320429WA013930156400110
B1432065242315N00320441WA013900156200110
B1432075242327N00320454WA013900156000110
B1432085242339N00320466WA013880155800110
B1432095242352N00320478WA013850155500110
B1432105242365N00320490WA013830155300110
B1432115242378N00320502WA013810155000110
B1432125242391N00320515WA013790154800110
B1432135242403N00320527WA013760154600110
B1432145242416N00320540WA013740154400110
B1432155242429N00320554WA013730154300110
B1432165242442N00320567WA013720154200110
B1432175242455N00320579WA013710154200110
B1432185242469N00320587WA013710154400110
B1432195242482N00320594WA013730154700110
B1432205242496N00320598WA013730154900110
B1432215242509N00320600WA013750154900110
B1432225242522N00320602WA013770154700110
B1432235242536N00320603WA013750154600110
B1432245242549N00320605WA013730154500110
B1432255242563N00320608WA013730154600110
B1432265242577N00320610WA013750154900110
B1432275242589N00320612WA013780155400110
B1432285242602N00320614WA013830155800110
B1432295242614N00320615WA013860156000110
B1432305242626N00320617WA013880156100110
B1432315242638N00320618WA013890156200110
B1432325242650N00320619WA013900156300110
B1432335242662N00320621WA013900156400110
B1432345242675N00320622WA013910156500110
B1432355242687N00320622WA013930156600110
B1432365242700N00320622WA013930156600110
B1432375242712N00320622WA013940156700110
B1432385242725N00320622WA013950156700110
B1432395242738N00320622WA013950156600110
B1432405242750N00320622WA013930156400110
B1432415242763N00320622WA013910156200110
B1432425242775N00320623WA013890156000110
B1432435242788N00320624WA013870155900110
B1432445242801N00320626WA013860155800110
B1432455242814N00320627WA013860155800110
B1432465242827N00320629WA013860155900110
B1432475242840N00320631WA013870156100110
B1432485242852N00320633WA013890156300110
B1432495242865N00320635WA013920156600110
B1432505242878N00320636WA013950157000110
B1432515242890N00320638WA013980157400110
B1432525242903N00320641WA014030157800110
B1432535242915N00320645WA014080158200110
B1432545242927N00320651WA014120158300110
B1432555242937N00320663WA014130158400110
LFLA14325603srurbgef%utkwj
B1432565242945N00320681WA014140158500110
B1432575242949N00320704WA014150158700110
B1432585242948N00320729WA014180158900109
B1432595242942N00320753WA014180159300110
F14325930070406291105211609
B1433005242932N00320773WA014220159600110
B1433015242918N00320787WA014250160000110
B1433025242902N00320794WA014280160400110
B1433035242885N00320792WA014320160700110
B1433045242870N00320783WA014360161100110
B1433055242857N00320768WA014390161400110
B1433065242848N00320747WA014430161600110
B1433075242842N00320724WA014440161700110
B1433085242841N00320701WA014450161600109
B1433095242844N00320678WA014440161500109
B1433105242852N00320659WA014430161300110
B1433115242863N00320645WA014430161200109
B1433125242877N00320639WA014430161200110
B1433135242892N00320640WA014420161400110
B1433145242905N00320650WA014440161500110
B1433155242915N00320667WA014450161800110
B1433165242920N00320690WA014470162000110
B1433175242919N00320715WA014490162300109
B1433185242912N00320740WA014520162500110
B1433195242899N00320760WA014550162800110
B1433205242883N00320771WA014570163100110
B1433215242865N00320773WA014600163400110
B1433225242849N00320764WA014650163700110
B1433235242836N00320746WA014690164000110
B1433245242827N00320722WA014720164300110
B1433255242824N00320697WA014720164300109
B1433265242827N00320672WA014730164200110
B1433275242835N00320651WA014710164000110
B1433285242847N00320636WA014700163900110
B1433295242862N00320631WA014700164000110
B1433305242877N00320638WA014720164100110
B1433315242888N00320655WA014730164300110
B1433325242893N00320679WA014740164500110
B1433335242891N00320705WA014780164900109
B1433345242881N00320728WA014800165200110
B1433355242866N00320743WA014830165600110
B1433365242849N00320748WA014880166100110
B1433375242832N00320742WA014910166500110
B1433385242819N00320727WA014910166800110
B1433395242809N00320706WA014940167000109
B1433405242804N00320681WA014970166900110
B1433415242805N00320656WA014960166800109
B1433425242812N00320633WA014960166600109
B1433435242824N00320617WA014940166500109
B1433445242839N00320609WA014930166500110
B1433455242854N00320612WA014940166600110
B1433465242868N00320622WA014940166800110
B1433475242880N00320639WA014980167000110
B1433485242887N00320661WA015010167200110
B1433495242888N00320687WA015030167300110
B1433505242882N00320713WA015040167500110
B1433515242870N00320733WA015040167800110
B1433525242853N00320744WA015050168000109
B1433535242835N00320745WA015070168200110
B1433545242819N00320735WA015100168500110
B1433555242807N00320716WA015140168700108
LFLA14335603tutsbgef%srmyl
B1433565242801N00320690WA015170168900210
B1433575242802N00320663WA015180169100209
B1433585242810N00320640WA015200169100110
B1433595242822N00320626WA015200169100110
B1434005242838N00320621WA015210169100110
B1434015242853N00320628WA015210169300110
B1434025242864N00320643WA015230169500110
B1434035242871N00320666WA015250169700110
B1434045242872N00320692WA015250170000110
B1434055242866N00320716WA015280170400110
B1434065242855N00320736WA015310170900110
B1434075242840N00320748WA015370171400109
B1434085242824N00320753WA015420171600110
B1434095242807N00320751WA015440171700110
B1434105242792N00320741WA015440171700110
B1434115242780N00320723WA015460171700110
B1434125242772N00320700WA015460171800110
B1434135242769N00320674WA015470171900109
B1434145242770N00320650WA015470171800110
B1434155242777N00320628WA015460171700109
B1434165242788N00320610WA015460171700109
B1434175242802N00320600WA015460171700110
B1434185242817N00320596WA015470171900110
B1434195242832N00320598WA015480172000110
B1434205242846N00320606WA015490172100110
B1434215242858N00320620WA015500172300110
B1434225242866N00320640WA015520172600110
B1434235242869N00320663WA015540172700110
B1434245242868N00320688WA015550172800110
B1434255242861N00320712WA015560172900110
B1434265242850N00320732WA015570173100110
B1434275242836N00320746WA015590173300109
B1434285242819N00320753WA015620173500110
B1434295242801N00320752WA015640173700110
B1434305242785N00320743WA015640174000109
B1434315242771N00320727WA015670174200109
B1434325242760N00320706WA015700174400110
B1434335242753N00320681WA015720174500109
B1434345242751N00320654WA015740174500110
B1434355242755N00320628WA015740174400110
B1434365242764N00320606WA015730174200110
B1434375242777N00320590WA015710174200110
B1434385242792N00320581WA015710174200110
B1434395242808N00320581WA015720174300110
B1434405242824N00320588WA015730174500110
B1434415242837N00320602WA015750174700110
B1434425242847N00320622WA015780174900110
B1434435242853N00320646WA015780175100110
B1434445242856N00320672WA015800175300110
B1434455242855N00320698WA015830175600110
B1434465242850N00320723WA015860175900110
B1434475242839N00320743WA015890176400110
B1434485242826N00320758WA015920176700110
B1434495242810N00320766WA015950177000110
B1434505242794N00320765WA015980177200110
B1434515242778N00320757WA016000177300110
B1434525242764N00320741WA016010177400110
B1434535242754N00320720WA016020177500110
B1434545242748N00320695WA016050177700109
B1434555242747N00320668WA016070178000109
LFLA14345603srrulqkpx[Zead
B1434565242750N00320643WA016070178100110
B1434575242756N00320619WA016090178200110
B1434585242765N00320598WA016100178100110
B1434595242778N00320584WA016100178200109
B1435005242793N00320576WA016100178300110
B1435015242808N00320575WA016110178400110
B1435025242822N00320581WA016120178500110
B1435035242835N00320594WA016140178700110
B1435045242844N00320612WA016160178900110
B1435055242850N00320634WA016170179000110
B1435065242851N00320659WA016180179000110
B1435075242847N00320683WA016190179100110
B1435085242840N00320706WA016210179200110
B1435095242829N00320726WA016210179400110
B1435105242817N00320744WA016220179700110
LFLA143511AZNSTAT 0 0
B1435115242805N00320761WA016260180200110
B1435125242793N00320777WA016300180500110
B1435135242782N00320794WA016340180800110
B1435145242772N00320813WA016360181200110
B1435155242764N00320833WA016390181400110
B1435165242758N00320855WA016420181700110
B1435175242754N00320878WA016440181900110
B1435185242753N00320901WA016460182100110
B1435195242754N00320925WA016490182200110
B1435205242756N00320948WA016500182200110
B1435215242760N00320971WA016490182200110
B1435225242765N00320994WA016490182100110
B1435235242770N00321016WA016490182200110
B1435245242775N00321038WA016480182100110
B1435255242780N00321060WA016490182100110
B1435265242786N00321082WA016500182100110
B1435275242791N00321105WA016490182000110
B1435285242796N00321128WA016470181700110
B1435295242801N00321151WA016440181400109
B1435305242806N00321176WA016410181000108
B1435315242812N00321201WA016380180700108
B1435325242817N00321228WA016340180400108
B1435335242822N00321254WA016320180200108
B1435345242827N00321282WA016320180100109
B1435355242832N00321309WA016320180300109
B1435365242836N00321336WA016320180600109
B1435375242839N00321363WA016350181100109
B1435385242842N00321388WA016400181500109
B1435395242844N00321412WA016440181900110
B1435405242846N00321437WA016480182200110
B1435415242848N00321460WA016510182300109
B1435425242850N00321484WA016510182300110
B1435435242851N00321507WA016510182200109
B1435445242852N00321531WA016500182000109
B1435455242853N00321555WA016470181800109
B1435465242854N00321578WA016450181600109
B1435475242856N00321603WA016420181300110
B1435485242857N00321627WA016420181100110
B1435495242859N00321652WA016400180800110
B1435505242860N00321677WA016370180500110
B1435515242862N00321703WA016350180600110
B1435525242864N00321728WA016350181000110
B1435535242865N00321752WA016390181500110
B1435545242866N00321775WA016440181800110
B1435555242867N00321797WA016460181900110
LFLA14355603srruknlow#]b%c
B1435565242868N00321818WA016480182100110
B1435575242869N00321839WA016490182200110
B1435585242870N00321860WA016500182200110
B1435595242872N00321881WA016500182100110
B1436005242873N00321902WA016470181800110
B1436015242875N00321924WA016470181400110
LFLA143601RFC 32725 36885 494 0 0
B1436025242876N00321946WA016430181100110
B1436035242878N00321969WA016390180800109
B1436045242880N00321992WA016370180700109
B1436055242882N00322015WA016350180600109
B1436065242884N00322039WA016350180600110
B1436075242886N00322062WA016340180600110
B1436085242889N00322086WA016350180500110
B1436095242891N00322109WA016330180300110
B1436105242893N00322133WA016310180000109
B1436115242895N00322157WA016280179700109
B1436125242897N00322181WA016250179400109
B1436135242900N00322205WA016230179200110
B1436145242902N00322228WA016230179000110
B1436155242905N00322252WA016210178700109
B1436165242908N00322276WA016170178500109
B1436175242912N00322299WA016150178400109
B1436185242917N00322322WA016140178300109
B1436195242921N00322345WA016130178300109
B1436205242926N00322368WA016130178200109
B1436215242931N00322390WA016120178000109
B1436225242936N00322413WA016090177900108
B1436235242940N00322436WA016070177700108
B1436245242945N00322459WA016060177400110
B1436255242951N00322482WA016030177200109
B1436265242956N00322506WA016010177000109
B1436275242962N00322529WA016010176800109
B1436285242967N00322553WA015990176600110
B1436295242973N00322577WA015970176500110
B1436305242980N00322602WA015950176300110
B1436315242986N00322626WA015940176200110
B1436325242992N00322651WA015930176100110
B1436335242999N00322676WA015920176100110
B1436345243005N00322701WA015920176000110
B1436355243011N00322726WA015900175900110
B1436365243018N00322751WA015900175800110
B1436375243024N00322776WA015890175700110
B1436385243030N00322801WA015880175700110
B1436395243036N00322826WA015880175600110
B1436405243043N00322851WA015880175500109
B1436415243049N00322875WA015870175400110
B1436425243056N00322899WA015860175300110
B1436435243063N00322923WA015850175200110
B1436445243069N00322947WA015840175000110
B1436455243076N00322971WA015830174900110
B1436465243083N00322994WA015820174700110
B1436475243090N00323017WA015800174600110
B1436485243097N00323039WA015780174500110
B1436495243105N00323060WA015770174400109
B1436505243113N00323080WA015760174200109
B1436515243122N00323100WA015740174100109
B1436525243132N00323119WA015730174100109
B1436535243141N00323138WA015730174000108
B1436545243150N00323157WA015720174000108
B1436555243158N00323176WA015730174000108
LFLA14365603srrumpjqy#]b%c
B1436565243167N00323194WA015720173800108
B1436575243177N00323212WA015700173600108
B1436585243186N00323230WA015670173300109
B1436595243195N00323247WA015640173000109
B1437005243205N00323265WA015600172700109
B1437015243215N00323283WA015570172400109
B1437025243225N00323300WA015540172200109
B1437035243235N00323319WA015500171900109
B1437045243244N00323337WA015470171600109
B1437055243254N00323355WA015450171400109
B1437065243264N00323373WA015450171200109
B1437075243274N00323392WA015430171100109
B1437085243284N00323410WA015420171000109
B1437095243294N00323428WA015400170900109
B1437105243304N00323446WA015390170800109
B1437115243313N00323463WA015390170700109
B1437125243323N00323480WA015370170600110
B1437135243333N00323497WA015360170500110
B1437145243343N00323513WA015360170500110
B1437155243353N00323529WA015350170500110
B1437165243363N00323544WA015340170400110
B1437175243373N00323558WA015340170300110
B1437185243383N00323573WA015320170200110
B1437195243393N00323587WA015320170100110
B1437205243404N00323600WA015300170000110
B1437215243414N00323614WA015290169900110
B1437225243425N00323627WA015270169700110
B1437235243435N00323641WA015260169600110
B1437245243445N00323654WA015240169500110
B1437255243455N00323667WA015220169300110
B1437265243465N00323681WA015210169200110
B1437275243476N00323695WA015190169000110
B1437285243486N00323709WA015180169000110
B1437295243496N00323723WA015180169000110
B1437305243506N00323738WA015190169000110
B1437315243517N00323753WA015190169000110
B1437325243527N00323767WA015190169300110
B1437335243537N00323781WA015200169800110
B1437345243547N00323793WA015250170300110
B1437355243555N00323806WA015310170700110
B1437365243563N00323818WA015350171100110
B1437375243571N00323829WA015390171200110
B1437385243579N00323840WA015410171200110
B1437395243587N00323852WA015400171000110
B1437405243595N00323863WA015380170800110
B1437415243604N00323875WA015370170800110
B1437425243613N00323887WA015360170800110
B1437435243622N00323899WA015370170900110
B1437445243631N00323911WA015370171000110
B1437455243639N00323923WA015380171000110
B1437465243648N00323935WA015390171100110
B1437475243657N00323947WA015390171100110
B1437485243665N00323959WA015400171200110
B1437495243674N00323970WA015410171300110
B1437505243683N00323982WA015410171400110
B1437515243691N00323993WA015420171500110
B1437525243700N00324005WA015430171500110
B1437535243708N00324016WA015430171500110
B1437545243716N00324028WA015420171400110
B1437555243725N00324040WA015420171400110
LFLA14375603srrunkqjr_%i]h
B1437565243733N00324052WA015410171200110
B1437575243742N00324064WA015410171100111
B1437585243751N00324076WA015390170900111
B1437595243760N00324088WA015370170800111
F1437593007200406291105211609
B1438005243770N00324100WA015360170700111
B1438015243780N00324111WA015350170600111
B1438025243789N00324122WA015340170600111
B1438035243799N00324134WA015330170500111
B1438045243809N00324145WA015330170400111
B1438055243820N00324156WA015310170200111
B1438065243830N00324167WA015290170100111
B1438075243841N00324178WA015260169900111
B1438085243852N00324190WA015240169700111
B1438095243863N00324202WA015210169500111
B1438105243874N00324215WA015210169300111
B1438115243886N00324228WA015200169100111
B1438125243897N00324242WA015180168900111
B1438135243909N00324256WA015170168800111
B1438145243920N00324270WA015160168900111
B1438155243931N00324283WA015160168900111
B1438165243943N00324297WA015160168900111
B1438175243954N00324311WA015160168700111
B1438185243966N00324325WA015130168400111
B1438195243977N00324339WA015110168100111
B1438205243989N00324353WA015070167900111
B1438215244002N00324367WA015040167700111
B1438225244014N00324381WA015030167600111
B1438235244027N00324394WA015030167700111
B1438245244040N00324406WA015030168100111
B1438255244052N00324417WA015070168500111
B1438265244064N00324427WA015120169000111
B1438275244076N00324436WA015170169300111
B1438285244087N00324445WA015190169500111
B1438295244098N00324454WA015200169600111
B1438305244109N00324462WA015210169500111
B1438315244120N00324470WA015210169500111
B1438325244132N00324478WA015190169400111
B1438335244143N00324487WA015190169200111
B1438345244155N00324496WA015180169100111
B1438355244167N00324505WA015170169000111
B1438365244179N00324514WA015170168800111
B1438375244192N00324524WA015160168700111
B1438385244204N00324534WA015150168700111
B1438395244217N00324545WA015130168600111
B1438405244229N00324556WA015120168400111
B1438415244241N00324567WA015110168300111
B1438425244254N00324578WA015100168200111
B1438435244266N00324589WA015080168000111
B1438445244279N00324600WA015060167900111
B1438455244291N00324612WA015040167800111
B1438465244304N00324623WA015020167600111
B1438475244317N00324635WA015010167400111
B1438485244330N00324647WA014990167200111
B1438495244343N00324659WA014990166900111
B1438505244357N00324672WA014970166700111
B1438515244370N00324684WA014950166500111
B1438525244384N00324696WA014920166200111
B1438535244398N00324708WA014890166000111
B1438545244412N00324720WA014860165800111
B1438555244427N00324732WA014850165700111
LFLA14385603srurqlnmu%_h#i
B1438565244441N00324745WA014840165600111
B1438575244455N00324757WA014830165500111
B1438585244469N00324768WA014830165400111
B1438595244484N00324780WA014820165300111
B1439005244498N00324791WA014800165200111
B1439015244512N00324803WA014790165100111
B1439025244527N00324814WA014790164900111
B1439035244541N00324826WA014760164700111
B1439045244555N00324837WA014750164500111
B1439055244570N00324849WA014740164300111
B1439065244584N00324861WA014720164100111
B1439075244598N00324873WA014690164000111
B1439085244612N00324886WA014670163900111
B1439095244626N00324900WA014670163900111
B1439105244639N00324914WA014680164000111
B1439115244652N00324928WA014690164100111
B1439125244664N00324942WA014700164300111
B1439135244676N00324956WA014720164400111
B1439145244688N00324970WA014730164500111
B1439155244699N00324984WA014730164600111
B1439165244710N00324998WA014740164500111
B1439175244721N00325011WA014740164500111
B1439185244732N00325025WA014730164400111
B1439195244743N00325039WA014720164300111
B1439205244754N00325052WA014710164300111
B1439215244765N00325066WA014710164200111
B1439225244776N00325079WA014700164100111
B1439235244788N00325092WA014690164100111
B1439245244799N00325105WA014680164000111
B1439255244811N00325118WA014670164000111
B1439265244823N00325130WA014670163900111
LFLA143927AZNSTAT 0 0
B1439275244834N00325143WA014660163800111
B1439285244846N00325157WA014650163700111
B1439295244858N00325170WA014650163600111
B1439305244869N00325184WA014640163500111
B1439315244881N00325197WA014630163500111
B1439325244892N00325211WA014630163500111
B1439335244904N00325224WA014630163400111
B1439345244915N00325238WA014620163200111
B1439355244926N00325252WA014590163200111
B1439365244937N00325267WA014600163100111
B1439375244949N00325283WA014590163000111
B1439385244961N00325298WA014580162900111
B1439395244973N00325312WA014570162800111
B1439405244985N00325326WA014560162800111
B1439415244997N00325340WA014580163000111
B1439425245010N00325353WA014580163200111
B1439435245022N00325364WA014600163600111
B1439445245033N00325375WA014640164000111
B1439455245045N00325384WA014670164200111
B1439465245056N00325393WA014700164200111
B1439475245067N00325402WA014690164100111
B1439485245078N00325412WA014680163800111
B1439495245090N00325421WA014660163600111
B1439505245103N00325431WA014630163400111
B1439515245115N00325441WA014610163200111
B1439525245128N00325452WA014590163100111
B1439535245142N00325462WA014600163100111
B1439545245154N00325472WA014600163200111
B1439555245167N00325482WA014600163200111
LFLA14395603srurjomnv]#c_b
B1439565245179N00325493WA014600163300111
B1439575245192N00325503WA014610163400111
B1439585245204N00325513WA014620163400111
B1439595245216N00325524WA014630163400111
B1440005245228N00325534WA014630163400111
B1440015245240N00325545WA014620163300111
B1440025245252N00325556WA014610163200111
B1440035245264N00325568WA014590163100111
B1440045245276N00325580WA014590163000111
B1440055245287N00325593WA014560162700111
B1440065245299N00325606WA014520162400111
B1440075245311N00325620WA014500162100111
B1440085245324N00325634WA014500161700111
B1440095245336N00325647WA014450161300111
B1440105245349N00325661WA014420160900111
B1440115245361N00325676WA014370160500111
B1440125245374N00325692WA014330160100111
B1440135245386N00325707WA014290159700111
B1440145245398N00325724WA014250159200111
B1440155245410N00325741WA014200158600111
B1440165245423N00325759WA014130158100110
B1440175245436N00325778WA014070157600110
LFLA144017RFC 33237 36885 494 0 0
B1440185245449N00325797WA014020157200110
B1440195245462N00325817WA013980156800110
B1440205245475N00325837WA013960156600110
B1440215245488N00325857WA013960156500110
B1440225245500N00325878WA013950156500110
B1440235245513N00325899WA013940156400110
B1440245245525N00325920WA013940156200110
B1440255245538N00325941WA013900155900110
B1440265245551N00325962WA013890155800110
B1440275245564N00325983WA013880155700110
B1440285245577N00326004WA013860155700110
B1440295245591N00326024WA013870155900110
B1440305245603N00326044WA013900156200110
B1440315245615N00326064WA013930156700110
B1440325245627N00326082WA013970157000110
B1440335245639N00326100WA014000157200111
B1440345245650N00326118WA014000157200111
B1440355245662N00326136WA014010157000111
B1440365245673N00326154WA013990156800110
B1440375245685N00326172WA013970156700110
B1440385245697N00326190WA013960156700110
B1440395245710N00326208WA013960156800110
B1440405245722N00326225WA013970157000110
B1440415245734N00326242WA013990157100110
B1440425245746N00326258WA013990157100110
B1440435245758N00326275WA013990157100110
B1440445245770N00326291WA014000157100110
B1440455245781N00326307WA013990157000110
B1440465245793N00326324WA013980156900110
B1440475245805N00326341WA013980156700110
B1440485245816N00326359WA013960156700110
B1440495245828N00326376WA013960156600110
B1440505245840N00326394WA013940156500110
B1440515245851N00326412WA013930156400110
B1440525245863N00326430WA013930156300110
B1440535245874N00326449WA013920156200110
B1440545245886N00326467WA013900156100110
B1440555245897N00326485WA013890156000110
LFLA14405603srrulqkpx[Zead
B1440565245909N00326502WA013880155900110
B1440575245920N00326520WA013870155800110
B1440585245932N00326537WA013870155800110
B1440595245944N00326554WA013870155800110
B1441005245956N00326571WA013870155700110
B1441015245967N00326588WA013870155700110
B1441025245979N00326604WA013860155700110
B1441035245990N00326622WA013860155700110
B1441045246001N00326639WA013860155700110
B1441055246012N00326656WA013870155700110
B1441065246023N00326674WA013860155700110
B1441075246033N00326692WA013860155700110
B1441085246044N00326710WA013850155600110
B1441095246054N00326728WA013840155500109
B1441105246065N00326746WA013830155300109
B1441115246076N00326764WA013810155100109
B1441125246087N00326782WA013810155000109
B1441135246098N00326800WA013800154800110
B1441145246109N00326818WA013780154700110
B1441155246120N00326836WA013770154500111
B1441165246131N00326854WA013750154500111
B1441175246142N00326872WA013740154500111
B1441185246152N00326889WA013750154600111
B1441195246163N00326906WA013760154700109
B1441205246174N00326923WA013760154600110
B1441215246184N00326939WA013750154500110
B1441225246195N00326956WA013740154300110
B1441235246204N00326974WA013730154200110
B1441245246212N00326994WA013710154000110
B1441255246216N00327017WA013670153600110
B1441265246216N00327043WA013670153200111
B1441275246212N00327070WA013630152800111
B1441285246205N00327096WA013590152300111
B1441295246195N00327121WA013540151800111
B1441305246183N00327146WA013500151600111
B1441315246171N00327171WA013470151500111
B1441325246160N00327196WA013470151600111
B1441335246149N00327221WA013480151700111
B1441345246138N00327245WA013490151700111
B1441355246127N00327270WA013490151800111
B1441365246117N00327294WA013490151800111
B1441375246107N00327318WA013490151900111
B1441385246096N00327342WA013500151900111
B1441395246086N00327365WA013500151800111
B1441405246075N00327389WA013490151800111
B1441415246064N00327413WA013490151700111
B1441425246053N00327437WA013480151400111
B1441435246042N00327461WA013450151000111
B1441445246029N00327485WA013410150700111
B1441455246016N00327509WA013380150500111
B1441465246002N00327532WA013370150500111
B1441475245987N00327552WA013370150500111
B1441485245970N00327570WA013360150400111
B1441495245953N00327585WA013350150200111
B1441505245935N00327597WA013340150100111
B1441515245917N00327607WA013320149900111
B1441525245898N00327614WA013320149800111
B1441535245878N00327618WA013300149700111
B1441545245859N00327619WA013290149500111
B1441555245840N00327618WA013260149200111
LFLA14415603srurlqkpx[Zead
B1441565245821N00327615WA013240148900111
B1441575245802N00327610WA013200148500111
B1441585245783N00327602WA013170148100111
B1441595245763N00327594WA013130147700111
B1442005245744N00327585WA013080147300111
B1442015245724N00327575WA013030146900111
B1442025245705N00327564WA013000146500111
B1442035245685N00327553WA012960146300111
B1442045245665N00327541WA012950146300111
B1442055245646N00327529WA012950146300111
B1442065245626N00327517WA012960146200111
B1442075245607N00327504WA012940146000111
B1442085245588N00327490WA012930145700111
B1442095245570N00327474WA012910145600111
B1442105245552N00327454WA012890145300111
B1442115245534N00327434WA012860144900111
B1442125245518N00327411WA012820144400111
B1442135245502N00327386WA012760143900111
B1442145245487N00327359WA012710143400111
B1442155245473N00327330WA012670143000111
B1442165245460N00327300WA012640142700111
B1442175245447N00327269WA012610142500110
B1442185245433N00327239WA012610142400111
B1442195245420N00327210WA012590142300111
B1442205245407N00327181WA012590142300111
B1442215245393N00327152WA012580142200110
B1442225245380N00327123WA012560142100111
B1442235245366N00327094WA012550142000110
B1442245245353N00327066WA012550141900110
B1442255245340N00327038WA012550141900110
B1442265245327N00327011WA012540141800111
B1442275245313N00326984WA012530141600111
B1442285245300N00326956WA012510141400111
B1442295245286N00326929WA012480141100111
B1442305245272N00326902WA012450140900111
B1442315245258N00326875WA012450140600110
B1442325245243N00326848WA012420140200111
B1442335245229N00326821WA012390139900110
B1442345245213N00326793WA012350139600110
B1442355245198N00326766WA012320139300110
B1442365245181N00326739WA012290139200111
B1442375245164N00326712WA012280139200111
B1442385245148N00326687WA012280139500111
B1442395245132N00326662WA012320139800111
B1442405245116N00326639WA012350140100111
B1442415245100N00326616WA012390140500111
B1442425245084N00326594WA012420140800111
B1442435245069N00326573WA012430140900111
B1442445245054N00326553WA012430140900111
B1442455245039N00326533WA012430140900111
B1442465245023N00326513WA012430140800111
B1442475245008N00326494WA012430140800111
B1442485244992N00326476WA012420140700111
B1442495244977N00326458WA012420140600111
B1442505244961N00326439WA012410140500111
B1442515244946N00326421WA012400140300111
B1442525244930N00326403WA012380140200111
B1442535244915N00326385WA012360140000111
B1442545244899N00326368WA012350139800111
B1442555244884N00326350WA012340139700111
LFLA14425603srrulqkpx[Zead
B1442565244868N00326333WA012320139500111
B1442575244852N00326315WA012320139400111
B1442585244836N00326298WA012290139200111
B1442595244820N00326280WA012280139000111
F1442593007200406291105211609
B1443005244804N00326263WA012270138700111
B1443015244788N00326245WA012250138500111
B1443025244772N00326228WA012220138300111
B1443035244755N00326211WA012190138100111
B1443045244738N00326194WA012170138000111
B1443055244721N00326177WA012160137900111
B1443065244704N00326160WA012160137800111
B1443075244687N00326143WA012150137800111
B1443085244670N00326127WA012160137900111
B1443095244653N00326111WA012170138100111
B1443105244637N00326096WA012170138300111
B1443115244621N00326082WA012200138500111
B1443125244605N00326068WA012210138700111
B1443135244589N00326054WA012230138800111
B1443145244574N00326041WA012240138800111
B1443155244558N00326028WA012240138900111
B1443165244542N00326015WA012250138900111
B1443175244527N00326003WA012250138800111
B1443185244511N00325991WA012250138800111
B1443195244495N00325979WA012240138800111
B1443205244479N00325968WA012250138800111
B1443215244463N00325957WA012240138800111
B1443225244447N00325946WA012240138800111
B1443235244431N00325935WA012240138800111
B1443245244415N00325925WA012240138800111
B1443255244399N00325915WA012230138700111
B1443265244383N00325905WA012220138700111
B1443275244367N00325895WA012220138600111
B1443285244350N00325885WA012210138700111
B1443295244334N00325875WA012220138800111
B1443305244319N00325865WA012240139000111
B1443315244303N00325855WA012250139100111
B1443325244288N00325846WA012260139200111
B1443335244273N00325837WA012260139100111
B1443345244258N00325827WA012250139100111
B1443355244243N00325818WA012240138900111
B1443365244228N00325809WA012240138800111
B1443375244212N00325800WA012230138800111
B1443385244197N00325791WA012220138700111
B1443395244182N00325782WA012210138600111
B1443405244166N00325773WA012200138500111
B1443415244151N00325765WA012190138400111
B1443425244135N00325757WA012180138200111
LFLA144343AZNSTAT 0 0
B1443435244120N00325748WA012160138000111
B1443445244104N00325740WA012130137800111
B1443455244088N00325731WA012110137500111
B1443465244072N00325722WA012080137200111
B1443475244056N00325713WA012070137000111
B1443485244040N00325703WA012050136800111
B1443495244023N00325693WA012050136600111
B1443505244007N00325683WA012010136500111
B1443515243991N00325673WA012000136500111
B1443525243974N00325664WA011990136400111
B1443535243958N00325655WA011990136300111
B1443545243942N00325646WA011970136200111
B1443555243926N00325638WA011960136000111
LFLA14435603srurknlowa`g[f
B1443565243910N00325629WA011930135900111
B1443575243894N00325621WA011910135600111
B1443585243877N00325613WA011890135300111
B1443595243860N00325605WA011860135000111
B1444005243843N00325597WA011830134700111
B1444015243826N00325589WA011800134300111
B1444025243808N00325580WA011800134000111
B1444035243790N00325572WA011770133800111
B1444045243772N00325564WA011730133600111
B1444055243754N00325556WA011710133400111
B1444065243736N00325548WA011700133300111
B1444075243717N00325539WA011690133200111
B1444085243699N00325531WA011680133200111
B1444095243681N00325523WA011670133000111
B1444105243662N00325514WA011650132900111
B1444115243644N00325505WA011630132700111
B1444125243626N00325496WA011610132600111
B1444135243607N00325488WA011600132400111
B1444145243589N00325479WA011590132300111
B1444155243570N00325471WA011590132100111
B1444165243551N00325463WA011580132000111
B1444175243532N00325455WA011580131900111
B1444185243512N00325447WA011560131900111
B1444195243493N00325440WA011560131800111
B1444205243474N00325432WA011550131700111
B1444215243455N00325424WA011540131600111
B1444225243436N00325417WA011540131500111
B1444235243417N00325409WA011520131400111
B1444245243398N00325402WA011510131300111
B1444255243379N00325395WA011500131300111
B1444265243361N00325388WA011490131200111
B1444275243342N00325382WA011490131200111
B1444285243323N00325375WA011490131200111
B1444295243304N00325368WA011490131300111
B1444305243286N00325363WA011490131700111
B1444315243268N00325357WA011540132200111
B1444325243251N00325351WA011590132700111
B1444335243234N00325346WA011630133000111
LFLA144433RFC 33749 36885 494 0 0
B1444345243218N00325340WA011650133200111
B1444355243202N00325334WA011670133300111
B1444365243186N00325328WA011670133400111
B1444375243171N00325322WA011690133500111
B1444385243155N00325316WA011690133500111
B1444395243139N00325309WA011690133400111
B1444405243123N00325303WA011670133300111
B1444415243107N00325297WA011670133300111
B1444425243090N00325291WA011670133300111
B1444435243074N00325285WA011680133400111
B1444445243058N00325278WA011680133400111
B1444455243041N00325272WA011690133500111
B1444465243025N00325266WA011690133500111
B1444475243009N00325260WA011690133600111
B1444485242993N00325253WA011700133600111
B1444495242977N00325246WA011700133600111
B1444505242962N00325239WA011700133700111
B1444515242946N00325233WA011700133700111
B1444525242930N00325227WA011700133600111
B1444535242915N00325221WA011700133600111
B1444545242899N00325215WA011700133600111
B1444555242883N00325210WA011700133500111
LFLA14445603srurjomnv`afZg
B1444565242867N00325204WA011690133500111
B1444575242851N00325199WA011680133500111
B1444585242834N00325194WA011680133500111
B1444595242818N00325189WA011690133500111
B1445005242802N00325184WA011690133700111
B1445015242785N00325179WA011710133800111
B1445025242769N00325174WA011720134000111
B1445035242752N00325168WA011730134100111
B1445045242735N00325163WA011740134100111
B1445055242718N00325157WA011750134200111
B1445065242702N00325151WA011750134200111
B1445075242684N00325145WA011760134300111
B1445085242667N00325139WA011770134300111
B1445095242650N00325133WA011770134300111
B1445105242633N00325127WA011770134300111
B1445115242616N00325121WA011770134300111
B1445125242599N00325114WA011780134300111
B1445135242582N00325108WA011770134300111
B1445145242564N00325102WA011770134200111
B1445155242547N00325096WA011750134100111
B1445165242529N00325090WA011740133900111
B1445175242511N00325084WA011730133900111
B1445185242493N00325078WA011730133900111
B1445195242475N00325072WA011730133800111
B1445205242457N00325066WA011720133600111
B1445215242440N00325060WA011710133500111
B1445225242422N00325054WA011690133300111
B1445235242404N00325049WA011670133100111
B1445245242386N00325044WA011650132900111
B1445255242367N00325039WA011620132700111
B1445265242349N00325034WA011610132500111
B1445275242331N00325030WA011590132300111
B1445285242312N00325025WA011570132200111
B1445295242294N00325020WA011560132000111
B1445305242275N00325015WA011540131800111
B1445315242256N00325009WA011530131700111
B1445325242238N00325004WA011530131500111
B1445335242219N00324998WA011510131400111
B1445345242201N00324992WA011490131200111
B1445355242183N00324984WA011480131100111
B1445365242165N00324976WA011460130900111
B1445375242147N00324968WA011450130800111
B1445385242129N00324959WA011420130600111
B1445395242112N00324950WA011410130400111
B1445405242094N00324941WA011380130100111
B1445415242076N00324932WA011350129900111
B1445425242058N00324922WA011330129600111
B1445435242040N00324912WA011290129300111
B1445445242022N00324902WA011260129100111
B1445455242003N00324891WA011260128900111
B1445465241985N00324880WA011250128900111
B1445475241966N00324868WA011240129000111
B1445485241948N00324857WA011250129300111
B1445495241930N00324847WA011270129600111
B1445505241912N00324836WA011310130000111
B1445515241895N00324827WA011350130200111
B1445525241877N00324817WA011380130400111
B1445535241860N00324807WA011390130500111
B1445545241843N00324798WA011400130600111
B1445555241825N00324788WA011410130700111
LFLA14455603srurjomnvZ[d`e
B1445565241808N00324778WA011420130800111
B1445575241791N00324769WA011440131100111
B1445585241773N00324760WA011440131400111
B1445595241756N00324751WA011480131500111
B1446005241739N00324741WA011510131500111
B1446015241721N00324732WA011510131600111
B1446025241704N00324722WA011520131700111
B1446035241687N00324712WA011520131700111
B1446045241669N00324702WA011520131900111
B1446055241652N00324692WA011540132100111
B1446065241634N00324682WA011560132200111
B1446075241616N00324673WA011570132200111
B1446085241598N00324665WA011570132300111
B1446095241580N00324657WA011580132500111
B1446105241561N00324649WA011590132600111
B1446115241543N00324642WA011590132600111
B1446125241524N00324635WA011600132700111
B1446135241506N00324629WA011610132800111
B1446145241487N00324624WA011620133000111
B1446155241468N00324619WA011630133000111
B1446165241449N00324614WA011650133100111
B1446175241430N00324610WA011660133200111
B1446185241411N00324605WA011660133200111
B1446195241393N00324601WA011660133200111
B1446205241374N00324597WA011660133200111
B1446215241356N00324594WA011670133200111
B1446225241337N00324590WA011660133100111
B1446235241318N00324587WA011640133000111
B1446245241299N00324584WA011640132700111
B1446255241280N00324581WA011620132400111
B1446265241261N00324579WA011590132100111
B1446275241241N00324579WA011560132000111
B1446285241220N00324580WA011540131900111
B1446295241200N00324581WA011540131800111
B1446305241180N00324583WA011540131900111
B1446315241160N00324585WA011540132000111
B1446325241140N00324586WA011550132000111
B1446335241121N00324588WA011550132100111
B1446345241102N00324590WA011550132000111
B1446355241083N00324591WA011540132000111
B1446365241064N00324592WA011530131900111
B1446375241045N00324593WA011530131700111
B1446385241026N00324594WA011520131600111
B1446395241007N00324594WA011500131600111
B1446405240989N00324593WA011510131700111
B1446415240970N00324591WA011510131800111
B1446425240952N00324590WA011520131900111
B1446435240935N00324587WA011530132000111
B1446445240917N00324585WA011540132000111
B1446455240900N00324583WA011530132000111
B1446465240883N00324581WA011530132000111
B1446475240865N00324579WA011530131900111
B1446485240848N00324579WA011520131800111
B1446495240831N00324578WA011510131700111
B1446505240813N00324578WA011510131400111
B1446515240795N00324579WA011500131200111
B1446525240777N00324579WA011470131000111
B1446535240759N00324579WA011450130900111
B1446545240740N00324580WA011430130700111
B1446555240722N00324581WA011400130500111
LFLA14465603srurlqkpx#]b%c
B1446565240703N00324582WA011380130200111
B1446575240685N00324584WA011360130000111
B1446585240666N00324588WA011330129800111
B1446595240647N00324593WA011310129600111
B1447005240629N00324599WA011290129500111
B1447015240610N00324605WA011280129400110
B1447025240591N00324610WA011260129300110
B1447035240572N00324616WA011260129300110
B1447045240553N00324621WA011250129300110
B1447055240534N00324626WA011250129300110
B1447065240516N00324630WA011250129300110
B1447075240497N00324632WA011250129200110
B1447085240479N00324632WA011240129200111
B1447095240460N00324630WA011240129300111
B1447105240442N00324627WA011260129600111
B1447115240425N00324623WA011310130000111
B1447125240408N00324618WA011340130100111
B1447135240391N00324613WA011330129900111
B1447145240375N00324608WA011300129700111
B1447155240358N00324601WA011290129500111
B1447165240341N00324593WA011290129200111
B1447175240323N00324585WA011260129000111
B1447185240306N00324576WA011220128700111
B1447195240289N00324568WA011200128500111
B1447205240271N00324560WA011180128200111
B1447215240253N00324552WA011160127900111
B1447225240235N00324544WA011130127600111
B1447235240217N00324536WA011110127400111
B1447245240199N00324527WA011080127300111
B1447255240182N00324519WA011080127500111
B1447265240165N00324511WA011110127700111
B1447275240149N00324503WA011130127800111
B1447285240133N00324495WA011120127800111
B1447295240117N00324487WA011120127600111
B1447305240102N00324479WA011110127300111
B1447315240085N00324471WA011080127000111
B1447325240069N00324461WA011040126700111
B1447335240053N00324451WA011020126700111
B1447345240037N00324440WA011010126600111
B1447355240020N00324429WA011000126500111
B1447365240004N00324418WA011000126500111
B1447375239987N00324408WA011000126500111
B1447385239971N00324398WA011010126600111
B1447395239954N00324388WA011020126700111
B1447405239937N00324379WA011010126600111
B1447415239921N00324370WA011000126500111
B1447425239904N00324363WA011000126400111
B1447435239888N00324357WA010980126300111
B1447445239871N00324353WA010970126200111
B1447455239854N00324350WA010960126200111
B1447465239837N00324348WA010970126400111
B1447475239821N00324346WA010990126600111
B1447485239805N00324342WA011010126800111
B1447495239789N00324338WA011020126800111
B1447505239773N00324333WA011020126700111
B1447515239757N00324327WA011020126700111
B1447525239741N00324321WA011020126800111
B1447535239724N00324315WA011030126900111
B1447545239707N00324308WA011060127100111
B1447555239690N00324300WA011060127400111
LFLA14475603srurhegd#rslxm
B1447565239673N00324290WA011100127700110
B1447575239658N00324276WA011130128100110
B1447585239645N00324255WA011160128500111
LFLA144759AZNSTAT 0 0
B1447595239637N00324232WA011200129000111
F14475930072004062905211609
B1448005239633N00324206WA011250129500110
B1448015239633N00324181WA011300129900110
B1448025239638N00324158WA011350130300110
B1448035239647N00324140WA011390130700111
B1448045239659N00324128WA011450131200111
B1448055239673N00324124WA011490131600111
B1448065239686N00324129WA011540132100111
B1448075239696N00324143WA011540132500111
B1448085239702N00324164WA011580132800111
B1448095239702N00324188WA011620133000111
B1448105239697N00324213WA011640133100111
B1448115239685N00324235WA011660133200110
B1448125239668N00324249WA011670133400111
B1448135239649N00324253WA011700133700111
B1448145239630N00324245WA011740134300111
B1448155239615N00324227WA011800135000110
B1448165239605N00324203WA011860135600110
B1448175239600N00324175WA011930136200111
B1448185239602N00324148WA012000136700110
B1448195239609N00324126WA012050137300111
B1448205239621N00324110WA012050137800111
B1448215239634N00324103WA012110138300111
B1448225239648N00324104WA012160138700111
B1448235239660N00324115WA012200139100111
B1448245239669N00324133WA012250139400111
B1448255239673N00324156WA012290139700111
B1448265239672N00324182WA012310139800110
B1448275239666N00324208WA012330140000111
B1448285239654N00324231WA012340140300110
B1448295239638N00324248WA012380140600110
B1448305239619N00324256WA012440141100110
B1448315239600N00324255WA012490141600111
B1448325239582N00324244WA012550142200111
B1448335239568N00324224WA012550142700110
B1448345239559N00324198WA012600143200110
B1448355239556N00324170WA012650143700110
B1448365239559N00324143WA012710144200110
B1448375239567N00324121WA012770144600110
B1448385239579N00324108WA012810145100111
B1448395239594N00324103WA012860145500111
B1448405239608N00324108WA012910146000111
B1448415239620N00324121WA012960146500111
B1448425239627N00324142WA013010146900111
B1448435239629N00324167WA013040147100111
B1448445239625N00324194WA013050147100110
B1448455239615N00324218WA013050147100110
B1448465239599N00324235WA013050147200109
B1448475239579N00324244WA013060147500110
B1448485239559N00324241WA013090148000111
B1448495239541N00324228WA013140148700111
LFLA144849RFC 34261 36885 494 0 0
B1448505239527N00324207WA013210149400110
B1448515239518N00324182WA013280150100111
B1448525239514N00324154WA013350150700111
B1448535239517N00324128WA013410151100111
B1448545239525N00324106WA013440151400110
B1448555239537N00324091WA013470151600110
LFLA14485603srrua#%]ekjuqt
B1448565239552N00324086WA013500151900111
B1448575239567N00324090WA013530152300111
B1448585239580N00324103WA013590152800111
B1448595239588N00324123WA013590153400111
B1449005239591N00324147WA013640153900111
B1449015239589N00324173WA013690154200111
B1449025239581N00324198WA013730154400110
B1449035239569N00324219WA013740154500110
B1449045239553N00324234WA013760154800110
B1449055239535N00324241WA013790155100111
B1449065239516N00324239WA013830155500111
B1449075239498N00324228WA013880156100111
B1449085239483N00324209WA013940156800111
B1449095239473N00324186WA014010157300111
B1449105239466N00324160WA014070157800111
B1449115239465N00324133WA014120158200110
B1449125239469N00324108WA014120158500110
B1449135239479N00324088WA014150158800111
B1449145239492N00324075WA014180159000110
B1449155239506N00324070WA014210159300111
B1449165239521N00324075WA014240159500111
B1449175239534N00324088WA014250159800111
B1449185239542N00324110WA014290160200111
B1449195239545N00324136WA014330160600111
B1449205239543N00324163WA014380161000111
B1449215239535N00324188WA014400161200111
B1449225239523N00324210WA014430161500110
B1449235239506N00324225WA014470161800110
B1449245239488N00324231WA014510162100110
B1449255239469N00324227WA014510162600111
B1449265239452N00324214WA014550163200111
B1449275239439N00324192WA014610163800111
B1449285239431N00324166WA014680164500111
B1449295239430N00324139WA014740165100111
B1449305239434N00324114WA014810165600110
B1449315239442N00324093WA014840166000111
B1449325239453N00324078WA014880166300111
B1449335239467N00324072WA014920166500111
B1449345239481N00324075WA014960166800111
B1449355239493N00324087WA014990167100111
B1449365239502N00324105WA015020167400111
B1449375239507N00324129WA015040167600110
B1449385239506N00324156WA015040167800111
B1449395239499N00324182WA015050167800111
B1449405239487N00324205WA015060167800110
B1449415239471N00324222WA015050167800110
B1449425239452N00324230WA015070168000111
B1449435239432N00324229WA015100168300111
B1449445239413N00324218WA015130168700111
B1449455239398N00324199WA015180169200110
B1449465239387N00324173WA015240169800111
B1449475239382N00324144WA015280170200111
B1449485239383N00324115WA015310170500111
B1449495239390N00324089WA015350170800110
B1449505239401N00324069WA015390171100111
B1449515239416N00324058WA015390171500111
B1449525239432N00324057WA015430171900111
B1449535239447N00324066WA015480172300111
B1449545239459N00324083WA015530172800111
B1449555239466N00324106WA015570173200111
LFLA14495603srrugbhc[xynro
B1449565239469N00324132WA015610173500111
B1449575239466N00324159WA015640173700111
B1449585239458N00324185WA015670173900111
B1449595239445N00324206WA015680174000111
B1450005239428N00324221WA015690174200110
B1450015239409N00324226WA015700174400110
B1450025239389N00324223WA015730174600111
B1450035239371N00324211WA015780175000111
B1450045239355N00324193WA015780175600111
B1450055239342N00324171WA015830176200111
B1450065239333N00324145WA015910176800111
B1450075239330N00324118WA015970177300111
B1450085239332N00324092WA016030177900111
B1450095239340N00324071WA016080178300110
B1450105239351N00324055WA016120178500111
B1450115239365N00324048WA016150178800111
B1450125239379N00324050WA016180179100111
B1450135239392N00324060WA016210179400111
B1450145239402N00324077WA016240179700111
B1450155239408N00324100WA016260179900111
B1450165239408N00324126WA016260180200111
B1450175239403N00324152WA016290180300111
B1450185239393N00324176WA016310180400110
B1450195239379N00324195WA016320180600111
B1450205239362N00324208WA016340180700110
B1450215239343N00324214WA016350180900111
B1450225239323N00324210WA016390181300111
B1450235239306N00324197WA016430181800111
B1450245239290N00324179WA016460182400111
B1450255239278N00324158WA016530182800111
B1450265239270N00324133WA016560183100111
B1450275239268N00324106WA016600183400110
B1450285239272N00324082WA016640183800111
B1450295239280N00324062WA016680184100111
B1450305239292N00324049WA016680184300111
B1450315239306N00324045WA016700184500111
B1450325239319N00324048WA016720184800111
B1450335239331N00324060WA016760185100111
B1450345239340N00324079WA016790185400111
B1450355239345N00324102WA016830185700111
B1450365239344N00324127WA016850185900111
B1450375239338N00324152WA016880186100111
B1450385239328N00324174WA016900186200111
B1450395239313N00324190WA016910186300111
B1450405239296N00324200WA016920186400110
B1450415239277N00324201WA016930186600111
B1450425239258N00324194WA016960186800110
B1450435239242N00324180WA016960187100111
B1450445239228N00324160WA016980187300111
B1450455239218N00324135WA017000187500111
B1450465239213N00324108WA017040187700111
B1450475239213N00324081WA017060187800110
B1450485239217N00324055WA017070187900110
B1450495239227N00324033WA017080188000111
B1450505239239N00324018WA017090188200111
B1450515239254N00324010WA017110188400111
B1450525239270N00324012WA017150188900111
B1450535239284N00324022WA017200189400111
B1450545239295N00324038WA017260189900111
B1450555239303N00324058WA017300190300111
LFLA14505603srrudich`srmyl
B1450565239307N00324082WA017300190600111
B1450575239306N00324108WA017330190900111
B1450585239300N00324133WA017370191200111
B1450595239289N00324153WA017400191500111
B1451005239274N00324169WA017440191800110
B1451015239257N00324177WA017460192100110
B1451025239239N00324178WA017480192300111
B1451035239221N00324172WA017510192600110
B1451045239204N00324159WA017520192800111
B1451055239188N00324143WA017550192900110
B1451065239174N00324123WA017570193100110
B1451075239160N00324103WA017590193300110
B1451085239147N00324082WA017590193600110
B1451095239133N00324062WA017610193900110
B1451105239119N00324043WA017640194100110
B1451115239104N00324025WA017670194300110
B1451125239089N00324008WA017690194400110
B1451135239074N00323992WA017710194500111
B1451145239058N00323976WA017720194600111
B1451155239042N00323960WA017720194600111
B1451165239026N00323946WA017720194700111
B1451175239010N00323933WA017740194900111
B1451185238993N00323921WA017760195000111
B1451195238975N00323912WA017770195100111
B1451205238957N00323905WA017780195200111
B1451215238939N00323900WA017780195200111
B1451225238920N00323896WA017790195200111
B1451235238901N00323893WA017780195000111
B1451245238882N00323890WA017770194700111
B1451255238862N00323886WA017730194200111
B1451265238842N00323883WA017690193700111
B1451275238821N00323880WA017640193200111
B1451285238800N00323877WA017580192700111
B1451295238779N00323875WA017520192200111
B1451305238757N00323874WA017480191900111
B1451315238736N00323874WA017450191600111
B1451325238714N00323874WA017440191500111
B1451335238693N00323876WA017430191500111
B1451345238671N00323880WA017430191500111
B1451355238650N00323885WA017440191500111
B1451365238629N00323891WA017440191600111
B1451375238607N00323897WA017440191700111
B1451385238586N00323902WA017450191900111
B1451395238565N00323907WA017460192100111
B1451405238544N00323912WA017490192400111
B1451415238523N00323916WA017500192600111
B1451425238503N00323921WA017530192700111
B1451435238483N00323926WA017550192800111
B1451445238463N00323930WA017560192800111
B1451455238442N00323935WA017550192700111
B1451465238422N00323940WA017520192500111
B1451475238402N00323944WA017520192200110
B1451485238381N00323946WA017490192000110
B1451495238360N00323945WA017470191800111
B1451505238338N00323942WA017460191600111
B1451515238317N00323939WA017440191500111
B1451525238296N00323934WA017430191400111
B1451535238275N00323928WA017430191400111
B1451545238254N00323922WA017420191400111
B1451555238234N00323914WA017420191400111
LFLA14515603srurlqkpx]#c_b
B1451565238214N00323906WA017420191400111
B1451575238194N00323896WA017420191300111
B1451585238174N00323885WA017410191200111
B1451595238155N00323872WA017410191200111
B1452005238137N00323858WA017410191300111
B1452015238119N00323843WA017420191300111
B1452025238101N00323827WA017420191300111
B1452035238082N00323812WA017420191300111
B1452045238064N00323797WA017420191300111
B1452055238046N00323782WA017420191400111
B1452065238029N00323769WA017420191400111
B1452075238011N00323756WA017420191300111
B1452085237993N00323743WA017410191200111
B1452095237975N00323729WA017390190900111
B1452105237957N00323715WA017350190600111
B1452115237939N00323701WA017320190300111
B1452125237921N00323686WA017300190100111
B1452135237903N00323672WA017300190000111
B1452145237885N00323657WA017280189900111
LFLA145215AZNSTAT 0 0
B1452155237867N00323641WA017270189800111
B1452165237849N00323626WA017260189800111
B1452175237831N00323611WA017270189800111
B1452185237813N00323595WA017270189900111
B1452195237796N00323579WA017280189800111
B1452205237779N00323563WA017270189700111
B1452215237762N00323546WA017250189500111
B1452225237745N00323529WA017220189200111
B1452235237727N00323513WA017200189100111
B1452245237709N00323499WA017180188900111
B1452255237691N00323485WA017170188600111
B1452265237672N00323473WA017170188300111
B1452275237653N00323462WA017130188100111
B1452285237633N00323452WA017100187800111
B1452295237613N00323444WA017080187700111
B1452305237593N00323436WA017060187600111
B1452315237572N00323429WA017060187500111
B1452325237551N00323423WA017050187400111
B1452335237530N00323418WA017040187300111
B1452345237509N00323414WA017030187100111
B1452355237488N00323410WA017010186900111
B1452365237467N00323408WA016970186700111
B1452375237446N00323407WA016950186600111
B1452385237424N00323408WA016950186400111
B1452395237403N00323409WA016950186200111
B1452405237382N00323411WA016920186000111
B1452415237361N00323414WA016910185800111
B1452425237339N00323418WA016880185600111
B1452435237318N00323424WA016860185500111
B1452445237297N00323432WA016850185500111
B1452455237276N00323441WA016850185500110
B1452465237256N00323451WA016850185500110
B1452475237236N00323463WA016840185400111
B1452485237217N00323475WA016840185300110
B1452495237198N00323488WA016820185200110
B1452505237178N00323501WA016800185100110
B1452515237159N00323513WA016790185000110
B1452525237140N00323525WA016790185200110
B1452535237121N00323537WA016810185400110
B1452545237102N00323549WA016830185500110
B1452555237084N00323560WA016840185700110
LFLA14525603srurknlow%_h#i
B1452565237066N00323571WA016860185800111
B1452575237048N00323583WA016860185700111
B1452585237031N00323595WA016860185600111
B1452595237013N00323606WA016840185500111
F1452593007200406291105211609
B1453005236995N00323618WA016830185300111
B1453015236978N00323630WA016810185100111
B1453025236960N00323643WA016790185000111
B1453035236942N00323655WA016770184900111
B1453045236925N00323668WA016750184700111
B1453055236907N00323681WA016750184600111
LFLA145305RFC 34773 36885 494 0 0
B1453065236890N00323694WA016740184500111
B1453075236872N00323707WA016730184300111
B1453085236855N00323720WA016710184100111
B1453095236837N00323733WA016680184000111
B1453105236820N00323747WA016670183800111
B1453115236802N00323760WA016650183500111
B1453125236785N00323774WA016620183300111
B1453135236767N00323788WA016590183100111
B1453145236749N00323802WA016570182900111
B1453155236731N00323816WA016550182700111
B1453165236713N00323831WA016520182600111
B1453175236696N00323845WA016510182400111
B1453185236678N00323860WA016510182400111
B1453195236660N00323875WA016500182300111
B1453205236642N00323889WA016500182300111
B1453215236624N00323904WA016500182400111
B1453225236606N00323917WA016500182400111
B1453235236588N00323931WA016510182500111
B1453245236571N00323945WA016510182500111
B1453255236553N00323958WA016510182500111
B1453265236535N00323971WA016500182400111
B1453275236517N00323984WA016500182400111
B1453285236500N00323997WA016500182300111
B1453295236482N00324011WA016480182200111
B1453305236464N00324025WA016470182100111
B1453315236446N00324039WA016470182000111
B1453325236429N00324053WA016460181900111
B1453335236411N00324067WA016450181800111
B1453345236394N00324081WA016440181600111
B1453355236377N00324096WA016430181500111
B1453365236360N00324111WA016420181400111
B1453375236343N00324126WA016410181200111
B1453385236325N00324142WA016390181100111
B1453395236307N00324157WA016370180900111
B1453405236289N00324172WA016340180600111
B1453415236271N00324187WA016310180300111
B1453425236252N00324202WA016280180100111
B1453435236232N00324217WA016260179900111
B1453445236212N00324231WA016260179800111
B1453455236192N00324246WA016250179800111
B1453465236172N00324259WA016250179800111
B1453475236151N00324270WA016260179800111
B1453485236130N00324279WA016250179800110
B1453495236108N00324283WA016260179900110
B1453505236087N00324285WA016270180200110
B1453515236066N00324284WA016300180400110
B1453525236045N00324282WA016320180600110
B1453535236025N00324278WA016340180900110
B1453545236005N00324274WA016370181100111
B1453555235987N00324270WA016400181300111
LFLA14535603srurknlow#]b%c
B1453565235968N00324266WA016410181500111
B1453575235950N00324261WA016410181500111
B1453585235933N00324257WA016410181500111
B1453595235915N00324252WA016410181400111
B1454005235897N00324247WA016410181300111
B1454015235879N00324242WA016400181200111
B1454025235861N00324237WA016380181000111
B1454035235843N00324232WA016370180900111
B1454045235825N00324226WA016360180700111
B1454055235807N00324220WA016340180500111
B1454065235789N00324214WA016320180400111
B1454075235771N00324207WA016300180200111
B1454085235753N00324201WA016280180000111
B1454095235735N00324194WA016260179800111
B1454105235717N00324186WA016260179500111
B1454115235699N00324179WA016220179300111
B1454125235680N00324170WA016210179200111
B1454135235662N00324162WA016180179100111
B1454145235644N00324153WA016180179100111
B1454155235626N00324143WA016190179200111
B1454165235608N00324133WA016200179500111
B1454175235591N00324124WA016230179900111
B1454185235575N00324115WA016290180400111
B1454195235559N00324108WA016330180800111
B1454205235543N00324101WA016370181100111
B1454215235528N00324095WA016400181300111
B1454225235512N00324089WA016430181600111
B1454235235496N00324084WA016430181900111
B1454245235481N00324078WA016450182200111
B1454255235465N00324077WA016490182300111
B1454265235448N00324081WA016510182500110
B1454275235434N00324091WA016520182600110
B1454285235422N00324108WA016530182800110
B1454295235413N00324130WA016550182900110
B1454305235409N00324154WA016550182900110
B1454315235409N00324178WA016570183000110
B1454325235414N00324199WA016580183200111
B1454335235423N00324216WA016590183200111
B1454345235434N00324227WA016590183300111
B1454355235446N00324232WA016590183400111
B1454365235458N00324229WA016590183500109
B1454375235469N00324219WA016610183700110
B1454385235477N00324203WA016620183800111
B1454395235482N00324184WA016650183900111
B1454405235482N00324162WA016660184000111
B1454415235479N00324140WA016660184200111
B1454425235471N00324119WA016680184300111
B1454435235460N00324101WA016700184400110
B1454445235446N00324088WA016710184500110
B1454455235429N00324082WA016730184700110
B1454465235413N00324084WA016750185000110
B1454475235396N00324092WA016760185100110
B1454485235382N00324107WA016770185200110
B1454495235370N00324126WA016770185200110
B1454505235361N00324149WA016770185200110
B1454515235356N00324175WA016770185200110
B1454525235356N00324201WA016770185300111
B1454535235359N00324225WA016780185400111
B1454545235367N00324245WA016790185500110
B1454555235377N00324261WA016790185500111
LFLA14545603srruPMOLT?>I=H
B1454565235390N00324272WA016800185500111
B1454575235404N00324276WA016790185500111
B1454585235418N00324272WA016800185500110
B1454595235431N00324262WA016800185600111
B1455005235441N00324244WA016820185800111
B1455015235448N00324223WA016860186200111
B1455025235452N00324200WA016860186500111
B1455035235452N00324176WA016900186900111
B1455045235448N00324153WA016930187100110
B1455055235439N00324132WA016950187300111
B1455065235427N00324116WA016970187500110
B1455075235412N00324106WA016990187600110
B1455085235396N00324104WA017010187700110
B1455095235380N00324109WA017020187700110
B1455105235365N00324122WA017020187700110
B1455115235353N00324141WA017020187700109
B1455125235344N00324166WA017030187700110
B1455135235341N00324193WA017030187800110
B1455145235344N00324220WA017030187900111
B1455155235351N00324243WA017040188200110
B1455165235364N00324258WA017080188500110
B1455175235378N00324264WA017100188900110
B1455185235392N00324259WA017140189100109
B1455195235404N00324246WA017160189300111
B1455205235412N00324226WA017190189500111
B1455215235414N00324201WA017200189700111
B1455225235411N00324176WA017220189800111
B1455235235401N00324154WA017230189900110
B1455245235387N00324139WA017230189900110
B1455255235369N00324133WA017240190000110
B1455265235351N00324137WA017260190100110
B1455275235335N00324152WA017260190200110
B1455285235323N00324174WA017260190300209
B1455295235315N00324202WA017270190300209
B1455305235314N00324230WA017280190400209
B1455315235319N00324257WA017300190700209
B1455325235330N00324276WA017320191000209
B1455335235344N00324288WA017350191400210
B1455345235359N00324290WA017400191700211
B1455355235374N00324283WA017440192000210
B1455365235385N00324268WA017460192300211
B1455375235391N00324246WA017480192600211
B1455385235392N00324222WA017500192700211
B1455395235387N00324197WA017500192700210
B1455405235376N00324177WA017490192600211
B1455415235361N00324163WA017490192700210
B1455425235344N00324157WA017490192800211
B1455435235326N00324160WA017510193000210
B1455445235310N00324172WA017520193200210
B1455455235295N00324190WA017530193500209
B1455465235283N00324213WA017550193700209
B1455475235275N00324240WA017540193800210
B1455485235272N00324267WA017550194000210
B1455495235277N00324293WA017570194600211
B1455505235288N00324313WA017590194600210
B1455515235304N00324324WA017610194800210
B1455525235320N00324325WA017640195000208
B1455535235336N00324318WA017640195300211
B1455545235349N00324304WA017660195500211
B1455555235358N00324284WA017700195700111
LFLA14555603srruPMOLT?>I=H
B1455565235363N00324260WA017720195900111
B1455575235362N00324235WA017750196100111
B1455585235356N00324211WA017760196100111
B1455595235345N00324192WA017770196100111
B1456005235331N00324177WA017760196100109
B1456015235315N00324167WA017760196300110
B1456025235299N00324162WA017780196400110
B1456035235282N00324160WA017800196500111
B1456045235265N00324161WA017810196600111
B1456055235247N00324162WA017830196600111
B1456065235230N00324164WA017830196500111
B1456075235213N00324167WA017810196300111
B1456085235196N00324170WA017800196200111
B1456095235179N00324172WA017790196000111
B1456105235161N00324175WA017780195800111
B1456115235143N00324178WA017770195600110
B1456125235124N00324182WA017760195500110
B1456135235105N00324186WA017740195400110
B1456145235086N00324189WA017740195400111
B1456155235067N00324190WA017740195400109
B1456165235047N00324189WA017750195600110
B1456175235028N00324187WA017790196000110
B1456185235010N00324182WA017850196700111
B1456195234994N00324176WA017850197500111
B1456205234978N00324170WA017940198100111
B1456215234964N00324164WA018000198400111
B1456225234949N00324158WA018030198500111
B1456235234936N00324151WA018040198200111
B1456245234921N00324144WA018010197600111
B1456255234906N00324136WA017970197100111
B1456265234890N00324128WA017920196700111
B1456275234874N00324121WA017870196400111
B1456285234857N00324113WA017840196200111
B1456295234840N00324106WA017820196100111
B1456305234822N00324099WA017810195900111
LFLA145631AZNSTAT 0 0
B1456315234805N00324092WA017800195800111
B1456325234788N00324085WA017800195700111
B1456335234770N00324079WA017800195600111
B1456345234752N00324072WA017790195500111
B1456355234735N00324065WA017780195400111
B1456365234717N00324058WA017770195300111
B1456375234700N00324050WA017750195100111
B1456385234683N00324040WA017730194800111
B1456395234666N00324027WA017700194400111
B1456405234650N00324011WA017660193900111
B1456415234634N00323994WA017610193300111
B1456425234618N00323975WA017550192800110
B1456435234602N00323955WA017500192300111
B1456445234586N00323933WA017460191800111
B1456455234569N00323911WA017460191500111
B1456465234553N00323889WA017430191200111
B1456475234537N00323867WA017390191000111
B1456485234520N00323844WA017370190800110
B1456495234503N00323822WA017350190800110
B1456505234486N00323800WA017340190600110
B1456515234470N00323777WA017320190400111
B1456525234453N00323755WA017310190300111
B1456535234436N00323733WA017300190100111
B1456545234419N00323711WA017290189900111
B1456555234402N00323688WA017260189700111
LFLA14565603srruknlow]#c_b
B1456565234385N00323666WA017240189600111
B1456575234368N00323644WA017220189400111
B1456585234351N00323621WA017220189300111
B1456595234335N00323599WA017200189300111
B1457005234319N00323577WA017200189300111
B1457015234302N00323556WA017200189300111
B1457025234286N00323535WA017200189200111
B1457035234270N00323514WA017190189100111
B1457045234255N00323493WA017190189100111
B1457055234239N00323472WA017190189200111
B1457065234224N00323451WA017190189200111
B1457075234208N00323430WA017190189200111
B1457085234193N00323409WA017190189100111
B1457095234178N00323388WA017170189000111
B1457105234163N00323367WA017150188800111
B1457115234148N00323346WA017150188600111
B1457125234133N00323325WA017140188500111
B1457135234117N00323304WA017120188300111
B1457145234102N00323282WA017110188100111
B1457155234087N00323260WA017090187900111
B1457165234071N00323238WA017070187700111
B1457175234056N00323216WA017060187500111
B1457185234041N00323194WA017030187300111
B1457195234025N00323172WA017000187000111
B1457205234010N00323149WA016980186800111
B1457215233994N00323127WA016960186600111
LFLA145721RFC 35285 36885 494 0 0
B1457225233979N00323103WA016940186400111
B1457235233965N00323080WA016930186400110
B1457245233952N00323055WA016930186400111
B1457255233939N00323031WA016930186500111
B1457265233927N00323006WA016940186500111
B1457275233915N00322981WA016940186400111
B1457285233904N00322957WA016930186300111
B1457295233893N00322932WA016910186100111
B1457305233881N00322908WA016910186000111
B1457315233870N00322884WA016890185900111
B1457325233858N00322860WA016880185800111
B1457335233847N00322836WA016870185600111
B1457345233835N00322812WA016830185400111
B1457355233823N00322788WA016830185400111
B1457365233812N00322765WA016830185500111
B1457375233801N00322742WA016830185500111
B1457385233790N00322719WA016850185500111
B1457395233778N00322697WA016840185400111
B1457405233767N00322676WA016820185200111
B1457415233755N00322655WA016810185200111
B1457425233744N00322634WA016810185300111
B1457435233732N00322614WA016820185100111
B1457445233721N00322593WA016790184800111
B1457455233709N00322572WA016770184500111
B1457465233697N00322550WA016740184300111
B1457475233685N00322529WA016710184100111
B1457485233673N00322507WA016700184000111
B1457495233661N00322485WA016680183800111
B1457505233648N00322463WA016680183500111
B1457515233635N00322441WA016660183300111
B1457525233622N00322419WA016630183100111
B1457535233609N00322396WA016610183000111
B1457545233596N00322373WA016600183000111
B1457555233583N00322351WA016600183200111
LFLA14575603srrulqkpx[Zead
B1457565233570N00322329WA016620183300111
B1457575233556N00322307WA016640183500110
B1457585233544N00322286WA016650183700110
B1457595233531N00322265WA016680183800110
F14575930072006291105211609
B1458005233518N00322243WA016690183900110
B1458015233505N00322223WA016700184000110
B1458025233491N00322203WA016710184200110
B1458035233477N00322185WA016710184500111
B1458045233463N00322168WA016750184900110
B1458055233449N00322152WA016780185200110
B1458065233435N00322137WA016810185400110
B1458075233421N00322123WA016830185500111
B1458085233406N00322110WA016830185400111
B1458095233390N00322098WA016830185400111
B1458105233374N00322089WA016830185500111
B1458115233358N00322080WA016840185600111
B1458125233341N00322071WA016860185800111
B1458135233325N00322063WA016880186000111
B1458145233309N00322055WA016900186200111
B1458155233293N00322047WA016920186300111
B1458165233277N00322039WA016920186300111
B1458175233261N00322032WA016920186300111
B1458185233245N00322025WA016920186100111
B1458195233229N00322017WA016900186000111
B1458205233212N00322010WA016890185900111
B1458215233194N00322002WA016880185800111
B1458225233177N00321995WA016860185800111
B1458235233159N00321987WA016860185700111
B1458245233141N00321979WA016840185700111
B1458255233123N00321971WA016840185600111
B1458265233105N00321963WA016840185600111
B1458275233086N00321954WA016840185700111
B1458285233068N00321945WA016840185700111
B1458295233050N00321936WA016840185800111
B1458305233032N00321928WA016850185900111
B1458315233014N00321919WA016870186000111
B1458325232995N00321910WA016890186200111
B1458335232977N00321902WA016900186300111
B1458345232959N00321894WA016920186500111
B1458355232941N00321887WA016940186700111
B1458365232923N00321879WA016970186900111
B1458375232904N00321872WA016980187100111
B1458385232887N00321864WA017010187400111
B1458395232869N00321858WA017040187800111
B1458405232852N00321851WA017080188200111
B1458415232835N00321844WA017120188500111
B1458425232818N00321838WA017120188700111
B1458435232802N00321832WA017130188900111
B1458445232786N00321825WA017160189000111
B1458455232769N00321820WA017170189100111
B1458465232753N00321814WA017180189300111
B1458475232736N00321808WA017200189500111
B1458485232720N00321803WA017230189700111
B1458495232704N00321798WA017250189800111
B1458505232687N00321793WA017250189800111
B1458515232671N00321788WA017240189700111
B1458525232655N00321782WA017220189400111
B1458535232638N00321777WA017190189100111
B1458545232621N00321770WA017170188900111
B1458555232604N00321764WA017170188800111
LFLA14585603srurlqkpx[Zead
B1458565232586N00321757WA017150188600111
B1458575232569N00321750WA017140188500111
B1458585232551N00321742WA017130188400111
B1458595232533N00321734WA017110188200111
B1459005232515N00321725WA017090188000111
B1459015232497N00321717WA017070187800111
B1459025232479N00321708WA017040187700111
B1459035232460N00321699WA017030187600111
B1459045232442N00321690WA017020187400111
B1459055232423N00321682WA017000187100111
B1459065232404N00321674WA016980186900111
B1459075232385N00321666WA016950186700111
B1459085232365N00321658WA016950186500111
B1459095232346N00321650WA016940186400111
B1459105232327N00321642WA016910186300111
B1459115232308N00321634WA016900186200111
B1459125232289N00321626WA016890186100111
B1459135232270N00321618WA016890186100111
B1459145232252N00321610WA016890186000111
B1459155232233N00321602WA016870185900111
B1459165232215N00321594WA016850185700111
B1459175232197N00321586WA016830185500111
B1459185232178N00321578WA016810185300111
B1459195232160N00321570WA016780185100111
B1459205232142N00321561WA016770184900111
B1459215232124N00321553WA016770184800111
B1459225232106N00321545WA016750184800111
B1459235232088N00321537WA016750184800111
B1459245232071N00321528WA016740184800111
B1459255232054N00321520WA016740184700111
B1459265232036N00321511WA016730184500111
B1459275232019N00321502WA016710184400111
B1459285232002N00321493WA016710184300111
B1459295231984N00321484WA016690184100111
B1459305231966N00321475WA016670183800111
B1459315231948N00321466WA016620183400111
B1459325231930N00321457WA016590183000111
B1459335231911N00321448WA016560182700111
B1459345231892N00321439WA016530182500111
B1459355231872N00321431WA016530182300111
B1459365231853N00321423WA016520182300111
B1459375231833N00321416WA016510182300111
B1459385231813N00321409WA016510182400111
B1459395231793N00321402WA016520182400111
B1459405231772N00321396WA016520182500111
B1459415231752N00321390WA016530182500111
B1459425231731N00321385WA016520182500111
B1459435231710N00321380WA016520182400111
B1459445231688N00321375WA016510182100111
B1459455231667N00321369WA016490181800111
B1459465231645N00321364WA016440181400111
B1459475231623N00321358WA016410181100111
B1459485231601N00321352WA016410180900111
B1459495231579N00321347WA016380180700111
B1459505231556N00321342WA016370180700111
B1459515231533N00321337WA016360180700111
B1459525231511N00321332WA016370180800111
B1459535231488N00321327WA016370180900111
B1459545231465N00321323WA016380181000111
B1459555231443N00321318WA016390181100111
LFLA14595603srurlqkpx[Zead
B1459565231422N00321312WA016410181200111
B1459575231400N00321307WA016400181000111
B1459585231379N00321301WA016380180900111
B1459595231358N00321295WA016370180700111
B1500005231338N00321289WA016350180600111
B1500015231317N00321282WA016350180400111
B1500025231296N00321275WA016320180200111
B1500035231275N00321268WA016310180000111
B1500045231255N00321260WA016290179800111
B1500055231234N00321251WA016260179600111
B1500065231214N00321242WA016240179400111
B1500075231193N00321233WA016230179200111
B1500085231172N00321225WA016200179000111
B1500095231151N00321216WA016190178800111
B1500105231131N00321207WA016180178700111
B1500115231109N00321199WA016170178500111
B1500125231088N00321191WA016150178500111
B1500135231067N00321183WA016130178300111
B1500145231045N00321176WA016130178100111
B1500155231024N00321168WA016100177900111
B1500165231002N00321161WA016090177700111
B1500175230981N00321153WA016070177600111
B1500185230959N00321146WA016060177500111
B1500195230937N00321137WA016050177400111
B1500205230916N00321129WA016040177300111
B1500215230894N00321119WA016030177200111
B1500225230872N00321109WA016010177100111
B1500235230851N00321099WA016000177100111
B1500245230829N00321089WA016020177300111
B1500255230808N00321079WA016050177700111
B1500265230788N00321069WA016100178400111
B1500275230769N00321059WA016100179100111
B1500285230751N00321051WA016190179700111
B1500295230734N00321043WA016240180000111
B1500305230717N00321035WA016280180200111
B1500315230700N00321027WA016280180200111
B1500325230683N00321019WA016290180200111
B1500335230666N00321012WA016280180000111
B1500345230649N00321004WA016270179900111
B1500355230632N00320996WA016260179700111
B1500365230615N00320989WA016240179500111
B1500375230598N00320982WA016220179300111
B1500385230580N00320974WA016200179000111
B1500395230562N00320967WA016160178600111
B1500405230544N00320959WA016160178200111
B1500415230526N00320952WA016110177900111
B1500425230508N00320945WA016070177600111
B1500435230489N00320937WA016040177300111
B1500445230471N00320929WA016010177200111
B1500455230452N00320921WA016010177200111
B1500465230434N00320913WA016000177100111
LFLA150047AZNSTAT 0 0
B1500475230416N00320905WA015990176900111
B1500485230398N00320897WA015970176700111
B1500495230380N00320888WA015940176400111
B1500505230361N00320880WA015900176100111
B1500515230342N00320871WA015870175800111
B1500525230323N00320864WA015850175700111
B1500535230304N00320858WA015850175600111
B1500545230284N00320854WA015830175500111
B1500555230264N00320851WA015830175500111
LFLA15005603srurmpjqyvwptq
B1500565230244N00320849WA015820175400111
B1500575230224N00320849WA015810175300111
B1500585230203N00320849WA015800175100111
B1500595230183N00320850WA015790174900111
B1501005230161N00320853WA015770174800110
B1501015230140N00320855WA015770174900111
B1501025230119N00320857WA015770174900111
B1501035230098N00320859WA015780175000111
B1501045230077N00320861WA015780175000111
B1501055230056N00320862WA015790175100111
B1501065230035N00320864WA015790175200111
B1501075230014N00320867WA015790175300111
B1501085229993N00320869WA015800175300111
B1501095229973N00320870WA015810175400111
B1501105229952N00320870WA015810175300111
B1501115229931N00320870WA015810175300111
B1501125229910N00320869WA015810175200111
B1501135229889N00320869WA015800175100111
B1501145229868N00320867WA015790175100111
B1501155229847N00320866WA015800175400111
B1501165229828N00320864WA015830175900111
B1501175229808N00320863WA015880176200111
B1501185229790N00320861WA015880176300111
B1501195229771N00320860WA015890176200111
B1501205229753N00320858WA015890176200111
B1501215229735N00320855WA015890176100111
B1501225229716N00320853WA015880175800111
B1501235229698N00320851WA015860175500111
B1501245229679N00320849WA015820175300111
B1501255229660N00320847WA015800175100111
B1501265229642N00320845WA015790174900111
B1501275229623N00320843WA015760174700111
B1501285229604N00320841WA015750174500111
B1501295229586N00320840WA015730174200111
B1501305229567N00320839WA015690173900111
B1501315229548N00320839WA015660173700111
B1501325229529N00320839WA015660173500111
B1501335229509N00320840WA015650173300111
B1501345229490N00320841WA015630173200111
B1501355229471N00320843WA015610173200111
B1501365229452N00320845WA015610173200111
B1501375229434N00320848WA015610173200111
LFLA150137RFC 35797 36885 494 0 0
B1501385229416N00320851WA015610173300111
B1501395229397N00320853WA015610173300111
B1501405229379N00320856WA015600173300111
B1501415229361N00320858WA015600173300111
B1501425229343N00320859WA015600173200111
B1501435229324N00320860WA015590173000111
B1501445229306N00320860WA015590172700111
B1501455229287N00320860WA015560172400111
B1501465229267N00320861WA015530172300111
B1501475229248N00320862WA015520172300111
B1501485229228N00320864WA015510172200111
B1501495229209N00320866WA015510172100111
B1501505229189N00320869WA015490171900111
B1501515229169N00320872WA015480171900111
B1501525229149N00320875WA015470171900111
B1501535229130N00320878WA015470171900111
B1501545229111N00320881WA015470171900111
B1501555229092N00320884WA015460171700111
LFLA15015603srurfcibZvwptq
B1501565229073N00320887WA015430171500111
B1501575229054N00320890WA015430171200111
B1501585229035N00320893WA015410171000111
B1501595229015N00320897WA015380170800111
B1502005228995N00320901WA015370170700111
B1502015228975N00320904WA015360170600111
B1502025228955N00320907WA015350170600111
B1502035228935N00320908WA015350170500111
B1502045228915N00320907WA015340170300111
B1502055228895N00320905WA015320170100111
B1502065228875N00320901WA015290169900111
B1502075228856N00320895WA015270169700111
B1502085228836N00320887WA015270169800111
B1502095228818N00320877WA015290170000111
B1502105228800N00320867WA015300170100111
B1502115228782N00320856WA015300170100111
B1502125228764N00320845WA015300170000111
B1502135228746N00320835WA015300169900111
B1502145228728N00320828WA015290169800111
B1502155228708N00320824WA015280169900111
B1502165228689N00320825WA015290170100111
B1502175228671N00320830WA015310170300111
B1502185228653N00320840WA015330170400111
B1502195228636N00320853WA015330170400111
B1502205228621N00320869WA015320170200111
B1502215228607N00320888WA015290170000111
B1502225228594N00320909WA015260169500110
B1502235228582N00320931WA015260168900110
B1502245228570N00320954WA015190168300110
B1502255228558N00320978WA015120167800109
B1502265228547N00321002WA015070167400109
B1502275228535N00321027WA015020167100109
B1502285228523N00321052WA014980166900109
B1502295228511N00321077WA014960166700109
B1502305228498N00321101WA014940166600110
B1502315228485N00321125WA014930166400111
B1502325228472N00321149WA014920166300111
B1502335228459N00321172WA014900166000110
B1502345228446N00321196WA014870165900111
B1502355228432N00321219WA014840165600111
B1502365228418N00321242WA014800165300110
B1502375228403N00321265WA014800165000111
B1502385228388N00321289WA014790164700110
B1502395228373N00321313WA014770164400111
B1502405228357N00321337WA014730164200111
B1502415228342N00321361WA014710164100111
B1502425228326N00321385WA014690163900111
B1502435228311N00321410WA014670163700111
B1502445228296N00321434WA014650163500110
B1502455228280N00321459WA014620163200110
B1502465228265N00321483WA014600163000110
B1502475228249N00321508WA014580162900110
B1502485228234N00321533WA014570162700110
B1502495228219N00321558WA014550162600111
B1502505228204N00321583WA014550162500110
B1502515228188N00321608WA014540162300110
B1502525228173N00321633WA014520162100110
B1502535228158N00321659WA014500162000110
B1502545228144N00321685WA014480162000111
B1502555228129N00321710WA014470161900110
LFLA15025603srrulqkpxZ[d`e
B1502565228114N00321735WA014470161900110
B1502575228100N00321760WA014470161900110
B1502585228086N00321785WA014460161900110
B1502595228071N00321809WA014470162000110
F15025930072006291105211609
B1503005228058N00321833WA014470162100110
B1503015228044N00321857WA014490162200111
B1503025228030N00321880WA014490162200111
B1503035228017N00321903WA014490162100110
B1503045228004N00321927WA014470162000110
B1503055227991N00321951WA014470162000110
B1503065227978N00321974WA014470161800110
B1503075227965N00321998WA014450161700109
B1503085227953N00322021WA014440161700109
B1503095227940N00322044WA014430161600109
B1503105227926N00322067WA014420161500110
B1503115227913N00322090WA014410161500110
B1503125227900N00322113WA014410161600110
B1503135227887N00322136WA014430161700110
B1503145227874N00322158WA014440161800110
B1503155227861N00322180WA014440161800110
B1503165227848N00322203WA014430161800110
B1503175227834N00322225WA014430161700110
B1503185227821N00322246WA014430161700110
B1503195227807N00322268WA014420161600110
B1503205227793N00322290WA014410161400110
B1503215227779N00322312WA014400161300110
B1503225227765N00322333WA014380161100110
B1503235227751N00322354WA014360161000110
B1503245227736N00322375WA014360161100110
B1503255227722N00322396WA014360161200110
B1503265227708N00322416WA014380161500110
B1503275227694N00322436WA014400161700111
B1503285227680N00322455WA014400161900111
B1503295227666N00322473WA014420161900111
B1503305227653N00322492WA014430162000111
B1503315227639N00322510WA014440161900111
B1503325227626N00322529WA014430161900111
B1503335227612N00322547WA014430161700111
B1503345227598N00322565WA014420161700111
B1503355227584N00322583WA014400161600111
B1503365227570N00322600WA014400161600111
B1503375227556N00322617WA014390161500111
B1503385227541N00322634WA014380161400111
B1503395227527N00322651WA014360161200111
B1503405227512N00322668WA014350161000111
B1503415227497N00322684WA014350160800111
B1503425227482N00322702WA014340160600111
B1503435227468N00322722WA014310160400110
B1503445227453N00322742WA014300160200110
B1503455227439N00322763WA014280160100110
B1503465227425N00322784WA014260160100110
B1503475227411N00322806WA014260159900110
B1503485227397N00322827WA014240159700110
B1503495227383N00322850WA014210159400110
B1503505227368N00322873WA014190159200110
B1503515227354N00322897WA014160159000110
B1503525227340N00322922WA014150158700110
B1503535227327N00322948WA014120158600111
B1503545227315N00322975WA014120158500111
B1503555227303N00323002WA014110158600111
LFLA15035603srrulqkpx]#c_b
B1503565227292N00323030WA014120158900110
B1503575227281N00323057WA014150159100111
B1503585227271N00323084WA014170159300111
B1503595227260N00323110WA014190159400111
B1504005227250N00323136WA014200159500111
B1504015227240N00323161WA014200159500111
B1504025227230N00323187WA014200159300110
B1504035227220N00323212WA014180159200109
B1504045227210N00323237WA014160159000109
B1504055227200N00323263WA014140158700109
B1504065227191N00323288WA014120158500109
B1504075227181N00323314WA014120158400109
B1504085227171N00323340WA014090158200110
B1504095227162N00323366WA014070158100110
B1504105227152N00323392WA014060158000110
B1504115227143N00323418WA014050158100110
B1504125227134N00323445WA014060158100110
B1504135227125N00323471WA014060158100110
B1504145227116N00323497WA014070158300110
B1504155227108N00323522WA014090158600111
B1504165227099N00323546WA014120158800110
B1504175227091N00323569WA014140159000110
B1504185227083N00323593WA014140158900110
B1504195227076N00323617WA014120158600110
B1504205227069N00323642WA014120158300110
B1504215227063N00323668WA014090158100110
B1504225227059N00323694WA014060157900111
B1504235227055N00323721WA014050157700111
B1504245227051N00323748WA014020157500111
B1504255227048N00323775WA014010157400111
B1504265227045N00323802WA013990157300111
B1504275227042N00323829WA013980157200111
B1504285227039N00323856WA013970157100110
B1504295227036N00323884WA013960157000111
B1504305227034N00323912WA013950156800111
B1504315227031N00323940WA013930156700111
B1504325227028N00323968WA013930156600111
B1504335227026N00323997WA013930156500111
B1504345227023N00324025WA013920156500111
B1504355227019N00324054WA013910156500110
B1504365227016N00324082WA013910156500110
B1504375227013N00324110WA013910156700110
B1504385227009N00324138WA013930156900111
B1504395227005N00324166WA013960157100111
B1504405227001N00324193WA013980157400111
B1504415226997N00324221WA014020157600111
B1504425226994N00324248WA014040157700111
B1504435226994N00324275WA014050157900111
B1504445226997N00324300WA014070158100111
B1504455227005N00324321WA014080158200111
B1504465227015N00324336WA014080158200111
B1504475227027N00324344WA014080158100111
B1504485227039N00324345WA014070158100110
B1504495227051N00324338WA014060158000111
B1504505227060N00324326WA014050158000111
B1504515227067N00324309WA014050157900111
B1504525227070N00324288WA014050157900111
B1504535227069N00324266WA014040157900111
B1504545227064N00324244WA014050158000111
B1504555227055N00324224WA014050158000111
LFLA15045603srruhegd#wvqup
B1504565227042N00324207WA014050157900111
B1504575227027N00324195WA014050157900111
B1504585227010N00324189WA014060158000111
B1504595226993N00324189WA014060158200111
B1505005226975N00324193WA014080158500111
B1505015226959N00324200WA014100158800111
B1505025226942N00324209WA014140159100111
LFLA150503AZNSTAT 0 0
B1505035226927N00324222WA014170159400111
B1505045226915N00324240WA014200159500110
B1505055226905N00324263WA014220159700111
B1505065226900N00324288WA014230159700110
B1505075226900N00324314WA014230159700111
B1505085226903N00324338WA014230159700111
B1505095226911N00324357WA014230159700110
B1505105226922N00324370WA014230159700111
B1505115226934N00324375WA014230159800109
B1505125226946N00324371WA014230159900111
B1505135226956N00324360WA014250159900111
B1505145226963N00324342WA014240159900111
B1505155226965N00324321WA014240159800111
B1505165226963N00324298WA014240159800111
B1505175226956N00324275WA014230159800111
B1505185226944N00324257WA014240159900111
B1505195226928N00324246WA014250160100111
B1505205226911N00324242WA014270160400111
B1505215226893N00324246WA014300160600111
B1505225226877N00324257WA014320160800111
B1505235226864N00324276WA014340160900110
B1505245226854N00324299WA014340160900110
B1505255226848N00324325WA014340160900110
B1505265226845N00324352WA014340160900111
B1505275226846N00324379WA014330160900111
B1505285226851N00324402WA014340161000111
B1505295226859N00324422WA014350161100111
B1505305226870N00324435WA014350161200111
B1505315226882N00324442WA014360161200111
B1505325226894N00324442WA014360161200110
B1505335226905N00324434WA014360161200111
B1505345226913N00324419WA014360161200111
B1505355226917N00324400WA014350161100111
B1505365226917N00324378WA014350161100111
B1505375226913N00324356WA014350161100111
B1505385226903N00324336WA014360161200111
B1505395226891N00324320WA014360161300111
B1505405226876N00324309WA014370161500111
B1505415226859N00324302WA014390161700111
B1505425226842N00324298WA014410162000111
B1505435226825N00324296WA014440162100111
B1505445226808N00324297WA014470162300111
B1505455226791N00324303WA014480162400111
B1505465226776N00324316WA014480162300111
B1505475226764N00324336WA014460162100110
B1505485226756N00324361WA014440161900111
B1505495226752N00324387WA014420161700110
B1505505226752N00324414WA014420161600111
B1505515226758N00324437WA014410161700111
B1505525226766N00324456WA014410161800111
B1505535226777N00324469WA014420161800111
LFLA150553RFC 36309 36885 494 0 0
B1505545226790N00324474WA014420161900111
B1505555226802N00324472WA014420161900111
LFLA15055603srrujomnv]#c_b
B1505565226813N00324464WA014430161900111
B1505575226821N00324449WA014430161800111
B1505585226826N00324430WA014420161800111
B1505595226827N00324407WA014410161700110
B1506005226823N00324384WA014410161700111
B1506015226815N00324363WA014410161800111
B1506025226803N00324345WA014430162000110
B1506035226789N00324330WA014430162100110
B1506045226773N00324320WA014440162400110
B1506055226756N00324313WA014460162500111
B1506065226739N00324309WA014480162700111
B1506075226722N00324308WA014510162800111
B1506085226705N00324307WA014520162800111
B1506095226688N00324307WA014530162700111
B1506105226670N00324306WA014510162700111
B1506115226653N00324306WA014510162700111
B1506125226636N00324304WA014510162600111
B1506135226619N00324304WA014500162500111
B1506145226601N00324304WA014490162400111
B1506155226583N00324304WA014470162300111
B1506165226565N00324306WA014470162100111
B1506175226547N00324308WA014470162000111
B1506185226529N00324312WA014450162000111
B1506195226510N00324315WA014440162000110
B1506205226492N00324319WA014460162000111
B1506215226474N00324323WA014460162000111
B1506225226455N00324328WA014440161900111
B1506235226437N00324332WA014440161700111
B1506245226419N00324335WA014430161600111
B1506255226400N00324335WA014410161400111
B1506265226382N00324331WA014390161300111
B1506275226364N00324325WA014380161100111
B1506285226346N00324315WA014370161000111
B1506295226330N00324303WA014370160800111
B1506305226315N00324289WA014350160700110
B1506315226300N00324272WA014350160700111
B1506325226287N00324253WA014340160700110
B1506335226274N00324234WA014350160800111
B1506345226262N00324215WA014350161100111
B1506355226251N00324196WA014380161500111
B1506365226239N00324177WA014430161700111
B1506375226228N00324159WA014440161800111
B1506385226216N00324141WA014450161900111
B1506395226204N00324123WA014450161900111
B1506405226193N00324105WA014460161900111
B1506415226181N00324087WA014460161900111
B1506425226169N00324067WA014460161900111
B1506435226157N00324048WA014460162000111
B1506445226145N00324028WA014470162100111
B1506455226133N00324007WA014480162300111
B1506465226122N00323987WA014510162500111
B1506475226111N00323967WA014520162500111
B1506485226100N00323947WA014520162500111
B1506495226089N00323927WA014520162400111
B1506505226079N00323907WA014510162200111
B1506515226068N00323887WA014480162000111
B1506525226056N00323867WA014460161800111
B1506535226045N00323848WA014440161600111
B1506545226033N00323828WA014420161400111
B1506555226022N00323809WA014420161400111
LFLA15065603srrulqkpx[Zead
B1506565226011N00323790WA014410161400111
B1506575226000N00323772WA014410161400111
B1506585225990N00323753WA014410161400111
B1506595225979N00323735WA014410161200111
B1507005225968N00323716WA014390160900111
B1507015225957N00323696WA014370160600111
B1507025225946N00323677WA014340160400111
B1507035225934N00323658WA014320160200111
B1507045225923N00323638WA014300160000111
B1507055225911N00323618WA014280159800111
B1507065225899N00323599WA014260159800111
B1507075225888N00323579WA014260159900111
B1507085225876N00323561WA014260160000111
B1507095225865N00323543WA014280160000111
B1507105225854N00323525WA014280160000111
B1507115225843N00323507WA014280159800111
B1507125225832N00323489WA014260159600111
B1507135225820N00323470WA014240159400111
B1507145225808N00323452WA014220159200111
B1507155225796N00323434WA014200159000111
B1507165225783N00323416WA014180158800111
B1507175225769N00323398WA014170158800111
B1507185225756N00323380WA014170158900111
B1507195225744N00323361WA014180159000111
B1507205225732N00323342WA014200159100111
B1507215225720N00323323WA014200159200110
B1507225225710N00323303WA014200159300110
B1507235225700N00323283WA014220159300111
B1507245225691N00323263WA014210159100111
B1507255225681N00323243WA014200158900111
B1507265225672N00323222WA014190158700111
B1507275225663N00323201WA014160158600111
B1507285225653N00323179WA014150158500111
B1507295225644N00323158WA014140158400111
B1507305225634N00323137WA014140158500111
B1507315225624N00323116WA014160158600111
B1507325225613N00323096WA014160158700111
B1507335225603N00323076WA014160158700111
B1507345225592N00323056WA014160158700111
B1507355225581N00323036WA014160158600111
B1507365225571N00323015WA014160158500111
B1507375225561N00322994WA014150158400111
B1507385225551N00322973WA014130158300111
B1507395225541N00322951WA014120158200111
B1507405225531N00322929WA014110158000111
B1507415225520N00322906WA014090157900111
B1507425225510N00322883WA014070157800111
B1507435225500N00322860WA014070157600111
B1507445225490N00322837WA014060157500111
B1507455225480N00322815WA014050157500111
B1507465225470N00322792WA014050157500111
B1507475225460N00322770WA014050157500111
B1507485225450N00322748WA014050157500111
B1507495225440N00322726WA014050157500111
B1507505225430N00322704WA014050157500111
B1507515225420N00322683WA014040157400111
B1507525225410N00322661WA014030157300111
B1507535225400N00322639WA014020157200111
B1507545225390N00322617WA014020157200111
B1507555225380N00322595WA014020157300111
LFLA15075603srurknlow#]b%c
B1507565225370N00322573WA014030157400111
B1507575225360N00322551WA014040157500111
B1507585225350N00322529WA014050157600111
B1507595225340N00322508WA014060157700111
F1507593007200406291105211609
B1508005225331N00322487WA014060157600111
B1508015225321N00322466WA014060157600111
B1508025225311N00322445WA014050157500111
B1508035225301N00322424WA014040157400111
B1508045225291N00322403WA014030157200111
B1508055225280N00322382WA014010157100111
B1508065225269N00322360WA013990156900111
B1508075225259N00322339WA013970156700111
B1508085225248N00322317WA013960156500111
B1508095225237N00322295WA013940156300111
B1508105225227N00322272WA013910156200111
B1508115225216N00322249WA013910156200111
B1508125225205N00322227WA013920156400111
B1508135225195N00322205WA013960156800111
B1508145225184N00322184WA013960157200111
B1508155225174N00322164WA014000157700111
B1508165225164N00322145WA014050158000111
B1508175225155N00322125WA014090158200111
B1508185225147N00322105WA014120158200111
B1508195225141N00322083WA014120158200111
B1508205225140N00322060WA014110158100111
B1508215225142N00322038WA014100158000111
B1508225225147N00322018WA014080157900111
B1508235225156N00322002WA014090158000111
B1508245225167N00321992WA014090158000111
B1508255225179N00321989WA014090158100111
B1508265225191N00321994WA014090158000111
B1508275225202N00322006WA014090158000111
B1508285225209N00322025WA014090158100111
B1508295225213N00322047WA014100158100110
B1508305225212N00322072WA014100158200111
B1508315225208N00322096WA014100158300111
B1508325225199N00322119WA014110158300111
B1508335225188N00322138WA014110158300111
B1508345225173N00322152WA014110158200111
B1508355225157N00322160WA014110158100111
B1508365225140N00322164WA014090158000111
B1508375225123N00322164WA014090157900110
B1508385225105N00322161WA014080157900110
B1508395225088N00322156WA014070157800110
B1508405225072N00322149WA014070157900111
B1508415225056N00322139WA014080158200111
B1508425225041N00322128WA014100158400111
B1508435225026N00322116WA014130158600111
B1508445225013N00322102WA014160158800111
B1508455225000N00322087WA014160158800111
B1508465224988N00322071WA014170158900110
B1508475224977N00322054WA014170158900110
B1508485224967N00322035WA014180159000111
B1508495224958N00322016WA014180158900111
B1508505224948N00321997WA014170158800111
B1508515224939N00321977WA014150158500111
B1508525224930N00321956WA014150158200111
B1508535224922N00321934WA014120158100111
B1508545224913N00321912WA014100157900111
B1508555224905N00321890WA014080157800111
LFLA15085603srruknlow#]b%c
B1508565224898N00321867WA014070157700111
B1508575224890N00321844WA014060157700111
B1508585224883N00321821WA014060157700111
B1508595224876N00321797WA014070157700111
B1509005224869N00321773WA014060157700111
B1509015224863N00321748WA014070157800111
B1509025224857N00321725WA014080157800111
B1509035224850N00321701WA014060157700111
B1509045224843N00321677WA014050157600111
B1509055224836N00321654WA014040157500111
B1509065224829N00321631WA014040157400111
B1509075224821N00321608WA014030157300111
B1509085224813N00321585WA014020157200111
B1509095224805N00321563WA014010157200111
B1509105224796N00321542WA014010157200111
B1509115224788N00321521WA014010157200110
B1509125224779N00321500WA014010157000111
B1509135224770N00321479WA013970156700111
B1509145224761N00321457WA013950156500111
B1509155224753N00321434WA013930156300111
B1509165224744N00321411WA013900156000111
B1509175224736N00321388WA013870155700111
B1509185224728N00321364WA013850155400111
LFLA150919AZNSTAT 0 0
B1509195224720N00321340WA013850155200111
B1509205224712N00321315WA013820155000111
B1509215224704N00321290WA013800154700111
B1509225224696N00321265WA013770154500111
B1509235224688N00321239WA013750154300111
B1509245224680N00321213WA013730154200111
B1509255224672N00321187WA013710154100111
B1509265224664N00321160WA013710154000111
B1509275224656N00321134WA013710153900111
B1509285224649N00321107WA013690153800111
B1509295224641N00321081WA013680153600111
B1509305224633N00321055WA013650153400111
B1509315224626N00321029WA013620153000111
B1509325224618N00321003WA013620152600111
B1509335224610N00320976WA013580152200111
B1509345224603N00320949WA013530151700111
B1509355224595N00320920WA013490151300110
B1509365224587N00320891WA013450151000110
B1509375224579N00320861WA013420150800110
B1509385224571N00320830WA013410150700110
B1509395224562N00320800WA013400150700110
B1509405224553N00320770WA013400150900110
B1509415224544N00320741WA013430151400110
B1509425224535N00320714WA013510152200111
B1509435224526N00320688WA013580153000111
B1509445224517N00320665WA013660153800111
B1509455224509N00320642WA013660154300111
B1509465224502N00320619WA013730154600111
B1509475224498N00320596WA013770154700111
B1509485224498N00320572WA013770154800111
B1509495224503N00320551WA013780154900111
B1509505224512N00320533WA013790155000111
B1509515224524N00320522WA013790155100110
B1509525224537N00320519WA013800155200111
B1509535224550N00320523WA013810155300111
B1509545224562N00320533WA013820155500111
B1509555224571N00320550WA013830155500111
LFLA15095603sruridfe]tujvk
B1509565224576N00320571WA013840155600110
B1509575224577N00320594WA013840155700111
B1509585224575N00320619WA013840155700111
B1509595224570N00320642WA013850155600111
B1510005224561N00320664WA013850155600111
B1510015224548N00320681WA013850155700111
B1510025224533N00320694WA013860155800110
B1510035224517N00320701WA013870155900110
B1510045224500N00320702WA013890156000110
B1510055224483N00320698WA013890156100110
B1510065224467N00320690WA013890156000111
B1510075224452N00320676WA013890155900110
B1510085224439N00320659WA013890155900111
B1510095224428N00320638WA013890156100111
LFLA151009RFC 36821 36885 494 0 0
B1510105224420N00320615WA013890156200111
B1510115224416N00320591WA013910156400111
B1510125224414N00320568WA013920156500111
B1510135224415N00320544WA013930156500110
B1510145224418N00320522WA013930156500111
B1510155224424N00320502WA013930156500111
B1510165224433N00320486WA013940156500111
B1510175224445N00320473WA013930156400111
B1510185224457N00320468WA013930156400111
B1510195224471N00320470WA013920156300111
B1510205224484N00320481WA013930156300111
B1510215224493N00320499WA013930156400111
B1510225224498N00320522WA013930156500110
B1510235224496N00320547WA013930156500110
B1510245224490N00320571WA013940156600110
B1510255224478N00320591WA013940156600111
B1510265224464N00320606WA013940156600111
B1510275224447N00320615WA013940156600110
B1510285224430N00320621WA013950156700111
B1510295224412N00320624WA013950156900110
B1510305224395N00320626WA013970157000110
B1510315224378N00320627WA013990157100110
B1510325224362N00320626WA014000157100110
B1510335224345N00320623WA013980157000110
B1510345224329N00320616WA013990157000111
B1510355224314N00320607WA013990157100111
B1510365224300N00320595WA013990157200111
B1510375224287N00320582WA014000157400110
B1510385224274N00320569WA014020157600110
B1510395224262N00320555WA014040157700110
B1510405224249N00320541WA014050157700111
B1510415224236N00320527WA014050157700111
B1510425224223N00320513WA014050157700111
B1510435224210N00320500WA014060157800111
B1510445224195N00320490WA014080158000111
B1510455224180N00320482WA014100158300111
B1510465224165N00320477WA014130158500111
B1510475224149N00320474WA014140158700111
B1510485224133N00320475WA014160158800111
B1510495224117N00320478WA014160158800110
B1510505224101N00320484WA014170158800110
B1510515224086N00320494WA014160158700109
B1510525224071N00320507WA014150158500109
B1510535224056N00320521WA014140158500110
B1510545224042N00320536WA014140158600110
B1510555224027N00320550WA014140158600110
LFLA15105603srurknlow[Zead
B1510565224012N00320564WA014150158800110
B1510575223997N00320577WA014170159000110
B1510585223981N00320587WA014200159200110
B1510595223965N00320594WA014220159500110
B1511005223948N00320598WA014260159900109
B1511015223931N00320599WA014310160300109
B1511025223915N00320598WA014310160600109
B1511035223899N00320592WA014340160700110
B1511045223884N00320580WA014360160800110
B1511055223873N00320563WA014360160800109
B1511065223867N00320542WA014370160900110
B1511075223866N00320520WA014370161000109
B1511085223870N00320502WA014390161200110
B1511095223878N00320488WA014390161100110
B1511105223889N00320481WA014370160800110
B1511115223901N00320482WA014360160500110
B1511125223913N00320493WA014340160400110
B1511135223921N00320512WA014330160400110
B1511145223925N00320538WA014350160700110
B1511155223923N00320565WA014350161100110
B1511165223914N00320590WA014390161600110
B1511175223901N00320609WA014430162000110
B1511185223884N00320620WA014480162300109
B1511195223866N00320620WA014520162500109
B1511205223849N00320610WA014550162800110
B1511215223836N00320593WA014570162900110
B1511225223827N00320570WA014590163000110
B1511235223825N00320547WA014600163200110
B1511245223829N00320525WA014620163400110
B1511255223836N00320509WA014630163400110
B1511265223847N00320499WA014610163100110
B1511275223859N00320499WA014590162800110
B1511285223871N00320508WA014590162500110
B1511295223882N00320526WA014550162400110
B1511305223887N00320552WA014540162500109
B1511315223887N00320581WA014560162900110
B1511325223880N00320609WA014600163400110
B1511335223867N00320632WA014650164000110
B1511345223851N00320647WA014700164600110
B1511355223832N00320654WA014760165000109
B1511365223814N00320652WA014790165300110
B1511375223797N00320641WA014830165600110
B1511385223785N00320622WA014860165800110
B1511395223777N00320598WA014880166000109
B1511405223776N00320574WA014910166100109
B1511415223780N00320553WA014910166300110
B1511425223788N00320536WA014910166400110
B1511435223799N00320524WA014920166500110
B1511445223811N00320518WA014930166500110
B1511455223824N00320518WA014930166500110
B1511465223837N00320526WA014930166600110
B1511475223848N00320543WA014940166800110
B1511485223854N00320565WA014980167100110
B1511495223855N00320592WA015010167500110
B1511505223853N00320619WA015060167900110
B1511515223846N00320645WA015110168200110
B1511525223834N00320666WA015120168400110
B1511535223818N00320678WA015130168500109
B1511545223799N00320678WA015130168500110
B1511555223783N00320666WA015140168700110
LFLA15115603srruVSYRJGFAE@
B1511565223772N00320643WA015170168900109
B1511575223769N00320617WA015180169200110
B1511585223773N00320592WA015240169600110
B1511595223783N00320576WA015270170100210
B1512005223796N00320572WA015320170500210
B1512015223809N00320579WA015360170700210
B1512025223819N00320597WA015370170800210
B1512035223822N00320622WA015380170800210
B1512045223818N00320649WA015400170900210
B1512055223806N00320671WA015390171000210
B1512065223789N00320684WA015400171000209
B1512075223770N00320683WA015400171100210
B1512085223753N00320670WA015420171300210
B1512095223742N00320647WA015450171600209
B1512105223740N00320620WA015490171900210
B1512115223745N00320595WA015520172300210
B1512125223757N00320580WA015560172600210
B1512135223771N00320577WA015590172900210
B1512145223784N00320587WA015620173100210
B1512155223792N00320607WA015650173400210
B1512165223794N00320634WA015680173800210
B1512175223787N00320660WA015720174100210
B1512185223774N00320680WA015750174500210
B1512195223757N00320691WA015780174800210
B1512205223739N00320691WA015780175000210
B1512215223723N00320678WA015820175300209
B1512225223713N00320656WA015850175400210
B1512235223710N00320630WA015870175600210
B1512245223715N00320606WA015880175700210
B1512255223726N00320591WA015900175800210
B1512265223741N00320590WA015920176000210
B1512275223754N00320601WA015930176000210
B1512285223761N00320623WA015950176100210
B1512295223760N00320651WA015950176100210
B1512305223751N00320677WA015970176200210
B1512315223734N00320694WA016010176600210
B1512325223715N00320698WA016050177200209
B1512335223696N00320693WA016050177900210
B1512345223680N00320678WA016110178400210
B1512355223669N00320657WA016180178900210
B1512365223665N00320632WA016220179300210
B1512375223667N00320608WA016260179700109
B1512385223674N00320589WA016290180100109
B1512395223685N00320577WA016320180300109
B1512405223697N00320574WA016330180300110
B1512415223710N00320580WA016330180300110
B1512425223721N00320595WA016330180100110
B1512435223727N00320617WA016330180100109
B1512445223727N00320644WA016330180300110
B1512455223720N00320669WA016360180500110
B1512465223707N00320688WA016360180900110
B1512475223689N00320698WA016400181300110
B1512485223671N00320698WA016440181800110
B1512495223654N00320688WA016490182100110
B1512505223641N00320670WA016530182600110
B1512515223632N00320647WA016560183000110
B1512525223630N00320622WA016610183400110
B1512535223632N00320599WA016640183700109
B1512545223639N00320579WA016670183800110
B1512555223650N00320567WA016670183800109
LFLA15125603srrucfdg_rslxm
B1512565223663N00320562WA016660183700110
B1512575223676N00320566WA016640183600110
B1512585223688N00320579WA016630183500110
B1512595223696N00320600WA016630183500110
F151259300720062911052116
B1513005223699N00320625WA016630183700109
B1513015223697N00320652WA016650184200110
B1513025223689N00320676WA016710184700110
B1513035223676N00320695WA016760185200110
B1513045223661N00320707WA016820185700110
B1513055223644N00320713WA016870186200110
B1513065223626N00320713WA016910186600110
B1513075223610N00320707WA016960186800110
B1513085223595N00320693WA016980187000110
B1513095223584N00320672WA017000187200110
B1513105223579N00320648WA017030187400110
B1513115223580N00320623WA017050187600109
B1513125223585N00320601WA017050187900110
B1513135223594N00320585WA017070188000110
B1513145223605N00320576WA017080188100109
B1513155223618N00320574WA017080188000109
B1513165223631N00320580WA017090187800110
B1513175223642N00320595WA017060187600110
B1513185223649N00320616WA017050187600109
B1513195223652N00320643WA017050187800109
B1513205223650N00320669WA017080188200110
B1513215223643N00320694WA017130188700110
B1513225223631N00320715WA017180189300110
B1513235223617N00320729WA017240189800110
B1513245223600N00320737WA017290190200109
B1513255223583N00320738WA017290190600110
B1513265223566N00320733WA017330190900110
B1513275223551N00320723WA017360191200110
B1513285223537N00320707WA017400191500110
B1513295223524N00320689WA017430191900110
B1513305223512N00320670WA017470192300110
B1513315223500N00320652WA017520192600110
B1513325223488N00320633WA017550192800110
B1513335223477N00320614WA017560192700110
B1513345223466N00320595WA017550192600110
LFLA151335AZNSTAT 0 0
B1513355223455N00320576WA017540192500110
B1513365223443N00320557WA017520192300110
B1513375223431N00320538WA017510192200110
B1513385223418N00320520WA017510192100110
B1513395223406N00320503WA017480192000110
B1513405223393N00320486WA017480192000110
B1513415223380N00320469WA017480192100110
B1513425223366N00320452WA017500192300110
B1513435223353N00320436WA017520192500110
B1513445223340N00320421WA017540192800110
B1513455223326N00320406WA017560193100110
B1513465223313N00320392WA017570193200110
B1513475223299N00320378WA017580193300109
B1513485223286N00320364WA017590193300110
B1513495223273N00320349WA017600193500110
B1513505223261N00320333WA017610193500110
B1513515223249N00320317WA017610193600110
B1513525223238N00320300WA017620193700110
B1513535223227N00320282WA017630193800110
B1513545223216N00320264WA017640193900110
B1513555223206N00320245WA017640193900110
LFLA15135603srruidfe]vwptq
B1513565223196N00320226WA017640193800110
B1513575223186N00320207WA017640193800110
B1513585223175N00320188WA017630193700110
B1513595223165N00320169WA017620193700110
B1514005223154N00320149WA017610193600110
B1514015223144N00320130WA017600193500110
B1514025223133N00320111WA017600193400110
B1514035223123N00320091WA017600193300110
B1514045223112N00320072WA017590193200110
B1514055223102N00320053WA017580193100110
B1514065223091N00320034WA017570193100110
B1514075223081N00320015WA017560193000110
B1514085223071N00319996WA017560192900110
B1514095223061N00319978WA017550192700110
B1514105223050N00319959WA017530192500110
B1514115223039N00319941WA017510192200110
B1514125223028N00319923WA017470191900110
B1514135223016N00319905WA017430191600110
B1514145223004N00319886WA017400191400110
B1514155222992N00319867WA017380191100110
B1514165222981N00319848WA017380190900110
B1514175222969N00319828WA017360190600110
B1514185222957N00319808WA017330190300110
B1514195222945N00319788WA017290190100110
B1514205222933N00319768WA017270189900110
B1514215222920N00319748WA017250189700110
B1514225222908N00319729WA017230189600110
B1514235222895N00319710WA017230189500110
B1514245222882N00319691WA017210189500110
B1514255222870N00319672WA017200189300110
LFLA151425RFC 37333 36885 494 0 0
B1514265222858N00319654WA017180189100110
B1514275222845N00319635WA017160188800110
B1514285222833N00319615WA017130188500110
B1514295222820N00319595WA017100188200110
B1514305222808N00319575WA017100187900110
B1514315222795N00319554WA017060187600110
B1514325222783N00319533WA017040187400110
B1514335222771N00319511WA017010187100110
B1514345222759N00319489WA016990186900110
B1514355222747N00319467WA016960186600110
B1514365222735N00319444WA016930186300110
B1514375222723N00319422WA016900186100110
B1514385222710N00319400WA016870185900110
B1514395222698N00319377WA016850185700110
B1514405222686N00319355WA016840185600110
B1514415222674N00319333WA016820185400110
B1514425222662N00319311WA016820185300110
B1514435222650N00319289WA016810185200110
B1514445222639N00319267WA016790185000110
B1514455222627N00319246WA016770184900110
B1514465222615N00319224WA016760184800110
B1514475222604N00319203WA016750184700110
B1514485222593N00319182WA016730184600110
B1514495222582N00319160WA016730184500110
B1514505222571N00319138WA016710184300110
B1514515222560N00319116WA016690184200110
B1514525222549N00319094WA016670184000110
B1514535222538N00319072WA016660183900110
B1514545222527N00319049WA016650183800110
B1514555222516N00319027WA016640183700110
LFLA15145603srurlqkpxZ[d`e
B1514565222504N00319004WA016640183700110
B1514575222493N00318982WA016630183600110
B1514585222481N00318959WA016630183600110
B1514595222469N00318937WA016610183500110
B1515005222457N00318915WA016610183400110
B1515015222445N00318892WA016600183200110
B1515025222433N00318869WA016590183100110
B1515035222421N00318846WA016570182900110
B1515045222409N00318823WA016540182700110
B1515055222397N00318800WA016530182500110
B1515065222385N00318777WA016510182300110
B1515075222373N00318754WA016500182100110
B1515085222361N00318730WA016480182000110
B1515095222348N00318707WA016480181900110
B1515105222336N00318683WA016470181800110
B1515115222324N00318660WA016450181600110
B1515125222311N00318636WA016430181400110
B1515135222299N00318613WA016420181300110
B1515145222287N00318589WA016410181300110
B1515155222275N00318565WA016410181300110
B1515165222263N00318542WA016400181300110
B1515175222251N00318519WA016400181200110
B1515185222239N00318496WA016390181200110
B1515195222227N00318474WA016390181100110
B1515205222215N00318451WA016380181000110
B1515215222203N00318428WA016370180800110
B1515225222190N00318406WA016370180700110
B1515235222178N00318383WA016340180500110
B1515245222165N00318361WA016330180400110
B1515255222153N00318339WA016310180200110
B1515265222141N00318317WA016300180100110
B1515275222129N00318295WA016290180100110
B1515285222118N00318273WA016280180000110
B1515295222106N00318251WA016280180100110
B1515305222095N00318230WA016290180200110
B1515315222084N00318209WA016300180400110
B1515325222073N00318189WA016320180500110
B1515335222063N00318169WA016330180700110
B1515345222053N00318149WA016330180700110
B1515355222043N00318129WA016330180600110
B1515365222034N00318108WA016330180400110
B1515375222024N00318086WA016310180100110
B1515385222015N00318064WA016290179600110
B1515395222006N00318040WA016240179300110
B1515405221997N00318015WA016200179000110
B1515415221987N00317990WA016190178800110
B1515425221978N00317964WA016120178800110
B1515435221968N00317939WA016130178800110
B1515445221958N00317915WA016160178900110
B1515455221949N00317891WA016200179000110
B1515465221941N00317867WA016180179000110
B1515475221932N00317844WA016180178900110
B1515485221924N00317820WA016180178800110
B1515495221916N00317797WA016170178500110
B1515505221907N00317773WA016130178100109
B1515515221898N00317749WA016100177700110
B1515525221888N00317725WA016060177200110
B1515535221877N00317702WA016000176800110
B1515545221866N00317678WA015950176300109
B1515555221854N00317656WA015910176000109
LFLA15155603srurmpjqy[Zead
B1515565221841N00317634WA015870175600109
B1515575221827N00317612WA015810175100110
B1515585221813N00317590WA015760174600110
B1515595221799N00317567WA015720174200110
B1516005221785N00317544WA015680173800110
B1516015221771N00317520WA015680173500110
B1516025221758N00317496WA015630173100110
B1516035221744N00317471WA015600172900110
B1516045221731N00317446WA015590172600110
B1516055221718N00317422WA015550172400110
B1516065221705N00317396WA015490172200110
B1516075221693N00317371WA015480172100110
B1516085221680N00317346WA015450171900110
B1516095221668N00317321WA015430171800110
B1516105221655N00317295WA015420171600110
B1516115221643N00317270WA015390171500110
B1516125221630N00317245WA015360171100110
B1516135221617N00317220WA015330170700110
B1516145221604N00317194WA015330170300110
B1516155221591N00317167WA015290170000110
B1516165221578N00317140WA015250169700110
B1516175221565N00317112WA015230169300110
B1516185221551N00317084WA015180169100110
B1516195221537N00317056WA015160169100110
B1516205221524N00317028WA015160169400110
B1516215221510N00317001WA015200169700110
B1516225221498N00316974WA015230169800110
B1516235221485N00316948WA015240169800110
B1516245221472N00316921WA015220169600110
B1516255221460N00316894WA015200169400110
B1516265221447N00316867WA015200169100110
B1516275221434N00316840WA015160168800109
B1516285221421N00316812WA015110168600109
B1516295221407N00316786WA015110168800109
B1516305221394N00316760WA015110169100110
B1516315221382N00316735WA015150169400110
B1516325221370N00316711WA015180169500110
B1516335221357N00316688WA015200169500110
B1516345221345N00316665WA015200169400110
B1516355221333N00316642WA015180169200110
B1516365221321N00316619WA015160169200110
B1516375221309N00316596WA015160169200110
B1516385221297N00316573WA015170169300110
B1516395221286N00316551WA015170169400110
B1516405221275N00316530WA015180169300110
B1516415221264N00316508WA015180169300110
B1516425221253N00316486WA015170169200110
B1516435221243N00316465WA015160169200110
B1516445221232N00316443WA015160169200110
B1516455221222N00316421WA015160169200110
B1516465221211N00316399WA015160169200110
B1516475221201N00316378WA015150169100110
B1516485221190N00316356WA015140169000110
B1516495221178N00316334WA015130168900110
B1516505221167N00316312WA015120168800110
B1516515221156N00316290WA015110168800110
B1516525221144N00316267WA015110168700110
B1516535221133N00316244WA015110168700110
B1516545221122N00316220WA015100168600110
B1516555221111N00316196WA015100168500110
LFLA15165603srurmpjqy%_h#i
B1516565221100N00316172WA015090168400109
B1516575221088N00316147WA015090168300109
B1516585221077N00316123WA015070168100109
B1516595221065N00316098WA015060168000109
B1517005221053N00316072WA015040167900109
B1517015221041N00316047WA015020167700109
B1517025221028N00316022WA015010167500110
B1517035221016N00315996WA014990167300110
B1517045221004N00315970WA014960167100110
B1517055220992N00315944WA014960167000110
B1517065220979N00315918WA014940166900110
B1517075220967N00315892WA014930166900110
B1517085220955N00315866WA014920166800110
B1517095220943N00315840WA014920166800110
B1517105220931N00315814WA014920166900110
B1517115220918N00315789WA014920166900110
B1517125220907N00315764WA014920167000110
B1517135220895N00315740WA014930167000110
B1517145220883N00315716WA014920166800110
B1517155220872N00315692WA014910166600110
B1517165220860N00315668WA014890166400110
B1517175220849N00315644WA014880166200110
B1517185220838N00315620WA014880166100110
B1517195220827N00315596WA014860165900110
B1517205220816N00315573WA014840165800110
B1517215220804N00315549WA014810165700110
B1517225220793N00315525WA014810165900110
B1517235220782N00315502WA014840166300110
B1517245220770N00315480WA014880166800110
B1517255220760N00315458WA014920167200110
B1517265220749N00315438WA014970167400110
B1517275220738N00315417WA014990167400110
B1517285220727N00315397WA014970167200110
B1517295220716N00315377WA014930166900110
B1517305220705N00315357WA014900166600110
B1517315220694N00315337WA014900166300110
B1517325220682N00315317WA014870166100110
B1517335220670N00315297WA014850165900110
B1517345220659N00315277WA014830165700110
B1517355220647N00315258WA014800165600110
B1517365220636N00315238WA014780165500110
B1517375220625N00315219WA014770165300110
B1517385220613N00315199WA014760165100110
B1517395220602N00315179WA014750164900110
B1517405220591N00315159WA014730164700110
B1517415220579N00315138WA014710164500110
B1517425220568N00315117WA014680164300110
B1517435220557N00315096WA014650164100110
B1517445220546N00315075WA014650164000110
B1517455220535N00315054WA014640163900110
B1517465220524N00315034WA014640163900110
B1517475220513N00315013WA014640163900110
B1517485220503N00314992WA014640163800110
B1517495220492N00314972WA014620163500110
B1517505220481N00314951WA014590163200109
LFLA151751AZNSTAT 0 0
B1517515220470N00314930WA014560162800109
B1517525220457N00314909WA014520162500109
B1517535220444N00314888WA014480162000110
B1517545220431N00314867WA014430161700110
B1517555220417N00314846WA014390161300110
LFLA15175603srurmpjqy]#c_b
B1517565220402N00314824WA014360160900110
B1517575220388N00314803WA014360160600110
B1517585220373N00314781WA014320160400110
B1517595220359N00314759WA014290160100110
F15175930072006291105211609
B1518005220344N00314736WA014270159900110
B1518015220329N00314713WA014250159700110
B1518025220315N00314691WA014220159500110
B1518035220300N00314668WA014200159300110
B1518045220285N00314645WA014180159100110
B1518055220270N00314623WA014170159100110
B1518065220255N00314600WA014170159100110
B1518075220241N00314578WA014170159100110
B1518085220227N00314556WA014170159300110
B1518095220213N00314534WA014200159500110
B1518105220199N00314513WA014200159900110
B1518115220186N00314492WA014250160200110
B1518125220173N00314473WA014280160800110
B1518135220161N00314455WA014330161400110
B1518145220149N00314437WA014390161800110
B1518155220137N00314420WA014430162000110
B1518165220126N00314404WA014450162000110
B1518175220115N00314388WA014460162100110
B1518185220104N00314371WA014470162100110
B1518195220093N00314355WA014470162200110
B1518205220082N00314338WA014480162300110
B1518215220071N00314321WA014500162400110
B1518225220060N00314305WA014520162600110
B1518235220049N00314288WA014520162900110
B1518245220038N00314272WA014540163100110
B1518255220027N00314256WA014560163300110
B1518265220017N00314240WA014580163300110
B1518275220006N00314224WA014590163300110
B1518285219996N00314208WA014590163400110
B1518295219985N00314192WA014580163300110
B1518305219975N00314175WA014580163200110
B1518315219964N00314158WA014570163000110
B1518325219954N00314141WA014550162900110
B1518335219943N00314123WA014550162800110
B1518345219931N00314104WA014550162900110
B1518355219920N00314085WA014560163100110
B1518365219908N00314067WA014560163300110
B1518375219897N00314048WA014580163200110
B1518385219885N00314030WA014590163100110
B1518395219874N00314012WA014570163000110
B1518405219863N00313993WA014560162900110
B1518415219852N00313974WA014550162700110
LFLA151841RFC 37845 36885 494 0 0
B1518425219840N00313955WA014530162600110
B1518435219829N00313935WA014520162500110
B1518445219818N00313916WA014500162300110
B1518455219806N00313896WA014470162100110
B1518465219794N00313877WA014450161800110
B1518475219782N00313857WA014410161500110
B1518485219770N00313837WA014380161200110
B1518495219757N00313816WA014380160900110
B1518505219743N00313795WA014350160700110
B1518515219730N00313773WA014330160500110
B1518525219716N00313752WA014310160400110
B1518535219702N00313730WA014300160700110
B1518545219689N00313708WA014330161200110
B1518555219677N00313688WA014380161700110
LFLA15185603srurlqkpx[Zead
B1518565219664N00313668WA014430162000110
B1518575219652N00313648WA014460162000110
B1518585219639N00313628WA014450161900110
B1518595219627N00313608WA014440161800110
B1519005219614N00313588WA014430161800110
B1519015219601N00313567WA014450162000110
B1519025219588N00313547WA014450162400110
B1519035219576N00313528WA014480162800110
B1519045219564N00313510WA014520163100110
B1519055219552N00313492WA014550163300110
B1519065219541N00313474WA014580163200110
B1519075219529N00313456WA014570163100110
B1519085219517N00313438WA014550162900110
B1519095219506N00313420WA014540162700110
B1519105219494N00313402WA014520162500110
B1519115219482N00313383WA014500162300110
B1519125219470N00313364WA014480162100110
B1519135219457N00313345WA014460162000110
B1519145219444N00313326WA014450161900110
B1519155219431N00313306WA014450161900110
B1519165219417N00313287WA014450162000110
B1519175219403N00313267WA014450162000110
B1519185219389N00313247WA014460162000110
B1519195219375N00313227WA014450161900110
B1519205219362N00313206WA014450161900110
B1519215219349N00313186WA014450162000110
B1519225219336N00313165WA014460162200110
B1519235219323N00313145WA014480162300110
B1519245219311N00313125WA014500162500110
B1519255219299N00313105WA014510162500110
B1519265219287N00313086WA014510162400110
B1519275219275N00313066WA014490162300110
B1519285219264N00313047WA014470162100110
B1519295219252N00313027WA014470162000110
B1519305219240N00313007WA014450161800110
B1519315219228N00312988WA014430161700110
B1519325219217N00312968WA014410161500110
B1519335219205N00312947WA014410161400110
B1519345219193N00312927WA014390161200110
B1519355219181N00312907WA014380161100110
B1519365219168N00312887WA014360160900110
B1519375219156N00312867WA014340160900110
B1519385219144N00312847WA014340160800110
B1519395219132N00312827WA014330160600110
B1519405219119N00312808WA014320160600110
B1519415219107N00312789WA014320160600110
B1519425219094N00312771WA014320160700110
B1519435219081N00312753WA014330160800110
B1519445219068N00312736WA014330160800110
B1519455219056N00312719WA014330160700110
B1519465219043N00312703WA014320160600110
B1519475219030N00312686WA014310160400110
B1519485219017N00312669WA014300160300110
B1519495219004N00312653WA014280160200110
B1519505218990N00312637WA014280160100110
B1519515218976N00312622WA014270160000110
B1519525218961N00312608WA014250159900110
B1519535218945N00312595WA014250159800110
B1519545218930N00312582WA014240159800110
B1519555218914N00312569WA014240159600110
LFLA15195603sruridfe]xynro
B1519565218898N00312556WA014240159400109
B1519575218882N00312541WA014210159300109
B1519585218867N00312526WA014200159200110
B1519595218853N00312509WA014200159200110
B1520005218839N00312491WA014180159400110
B1520015218827N00312473WA014210159700110
B1520025218815N00312455WA014240160000110
B1520035218805N00312437WA014250160100110
B1520045218795N00312419WA014260160100110
B1520055218785N00312401WA014250160000110
B1520065218775N00312383WA014250159800110
B1520075218765N00312365WA014220159500110
B1520085218756N00312347WA014220159200110
B1520095218745N00312328WA014180158800110
B1520105218735N00312309WA014140158400110
B1520115218724N00312289WA014100158000110
B1520125218712N00312269WA014070157700110
B1520135218700N00312249WA014040157600110
B1520145218687N00312229WA014020157600110
B1520155218675N00312210WA014030157700110
B1520165218663N00312191WA014040157800110
B1520175218651N00312172WA014050157900110
B1520185218639N00312154WA014060158100110
B1520195218627N00312135WA014080158200110
B1520205218615N00312117WA014080158100110
B1520215218603N00312099WA014080158000110
B1520225218592N00312080WA014070157800110
B1520235218580N00312061WA014040157500110
B1520245218569N00312042WA014010157400110
B1520255218558N00312022WA013990157200110
B1520265218546N00312002WA013970157000110
B1520275218535N00311981WA013950156700110
B1520285218524N00311960WA013930156500110
B1520295218512N00311938WA013900156300110
B1520305218501N00311916WA013880156100110
B1520315218490N00311893WA013860155900110
B1520325218479N00311870WA013840155800110
B1520335218468N00311847WA013840155600110
B1520345218457N00311823WA013820155400110
B1520355218446N00311799WA013810155300110
B1520365218436N00311775WA013800155100110
LFLA15203702a[erwhs;sd[m?qeqaH]I%ohsZs]r
B1520375218426N00311750WA013780154900110
B1520385218416N00311725WA013760154800110
B1520395218406N00311699WA013740154600110
B1520405218396N00311674WA013720154400109
B1520415218385N00311648WA013700154300109
LFLA15204202a[erw>Ph:YNDvHim]GZF_nir#u#s
B1520425218374N00311624WA013690154200109
B1520435218361N00311601WA013680154100110
LFLA15204402a[erwO?wjfam?qHO?VHWn_xcjcmb
B1520445218347N00311579WA013670154000110
B1520455218332N00311558WA013650153800110
B1520465218317N00311538WA013650153600110
LFLA15204702a[erwenFw`g:p>AXHK=Jsbm%xax_
B1520475218301N00311519WA013640153500110
B1520485218285N00311500WA013610153200110
B1520495218269N00311480WA013600153000110
B1520505218253N00311460WA013580153000110
B1520515218237N00311440WA013570153200110
B1520525218221N00311422WA013590153600110
B1520535218206N00311404WA013640154000110
B1520545218190N00311388WA013680154300110
B1520555218176N00311372WA013700154400110
LFLA15205603srurlqkpxZ[d`e
B1520565218161N00311357WA013710154400110
B1520575218145N00311342WA013710154300110
B1520585218129N00311328WA013720154600110
B1520595218113N00311314WA013720155000110
B1521005218097N00311301WA013760155400110
B1521015218082N00311287WA013800155700110
B1521025218066N00311274WA013830155900109
B1521035218050N00311261WA013850156000109
B1521045218035N00311248WA013870156200109
B1521055218019N00311235WA013900156700110
B1521065218005N00311221WA013950157100110
B1521075217990N00311208WA014010157300110
LFLA15210802a[erwpV%SQV#Q_X@P=K<IY>MDMCL
B1521085217975N00311199WA014020157300110
B1521095217958N00311198WA014020157400110
B1521105217942N00311205WA014020157400110
B1521115217928N00311220WA014030157600110
LFLA15211202a[erwPyA_%iDyG%CS=J=IY>MCJCL
B1521125217917N00311242WA014030157900110
B1521135217911N00311265WA014050158200110
B1521145217909N00311290WA014080158500110
B1521155217909N00311314WA014110158800110
B1521165217913N00311335WA014150159100110
B1521175217920N00311353WA014190159300110
LFLA15211802a[erweV%qqvlAo_TDhwhtdk`y`va
B1521185217930N00311366WA014210159500110
B1521195217941N00311372WA014220159700110
B1521205217952N00311371WA014240159800109
B1521215217961N00311364WA014240159900109
B1521225217968N00311351WA014250159900109
B1521235217971N00311334WA014240159900110
B1521245217970N00311313WA014240159900109
B1521255217966N00311293WA014240159900110
B1521265217957N00311273WA014250160000109
B1521275217944N00311258WA014250160200109
B1521285217928N00311247WA014270160300109
B1521295217911N00311242WA014280160300110
B1521305217894N00311246WA014290160500109
B1521315217878N00311258WA014300160700110
B1521325217865N00311278WA014330160900110
LFLA15213302a[erwTeMlujNZLJueK;LSBM>XAX?
B1521335217858N00311301WA014360161300110
B1521345217857N00311326WA014390161500110
B1521355217860N00311348WA014410161700110
LFLA15213602a[erwq@x[b]?k=vXHdtc`qfu#u[t
B1521365217868N00311366WA014430161800110
B1521375217878N00311375WA014430161900109
B1521385217889N00311377WA014430161900109
B1521395217900N00311372WA014440162000109
B1521405217907N00311359WA014450162100110
B1521415217912N00311342WA014450162100110
B1521425217911N00311322WA014470162300109
B1521435217906N00311301WA014490162500109
B1521445217896N00311284WA014500162600108
B1521455217882N00311271WA014510162600108
B1521465217866N00311265WA014510162500110
B1521475217848N00311265WA014500162300110
B1521485217831N00311275WA014480162200109
B1521495217817N00311293WA014480162200110
LFLA15215002a[erwx=u=wq=rDLxhwfyvgp[u#uZ
B1521505217808N00311317WA014480162400110
B1521515217805N00311343WA014490162600110
B1521525217808N00311367WA014500162800109
B1521535217815N00311387WA014520163000110
LFLA15215402a[erw[W_Kh%T[MX[k`q%et[pipfq
B1521545217825N00311401WA014530163200110
B1521555217836N00311407WA014550163300109
LFLA15215603srrua#%]enoxly
B1521565217847N00311405WA014580163500109
B1521575217857N00311397WA014580163600109
B1521585217864N00311383WA014600163700110
B1521595217868N00311365WA014610163700110
B1522005217868N00311345WA014620163900109
B1522015217865N00311324WA014640164200110
B1522025217859N00311303WA014680164600110
B1522035217849N00311285WA014680164900109
B1522045217837N00311271WA014710165100109
B1522055217821N00311261WA014740165200110
B1522065217804N00311258WA014750165200110
LFLA152207AZNSTAT 0 0
B1522075217787N00311263WA014740165100109
B1522085217771N00311277WA014730165100109
B1522095217759N00311297WA014730165100110
LFLA15221002a[erwKcKCf`r=ke:Jeubix_lbkbm
B1522105217752N00311321WA014750165200109
B1522115217751N00311347WA014750165300109
B1522125217756N00311369WA014780165500110
LFLA15221302a[erw<s;gI??xFvWG]mZ_nir[r#s
B1522135217766N00311385WA014800165700110
B1522145217778N00311392WA014810165700110
B1522155217790N00311389WA014820165800109
B1522165217800N00311379WA014820165900209
B1522175217806N00311361WA014820166000209
B1522185217807N00311339WA014820166300209
B1522195217802N00311317WA014840166600210
B1522205217793N00311297WA014880166900210
B1522215217780N00311282WA014940167300210
B1522225217764N00311271WA014960167400210
B1522235217746N00311268WA014980167400210
B1522245217729N00311274WA014980167300209
B1522255217714N00311289WA014970167300209
B1522265217703N00311311WA014970167400210
B1522275217696N00311336WA014990167600110
B1522285217696N00311361WA014990167800109
B1522295217701N00311383WA015000168000110
B1522305217710N00311400WA015030168100210
B1522315217721N00311408WA015040168300210
B1522325217733N00311408WA015050168300210
B1522335217743N00311400WA015050168300210
B1522345217750N00311385WA015050168300210
B1522355217754N00311366WA015060168400210
B1522365217752N00311344WA015090168700209
B1522375217745N00311322WA015120168900210
B1522385217732N00311304WA015140169000209
B1522395217716N00311294WA015150168400210
B1522405217697N00311293WA015130168000209
B1522415217679N00311301WA015130168000109
B1522425217664N00311320WA015110168100110
B1522435217655N00311344WA015120168200110
B1522445217652N00311371WA015130168200108
B1522455217654N00311396WA015100168100109
B1522465217660N00311417WA015080167900209
B1522475217670N00311432WA015050167700210
B1522485217682N00311438WA015030167700209
B1522495217694N00311437WA015020167700109
B1522505217704N00311427WA015020167800110
B1522515217711N00311411WA015050168200110
B1522525217717N00311393WA015100168700110
B1522535217720N00311373WA015170169100110
B1522545217720N00311353WA015170169400109
B1522555217716N00311332WA015200169400109
LFLA15225603srruidfe]srmyl
B1522565217706N00311313WA015200169400109
B1522575217691N00311299WA015210169200109
LFLA152257RFC 38357 36990 497 0 0
B1522585217673N00311292WA015190168900110
B1522595217653N00311295WA015160168700110
F15225930072006291105211609
B1523005217635N00311308WA015150168800110
B1523015217621N00311330WA015160169100110
B1523025217613N00311356WA015190169400110
B1523035217612N00311383WA015220169500109
B1523045217618N00311404WA015220169500110
B1523055217627N00311418WA015220169400210
B1523065217639N00311422WA015210169400209
B1523075217650N00311415WA015210169400209
B1523085217658N00311398WA015210169600210
B1523095217660N00311375WA015230169900210
B1523105217655N00311351WA015250170200210
B1523115217645N00311329WA015260170400209
B1523125217631N00311314WA015280170500209
B1523135217613N00311306WA015290170600210
B1523145217594N00311309WA015300170600209
B1523155217576N00311320WA015290170700209
B1523165217562N00311339WA015300170800209
B1523175217552N00311362WA015330171000110
B1523185217546N00311387WA015360171200110
B1523195217546N00311412WA015360171400109
B1523205217549N00311433WA015370171500110
LFLA15232102?JL_]JeipaLGp>_AQAP?ir]ngnho
B1523215217556N00311450WA015380171500110
B1523225217565N00311462WA015390171500109
B1523235217576N00311468WA015380171300109
B1523245217587N00311468WA015370171200109
LFLA15232502?JL_]#XTgm@QfXjxhwfyWDK@V?VA
B1523255217598N00311460WA015370171300110
B1523265217607N00311446WA015380171500110
B1523275217614N00311428WA015400171800110
B1523285217618N00311409WA015430172100110
B1523295217621N00311388WA015470172400109
B1523305217622N00311366WA015490172600109
B1523315217619N00311344WA015520172800109
B1523325217613N00311322WA015520173000110
LFLA15233302a[erwB@;VhU>xF<XH?O@[jev`y`w
B1523335217602N00311303WA015540173000109
LFLA15233402a[erw?DG=k>LbTQHXJ:MGW@KBKEJ
B1523345217586N00311291WA015550173100109
B1523355217569N00311286WA015550173100110
B1523365217550N00311290WA015550173100109
B1523375217534N00311302WA015550173100109
B1523385217520N00311322WA015540172900109
B1523395217512N00311346WA015530172700110
B1523405217510N00311372WA015510172500109
B1523415217513N00311396WA015480172300110
B1523425217521N00311416WA015480172300110
B1523435217532N00311428WA015480172400110
B1523445217544N00311434WA015500172800110
B1523455217557N00311435WA015500173200109
B1523465217569N00311431WA015540173600109
LFLA15234702a[erwD:AmtjgQ_adt=M:XDK@V?VA
B1523475217580N00311424WA015580173800109
B1523485217589N00311412WA015620173800109
B1523495217597N00311396WA015630173800110
LFLA15235002a[erwI<?iagr<jhbrEUBj%ybkblc
B1523505217602N00311377WA015640173900110
B1523515217604N00311356WA015650173600109
B1523525217602N00311332WA015660173400109
B1523535217595N00311309WA015660173500110
B1523545217584N00311288WA015670173700109
B1523555217568N00311272WA015680173900110
LFLA15235603srruBGEF>SRMYL
B1523565217551N00311263WA015710174200110
B1523575217532N00311262WA015740174500109
B1523585217514N00311271WA015740174700109
B1523595217499N00311288WA015770175000110
B1524005217487N00311310WA015790175200109
B1524015217481N00311335WA015820175400109
B1524025217479N00311361WA015840175500109
B1524035217483N00311384WA015850175600109
B1524045217491N00311401WA015850175700110
B1524055217502N00311411WA015860175800109
B1524065217514N00311414WA015870175900209
B1524075217526N00311408WA015880176000209
B1524085217536N00311396WA015890176200210
B1524095217542N00311378WA015930176400110
B1524105217543N00311356WA015930176600110
B1524115217539N00311333WA015950176800110
B1524125217529N00311312WA015970177100109
B1524135217515N00311296WA015990177300109
B1524145217498N00311287WA016010177500109
B1524155217480N00311285WA016030177600110
B1524165217462N00311293WA016040177700109
B1524175217447N00311309WA016060177800110
B1524185217437N00311332WA016070178000110
B1524195217433N00311357WA016080178000110
B1524205217436N00311381WA016070177900109
B1524215217444N00311399WA016070177900209
B1524225217455N00311408WA016070177900209
LFLA15242302a[erw@FEovpTZLU#lvgx:OHS=T=R
B1524235217468N00311406WA016070177900209
B1524245217478N00311396WA016060178100210
B1524255217486N00311380WA016070178400110
B1524265217491N00311360WA016090178700110
B1524275217493N00311339WA016120179000109
B1524285217490N00311316WA016150179200110
B1524295217481N00311294WA016170179300110
B1524305217468N00311278WA016190179400108
B1524315217451N00311270WA016200179500109
LFLA15243202a[erw[efwoy#Rd=P@SBUZqfu#u[t
B1524325217432N00311270WA016200179500109
B1524335217414N00311278WA016200179500109
B1524345217399N00311295WA016190179500109
B1524355217388N00311318WA016200179600110
B1524365217383N00311344WA016200179700110
B1524375217383N00311370WA016210179800109
B1524385217389N00311393WA016210179900110
B1524395217398N00311409WA016230180000110
B1524405217409N00311419WA016240180200109
B1524415217421N00311421WA016260180500109
B1524425217433N00311417WA016290180700110
B1524435217443N00311407WA016310180900110
B1524445217451N00311392WA016330181100110
B1524455217456N00311373WA016360181400110
B1524465217458N00311351WA016390181700110
B1524475217458N00311329WA016420182200110
B1524485217455N00311307WA016460182600110
LFLA15244902a[erwA?<n;n>wIU>N`p_EW@KELEJ
B1524495217451N00311285WA016460182900110
B1524505217444N00311264WA016500183100109
B1524515217435N00311243WA016520183300110
B1524525217426N00311223WA016540183500110
B1524535217415N00311205WA016560183600109
B1524545217402N00311187WA016580183700109
B1524555217389N00311171WA016590183800109
LFLA15245603srrugbhc[srmyl
B1524565217374N00311158WA016610184100110
B1524575217359N00311147WA016630184300110
B1524585217344N00311138WA016660184500110
B1524595217329N00311130WA016680184700110
B1525005217313N00311122WA016700184800110
B1525015217298N00311116WA016700184800110
B1525025217282N00311110WA016710184900110
B1525035217266N00311104WA016720185000110
B1525045217250N00311100WA016730185100110
B1525055217234N00311096WA016740185300110
B1525065217217N00311093WA016760185600110
B1525075217200N00311090WA016800185900109
B1525085217184N00311088WA016840186200109
B1525095217168N00311085WA016870186600109
B1525105217152N00311082WA016910186900109
B1525115217136N00311078WA016930187100109
B1525125217120N00311075WA016950187300110
B1525135217105N00311071WA016960187400110
B1525145217089N00311067WA016960187400110
B1525155217073N00311063WA016970187300110
B1525165217057N00311058WA016960187100110
B1525175217041N00311053WA016950186800110
B1525185217024N00311049WA016920186400110
B1525195217007N00311045WA016870186000110
B1525205216989N00311042WA016840185700109
B1525215216971N00311039WA016810185400109
B1525225216953N00311036WA016770185200109
B1525235216935N00311034WA016760185100109
B1525245216916N00311031WA016770185300109
B1525255216898N00311029WA016800185600109
B1525265216881N00311027WA016840185900110
B1525275216863N00311025WA016840186200110
B1525285216845N00311023WA016860186400109
B1525295216828N00311022WA016890186700109
B1525305216810N00311022WA016920187000109
B1525315216793N00311022WA016940187200109
B1525325216775N00311022WA016960187400109
B1525335216757N00311022WA016990187600109
B1525345216739N00311022WA017010187700109
B1525355216721N00311022WA017020187700109
B1525365216703N00311023WA017020187600109
B1525375216684N00311024WA017010187500109
B1525385216666N00311025WA016980187300110
B1525395216648N00311026WA016960187100109
B1525405216629N00311026WA016960187000109
B1525415216610N00311026WA016950186900109
B1525425216591N00311026WA016940186800109
B1525435216571N00311027WA016930186800109
B1525445216552N00311027WA016930186700109
B1525455216533N00311028WA016920186500109
B1525465216514N00311030WA016900186300110
B1525475216495N00311032WA016880186000110
B1525485216476N00311034WA016850185900110
B1525495216456N00311036WA016840185800110
B1525505216437N00311039WA016840185800110
B1525515216417N00311042WA016840185800110
B1525525216398N00311045WA016840185800110
B1525535216378N00311047WA016840185900110
B1525545216359N00311050WA016840185900110
B1525555216339N00311053WA016840185900110
LFLA15255603srrujomnv[Zead
B1525565216319N00311057WA016840185900110
B1525575216300N00311061WA016840185800110
B1525585216280N00311065WA016830185700110
B1525595216261N00311070WA016830185700109
B1526005216242N00311075WA016820185800109
B1526015216223N00311080WA016830185800110
B1526025216205N00311085WA016830185700110
B1526035216186N00311091WA016810185500110
B1526045216167N00311096WA016790185300110
B1526055216149N00311102WA016760185100110
B1526065216130N00311107WA016760184900110
B1526075216111N00311112WA016740184700110
B1526085216092N00311116WA016710184500109
B1526095216073N00311118WA016700184300110
B1526105216054N00311119WA016670184100110
B1526115216034N00311119WA016650183800109
B1526125216014N00311117WA016630183500109
B1526135215995N00311114WA016590183200109
B1526145215975N00311109WA016550183000109
B1526155215955N00311104WA016520182700109
B1526165215935N00311098WA016490182500109
B1526175215916N00311093WA016480182400110
B1526185215897N00311087WA016470182300110
B1526195215878N00311081WA016470182200110
B1526205215860N00311074WA016470182100110
B1526215215842N00311068WA016450182000110
B1526225215824N00311061WA016450181900110
LFLA152623AZNSTAT 0 0
B1526235215807N00311055WA016440181800110
B1526245215790N00311048WA016420181700110
B1526255215773N00311042WA016410181500110
B1526265215757N00311037WA016390181200110
B1526275215740N00311031WA016370180900109
B1526285215723N00311026WA016310180400109
B1526295215705N00311021WA016270179900109
B1526305215686N00311016WA016220179500109
B1526315215667N00311012WA016180179200109
B1526325215648N00311007WA016180178900109
B1526335215629N00311002WA016150178700110
B1526345215610N00310997WA016130178500109
B1526355215591N00310992WA016110178200109
B1526365215571N00310986WA016080177900109
B1526375215552N00310980WA016060177600109
B1526385215532N00310975WA016020177200109
B1526395215513N00310969WA015980176900109
B1526405215493N00310963WA015960176700109
B1526415215473N00310957WA015930176500109
B1526425215453N00310951WA015910176300109
B1526435215434N00310945WA015880176000109
B1526445215414N00310939WA015840175600109
B1526455215394N00310933WA015840175300109
B1526465215374N00310927WA015800175100109
B1526475215354N00310921WA015770174900110
B1526485215333N00310915WA015760174700110
B1526495215313N00310910WA015740174600109
B1526505215293N00310904WA015720174400109
B1526515215272N00310900WA015710174300109
B1526525215252N00310896WA015700174200110
B1526535215231N00310892WA015670174100110
B1526545215211N00310887WA015680174100110
B1526555215191N00310882WA015680174100110
LFLA15265603srurfcibZxynro
B1526565215171N00310877WA015670174100110
B1526575215151N00310872WA015670174000110
B1526585215132N00310867WA015670174000110
B1526595215112N00310862WA015660173900110
B1527005215092N00310856WA015650173800110
B1527015215073N00310851WA015640173600110
B1527025215053N00310846WA015620173400110
B1527035215033N00310842WA015610173200110
B1527045215013N00310837WA015600173200110
B1527055214993N00310832WA015600173200110
B1527065214973N00310828WA015590173100110
B1527075214953N00310823WA015580173000109
B1527085214933N00310819WA015570172800109
B1527095214913N00310815WA015550172600109
B1527105214893N00310812WA015550172400110
B1527115214873N00310808WA015510172200110
B1527125214853N00310804WA015490172000110
B1527135214833N00310799WA015480171900110
LFLA152713RFC 38869 37094 499 0 0
B1527145214813N00310794WA015460171700110
B1527155214792N00310789WA015440171400110
B1527165214771N00310785WA015410171100110
B1527175214751N00310780WA015370170900110
B1527185214730N00310776WA015350170700110
B1527195214709N00310772WA015330170500110
B1527205214688N00310769WA015310170300110
B1527215214666N00310765WA015330170100110
B1527225214645N00310761WA015310170000110
B1527235214624N00310758WA015310169900110
B1527245214603N00310754WA015290169800110
B1527255214582N00310750WA015280169800110
B1527265214562N00310746WA015260169700110
B1527275214541N00310741WA015240169700110
B1527285214521N00310736WA015240169600110
B1527295214501N00310731WA015250169500110
B1527305214481N00310726WA015240169500109
B1527315214461N00310721WA015240169400109
B1527325214441N00310716WA015230169300109
B1527335214421N00310711WA015220169200110
B1527345214401N00310706WA015210169000109
B1527355214381N00310701WA015200168900109
B1527365214361N00310697WA015200168700109
B1527375214341N00310693WA015180168600109
B1527385214321N00310690WA015170168400109
B1527395214301N00310688WA015150168300109
B1527405214280N00310686WA015140168100109
B1527415214260N00310685WA015120167900109
B1527425214240N00310684WA015100167600109
B1527435214219N00310683WA015070167400109
B1527445214199N00310682WA015030167200109
B1527455214178N00310682WA015010167000109
B1527465214158N00310682WA014980166800110
B1527475214137N00310683WA014970166600110
B1527485214116N00310683WA014950166500109
B1527495214095N00310683WA014950166300109
B1527505214074N00310684WA014940166200109
B1527515214053N00310684WA014930166200109
B1527525214032N00310684WA014930166100109
B1527535214011N00310684WA014920166100109
B1527545213990N00310684WA014920166000109
B1527555213969N00310684WA014920166100109
LFLA15275603srruhegd#wvqup
B1527565213948N00310684WA014920166200109
B1527575213928N00310684WA014940166500109
B1527585213908N00310683WA014950166700109
B1527595213889N00310683WA014960166900109
F152759300720062911052109
B1528005213870N00310683WA014980167000109
B1528015213851N00310683WA014990167100109
B1528025213832N00310683WA014990167100109
B1528035213813N00310684WA015000167100109
B1528045213795N00310683WA015000167100109
B1528055213776N00310683WA014990167000109
B1528065213758N00310682WA014980166900109
B1528075213739N00310681WA014960166700109
B1528085213721N00310680WA014950166600109
B1528095213702N00310680WA014940166400109
B1528105213683N00310679WA014930166300109
B1528115213665N00310677WA014930166300109
B1528125213646N00310676WA014930166400109
B1528135213628N00310675WA014930166400109
B1528145213610N00310674WA014930166300109
B1528155213592N00310673WA014930166300109
B1528165213575N00310672WA014930166300109
B1528175213557N00310670WA014930166200109
B1528185213539N00310669WA014930166200109
B1528195213522N00310669WA014930166400109
B1528205213504N00310668WA014940166600109
B1528215213487N00310668WA014950166700109
B1528225213470N00310668WA014960166700109
B1528235213453N00310668WA014950166600110
B1528245213436N00310668WA014950166600110
B1528255213419N00310669WA014940166500110
B1528265213402N00310670WA014940166400109
B1528275213385N00310670WA014940166200109
B1528285213368N00310671WA014930166100109
B1528295213350N00310672WA014910166000109
B1528305213333N00310673WA014900166000109
B1528315213315N00310673WA014900165900109
B1528325213298N00310674WA014890165900109
B1528335213280N00310674WA014870165700109
B1528345213262N00310674WA014870165600109
B1528355213245N00310674WA014850165500109
B1528365213227N00310674WA014830165500109
B1528375213209N00310674WA014840165500109
B1528385213191N00310673WA014850165600109
B1528395213173N00310672WA014850165700109
B1528405213155N00310670WA014850165700109
B1528415213137N00310669WA014870165800109
B1528425213119N00310667WA014870165800109
B1528435213101N00310665WA014870165900109
B1528445213083N00310664WA014880165900109
B1528455213064N00310662WA014890165900110
B1528465213046N00310661WA014890166000109
B1528475213028N00310660WA014900166100110
B1528485213011N00310659WA014920166300110
B1528495212993N00310657WA014930166400109
B1528505212975N00310657WA014940166500109
B1528515212957N00310657WA014950166600109
B1528525212939N00310658WA014950166700109
B1528535212921N00310661WA014950166900110
B1528545212903N00310666WA014960167000110
B1528555212885N00310672WA014980167100110
LFLA15285603srruidfe]vwptq
B1528565212867N00310678WA014980167200110
B1528575212849N00310685WA015000167500110
B1528585212832N00310692WA015030167700110
B1528595212815N00310699WA015060168000110
B1529005212799N00310707WA015090168200110
B1529015212783N00310715WA015110168300110
B1529025212767N00310723WA015120168400110
B1529035212751N00310731WA015120168300109
B1529045212735N00310739WA015110168300109
B1529055212719N00310748WA015120168300109
B1529065212703N00310756WA015120168300110
B1529075212686N00310765WA015120168300110
B1529085212670N00310774WA015110168300110
B1529095212653N00310783WA015120168300110
B1529105212636N00310792WA015110168400110
B1529115212619N00310801WA015120168500110
B1529125212602N00310810WA015140168700110
B1529135212585N00310818WA015150168900110
B1529145212569N00310826WA015180169100110
B1529155212552N00310834WA015200169300110
B1529165212536N00310841WA015210169500109
B1529175212520N00310848WA015230169700109
B1529185212504N00310854WA015260170000109
B1529195212488N00310860WA015260170300110
B1529205212473N00310866WA015290170700110
B1529215212457N00310872WA015330171000110
B1529225212442N00310878WA015370171200110
B1529235212426N00310883WA015390171400110
B1529245212410N00310889WA015430171600110
B1529255212394N00310894WA015440171800110
B1529265212377N00310900WA015470172100110
B1529275212361N00310906WA015490172400110
B1529285212345N00310912WA015530172800110
B1529295212329N00310917WA015590173300110
B1529305212314N00310922WA015650174000110
B1529315212299N00310927WA015720174700110
B1529325212284N00310931WA015720175300109
B1529335212269N00310936WA015790175900109
B1529345212254N00310940WA015850176400109
B1529355212238N00310945WA015910176700109
B1529365212222N00310950WA015950176600108
B1529375212207N00310958WA015960176500108
B1529385212192N00310973WA015970176800109
B1529395212182N00310995WA015990177200109
B1529405212178N00311020WA016040177700109
B1529415212180N00311044WA016080178100109
B1529425212188N00311064WA016110178400109
B1529435212199N00311079WA016130178500109
B1529445212212N00311088WA016130178700109
B1529455212227N00311091WA016140179000110
B1529465212241N00311087WA016170179500110
B1529475212254N00311078WA016220180000110
B1529485212264N00311060WA016280180600110
B1529495212269N00311037WA016350181200110
B1529505212266N00311012WA016410181800109
B1529515212258N00310990WA016470182300109
B1529525212243N00310973WA016510182600109
B1529535212226N00310966WA016560182900109
B1529545212207N00310972WA016610183200108
B1529555212190N00310988WA016630183700209
LFLA15295603tuur]`Zaikjuqt
B1529565212177N00311010WA016700184300209
B1529575212169N00311037WA016700184900110
B1529585212169N00311065WA016750185500109
B1529595212174N00311091WA016820186100110
B1530005212184N00311111WA016870186500110
B1530015212198N00311124WA016920187100110
B1530025212213N00311127WA016970187700110
B1530035212228N00311123WA017040188200110
B1530045212240N00311111WA017100188800110
B1530055212249N00311092WA017160189300110
B1530065212253N00311067WA017220189900110
B1530075212250N00311041WA017280190500110
B1530085212243N00311018WA017350191200109
B1530095212231N00310999WA017420191800109
B1530105212215N00310986WA017420192200110
B1530115212198N00310980WA017460192600110
B1530125212181N00310984WA017510192900109
B1530135212164N00310998WA017560193300109
B1530145212152N00311018WA017580193600109
B1530155212144N00311044WA017610193900110
B1530165212141N00311072WA017650194400109
B1530175212143N00311099WA017690194800108
B1530185212150N00311123WA017730195300109
B1530195212161N00311141WA017780195800110
B1530205212175N00311151WA017840196400110
B1530215212189N00311154WA017890196800109
B1530225212204N00311149WA017940197200109
B1530235212216N00311136WA017940197600110
B1530245212225N00311116WA017980198000109
B1530255212230N00311092WA018020198500109
B1530265212231N00311065WA018070198900109
B1530275212226N00311039WA018110199300109
B1530285212217N00311014WA018160199800110
B1530295212204N00310995WA018210200300110
B1530305212188N00310980WA018260200700110
B1530315212170N00310971WA018300201000110
B1530325212152N00310967WA018350201500110
B1530335212133N00310964WA018400202100110
B1530345212114N00310962WA018470202800110
B1530355212095N00310960WA018540203400110
B1530365212077N00310959WA018540203900110
B1530375212059N00310959WA018590204400110
B1530385212042N00310959WA018640205000110
LFLA153039AZNSTAT 0 0
B1530395212024N00310961WA018690205500109
B1530405212007N00310962WA018760205900109
B1530415211990N00310965WA018790206200109
B1530425211973N00310967WA018830206400109
B1530435211956N00310970WA018850206500109
B1530445211939N00310974WA018850206500109
B1530455211922N00310978WA018850206400108
B1530465211905N00310983WA018850206400109
B1530475211888N00310989WA018850206400109
B1530485211870N00310995WA018850206500109
B1530495211853N00311000WA018850206500109
B1530505211835N00311004WA018850206500109
B1530515211817N00311006WA018860206600109
B1530525211798N00311006WA018870206800109
B1530535211780N00311005WA018880207200109
B1530545211763N00311003WA018920207600110
B1530555211746N00310999WA018970208000110
LFLA15305603srrugbhc[xynro
B1530565211730N00310996WA019010208400110
B1530575211714N00310991WA019040208600110
B1530585211698N00310986WA019060208800110
B1530595211682N00310981WA019090209100110
B1531005211667N00310975WA019120209300110
B1531015211651N00310970WA019140209600110
B1531025211635N00310965WA019140209800110
B1531035211620N00310960WA019170210000110
B1531045211604N00310956WA019180210100110
B1531055211588N00310952WA019200210200110
B1531065211572N00310948WA019210210200110
B1531075211556N00310944WA019210210200110
B1531085211541N00310940WA019210210200110
B1531095211525N00310935WA019210210100110
B1531105211509N00310930WA019200210000110
B1531115211493N00310925WA019200209800110
B1531125211477N00310920WA019160209600110
B1531135211461N00310915WA019140209200110
B1531145211444N00310910WA019100208900110
B1531155211426N00310905WA019100208600109
B1531165211408N00310900WA019080208400109
B1531175211389N00310896WA019050208200109
B1531185211371N00310891WA019040208100109
B1531195211351N00310887WA019030207900109
B1531205211332N00310884WA019010207800109
B1531215211312N00310880WA019000207700109
B1531225211293N00310877WA018980207600109
B1531235211273N00310874WA018980207600110
B1531245211254N00310871WA018980207700109
B1531255211234N00310868WA018990207700109
B1531265211215N00310865WA018990207700109
B1531275211196N00310863WA018980207600110
B1531285211177N00310860WA018980207500110
B1531295211158N00310857WA018970207300110
LFLA153129RFC 39381 37094 499 0 0
B1531305211139N00310855WA018970207200110
B1531315211119N00310852WA018950207000110
B1531325211100N00310850WA018930206900109
B1531335211080N00310847WA018920206800109
B1531345211060N00310845WA018920206900109
B1531355211041N00310842WA018920207000109
B1531365211022N00310840WA018930207000109
B1531375211003N00310838WA018930207000109
B1531385210984N00310836WA018930207000109
B1531395210966N00310834WA018920207000109
B1531405210947N00310831WA018910206800109
B1531415210928N00310829WA018890206600109
B1531425210910N00310826WA018890206300109
B1531435210891N00310823WA018870206100109
B1531445210871N00310820WA018850205900109
B1531455210852N00310816WA018830205700109
B1531465210833N00310811WA018810205600109
B1531475210813N00310807WA018790205400109
B1531485210794N00310802WA018780205200109
B1531495210774N00310797WA018750205000109
B1531505210754N00310792WA018740204800109
B1531515210735N00310787WA018710204600109
B1531525210715N00310782WA018690204500109
B1531535210695N00310777WA018680204400109
B1531545210675N00310771WA018670204400109
B1531555210655N00310765WA018670204300109
LFLA15315603srurhegd#wvqup
B1531565210635N00310759WA018670204300109
B1531575210616N00310752WA018670204300109
B1531585210597N00310745WA018670204400110
B1531595210578N00310738WA018670204400110
B1532005210559N00310731WA018670204300110
B1532015210540N00310723WA018670204300110
B1532025210522N00310716WA018670204300110
B1532035210503N00310710WA018670204200110
B1532045210484N00310703WA018660204000109
B1532055210465N00310696WA018630203800109
B1532065210446N00310690WA018610203500109
B1532075210427N00310683WA018590203200109
B1532085210408N00310677WA018590203100109
B1532095210389N00310670WA018570203000109
B1532105210370N00310663WA018550202900109
B1532115210351N00310657WA018540202800109
B1532125210332N00310650WA018530202800109
B1532135210313N00310643WA018530202700109
B1532145210294N00310636WA018520202700109
LFLA15321502EH>QLZ>=ZujIAD>K;i<hWGP;R;U:
B1532155210274N00310628WA018520202700110
B1532165210255N00310619WA018530202800110
B1532175210236N00310610WA018540202900110
LFLA15321802EH>QLDdg#slH@E_m]I#Hwgp[u#uZ
B1532185210217N00310601WA018540203000110
B1532195210198N00310592WA018560203100110
B1532205210179N00310583WA018560203200110
B1532215210159N00310575WA018570203200110
B1532225210139N00310567WA018570203200109
B1532235210119N00310560WA018580203400109
B1532245210099N00310554WA018600203700109
B1532255210080N00310547WA018620204100110
B1532265210061N00310541WA018660204600110
B1532275210042N00310535WA018690204900110
B1532285210024N00310528WA018720205000110
B1532295210006N00310522WA018730204900110
B1532305209988N00310516WA018710204700109
B1532315209970N00310509WA018690204400109
B1532325209951N00310503WA018670204300109
B1532335209932N00310495WA018680204400109
B1532345209914N00310488WA018680204700110
B1532355209896N00310480WA018690204900110
B1532365209879N00310473WA018730205000110
B1532375209861N00310466WA018740204900110
B1532385209844N00310459WA018710204700109
B1532395209826N00310452WA018700204500109
B1532405209808N00310444WA018680204300109
B1532415209789N00310436WA018660204200109
B1532425209771N00310428WA018650204100109
B1532435209753N00310420WA018650204000109
B1532445209735N00310412WA018650204000110
B1532455209718N00310404WA018640204000110
B1532465209700N00310395WA018640204000110
B1532475209683N00310387WA018640203800110
B1532485209666N00310378WA018620203400110
B1532495209649N00310370WA018590203000109
B1532505209631N00310362WA018560202500109
B1532515209613N00310354WA018500202000109
B1532525209594N00310346WA018440201400109
B1532535209575N00310338WA018380200900109
B1532545209555N00310330WA018330200500109
B1532555209535N00310321WA018290200100109
LFLA15325603srurcfdg_yxosn
B1532565209515N00310312WA018260199800109
B1532575209495N00310304WA018230199600109
B1532585209474N00310295WA018190199200109
B1532595209454N00310286WA018180199000109
F15325930072006291105211609
B1533005209434N00310277WA018180198900110
B1533015209413N00310268WA018160198800110
B1533025209393N00310259WA018150198700110
B1533035209373N00310250WA018140198600110
B1533045209353N00310242WA018120198300110
B1533055209333N00310233WA018090198100110
B1533065209313N00310224WA018060198000110
B1533075209293N00310214WA018050197900110
B1533085209274N00310204WA018050197800110
B1533095209254N00310193WA018040197700110
B1533105209235N00310182WA018030197600110
B1533115209216N00310171WA018020197500110
B1533125209196N00310159WA018010197400110
B1533135209177N00310148WA018010197200110
B1533145209158N00310137WA018000197000110
B1533155209138N00310126WA017990196900110
B1533165209118N00310115WA017970196700110
B1533175209099N00310105WA017950196600110
B1533185209079N00310094WA017930196400110
B1533195209059N00310082WA017910196300110
B1533205209039N00310070WA017910196200110
B1533215209020N00310058WA017890196200110
B1533225209000N00310045WA017880196100110
B1533235208981N00310033WA017880196000110
B1533245208962N00310020WA017870196000110
B1533255208942N00310007WA017860195900110
B1533265208923N00309994WA017860195900110
B1533275208904N00309981WA017860195800110
B1533285208885N00309967WA017860195800110
B1533295208866N00309953WA017850195800110
B1533305208847N00309939WA017850195700110
B1533315208828N00309925WA017840195700110
B1533325208809N00309911WA017840195600110
B1533335208790N00309897WA017830195600110
B1533345208772N00309883WA017830195500110
B1533355208753N00309869WA017820195500110
B1533365208734N00309855WA017820195500110
B1533375208715N00309842WA017820195400110
B1533385208696N00309828WA017820195400110
B1533395208677N00309814WA017820195400110
B1533405208658N00309801WA017810195400110
B1533415208639N00309787WA017810195400110
B1533425208621N00309773WA017810195400110
B1533435208602N00309760WA017810195500110
B1533445208583N00309746WA017820195500110
B1533455208564N00309732WA017820195500110
B1533465208546N00309718WA017820195600110
B1533475208527N00309704WA017820195600110
B1533485208509N00309689WA017830195600110
B1533495208490N00309675WA017840195600110
B1533505208472N00309661WA017830195700110
B1533515208453N00309647WA017830195700110
B1533525208435N00309633WA017830195700110
B1533535208417N00309620WA017840195700110
B1533545208399N00309606WA017850195800110
B1533555208380N00309593WA017840195800110
LFLA15335603srurehbiatujvk
B1533565208362N00309580WA017840195800110
B1533575208344N00309568WA017840195700110
B1533585208325N00309555WA017840195600110
B1533595208307N00309543WA017830195600110
B1534005208288N00309531WA017820195500110
B1534015208270N00309519WA017810195400110
B1534025208252N00309506WA017810195300110
B1534035208233N00309494WA017800195200110
B1534045208215N00309481WA017800195000110
B1534055208196N00309469WA017780194900110
B1534065208178N00309456WA017770194800110
B1534075208159N00309444WA017760194700110
B1534085208141N00309431WA017750194700110
B1534095208122N00309418WA017740194500110
B1534105208104N00309406WA017720194400110
B1534115208085N00309393WA017710194200109
B1534125208066N00309380WA017690194000109
B1534135208048N00309368WA017670193800109
B1534145208029N00309355WA017660193600109
B1534155208010N00309342WA017640193400109
B1534165207991N00309330WA017620193300108
B1534175207972N00309317WA017620193200109
B1534185207953N00309305WA017610193200109
B1534195207934N00309293WA017600193100109
B1534205207915N00309280WA017580193000109
B1534215207897N00309268WA017580192900109
B1534225207879N00309255WA017570192800110
B1534235207861N00309242WA017560192700109
B1534245207843N00309230WA017560192600109
B1534255207825N00309217WA017540192400109
B1534265207807N00309205WA017530192200110
B1534275207789N00309192WA017490191900109
B1534285207772N00309179WA017470191600109
B1534295207754N00309166WA017420191200109
B1534305207737N00309151WA017420190800109
B1534315207720N00309135WA017380190500109
B1534325207703N00309118WA017350190300109
B1534335207686N00309099WA017340190300110
B1534345207670N00309080WA017320190300110
B1534355207654N00309061WA017320190300110
B1534365207638N00309041WA017320190200110
B1534375207622N00309021WA017310190200110
B1534385207606N00309001WA017290190200110
B1534395207589N00308982WA017290190100111
B1534405207573N00308962WA017280190000111
B1534415207556N00308942WA017280189900110
B1534425207539N00308922WA017260189700110
B1534435207523N00308902WA017260189300110
B1534445207506N00308881WA017220189000110
B1534455207488N00308861WA017180188700110
B1534465207471N00308840WA017150188500110
B1534475207454N00308819WA017130188300110
B1534485207437N00308799WA017120188200110
B1534495207420N00308778WA017090187900110
B1534505207402N00308758WA017070187500110
B1534515207385N00308737WA017020187100110
B1534525207367N00308717WA016980186700110
B1534535207350N00308695WA016940186300110
B1534545207332N00308674WA016910186100110
LFLA153455AZNSTAT 0 0
B1534555207314N00308652WA016870185900110
LFLA15345603srrudich`srmyl
B1534565207297N00308630WA016870185800110
B1534575207280N00308607WA016870185600110
B1534585207263N00308585WA016850185500110
B1534595207247N00308562WA016840185400110
B1535005207230N00308539WA016830185300110
B1535015207214N00308517WA016820185200110
B1535025207198N00308495WA016800185100110
B1535035207181N00308472WA016780184900110
B1535045207165N00308450WA016760184700110
B1535055207148N00308429WA016740184400110
B1535065207131N00308407WA016700184100110
B1535075207114N00308385WA016670183800110
B1535085207097N00308364WA016640183600110
B1535095207080N00308342WA016640183400110
B1535105207063N00308320WA016620183300110
B1535115207046N00308298WA016620183300110
B1535125207030N00308276WA016610183300110
B1535135207014N00308255WA016610183200110
B1535145206998N00308233WA016600183000110
B1535155206982N00308211WA016580182800110
B1535165206966N00308189WA016550182400110
B1535175206950N00308167WA016510182000110
B1535185206933N00308145WA016470181600110
B1535195206916N00308123WA016420181200110
B1535205206899N00308100WA016400181000110
B1535215206882N00308078WA016370180900110
B1535225206865N00308056WA016370181100110
B1535235206848N00308035WA016390181300110
B1535245206832N00308014WA016410181500110
B1535255206815N00307994WA016420181500110
B1535265206799N00307975WA016430181400110
B1535275206783N00307955WA016410181200110
B1535285206767N00307936WA016400181100110
B1535295206751N00307917WA016390181100110
B1535305206735N00307899WA016380181100110
B1535315206719N00307880WA016380180900110
B1535325206703N00307862WA016350180700110
B1535335206686N00307843WA016330180400110
B1535345206670N00307825WA016310180200110
B1535355206653N00307806WA016310180000110
B1535365206637N00307787WA016280179700110
B1535375206620N00307769WA016260179500110
B1535385206604N00307750WA016230179200110
B1535395206587N00307731WA016210179000110
B1535405206570N00307713WA016190178700110
B1535415206553N00307694WA016160178400110
B1535425206536N00307675WA016120178200110
B1535435206519N00307656WA016100178000110
B1535445206502N00307637WA016090178000110
B1535455206486N00307618WA016100178200110
LFLA153545RFC 39893 37095 499 0 0
B1535465206470N00307600WA016110178300110
B1535475206454N00307582WA016120178400110
B1535485206439N00307564WA016120178400110
B1535495206423N00307547WA016120178400110
B1535505206408N00307530WA016120178400110
B1535515206393N00307513WA016120178400110
B1535525206377N00307496WA016120178300110
B1535535206362N00307479WA016110178200110
B1535545206346N00307462WA016090178000110
B1535555206330N00307444WA016080177800110
LFLA15355603sruridfe]wvqup
B1535565206314N00307427WA016060177600110
B1535575206298N00307409WA016040177400110
B1535585206282N00307391WA016010177100110
B1535595206265N00307373WA015980176900110
B1536005206249N00307355WA015960176800110
B1536015206232N00307336WA015960176700110
B1536025206216N00307318WA015950176700110
B1536035206200N00307299WA015950176800110
B1536045206184N00307281WA015970176900110
B1536055206169N00307262WA015970177000110
B1536065206154N00307244WA015980176800110
B1536075206138N00307225WA015960176500110
B1536085206123N00307207WA015930176100110
B1536095206107N00307187WA015870175700110
B1536105206091N00307168WA015830175300110
B1536115206075N00307148WA015800175100110
B1536125206059N00307128WA015790175100110
B1536135206043N00307108WA015790175000110
B1536145206027N00307089WA015790174900110
B1536155206011N00307069WA015770174700110
B1536165205995N00307051WA015760174600110
B1536175205979N00307033WA015750174600110
B1536185205962N00307014WA015740174500110
B1536195205946N00306996WA015730174500110
B1536205205930N00306978WA015730174400110
B1536215205914N00306961WA015730174400110
B1536225205898N00306943WA015730174500110
B1536235205882N00306925WA015730174500110
B1536245205866N00306907WA015730174500110
B1536255205850N00306890WA015730174400110
B1536265205834N00306872WA015730174400110
B1536275205818N00306854WA015730174500110
B1536285205803N00306837WA015720174600110
B1536295205787N00306820WA015740174700110
B1536305205773N00306803WA015750174800110
B1536315205758N00306787WA015770174900110
B1536325205743N00306770WA015780175000110
B1536335205729N00306755WA015780175000110
B1536345205715N00306739WA015790175000110
B1536355205700N00306724WA015770174900110
B1536365205685N00306708WA015760174700110
B1536375205671N00306692WA015730174500110
B1536385205656N00306677WA015710174300110
B1536395205641N00306661WA015690174100110
B1536405205626N00306645WA015690173900110
B1536415205610N00306628WA015680173900110
B1536425205595N00306612WA015670174000110
B1536435205580N00306597WA015680174200110
B1536445205566N00306582WA015700174400110
B1536455205552N00306567WA015720174500110
B1536465205537N00306553WA015730174500110
B1536475205523N00306538WA015730174400110
B1536485205509N00306524WA015720174300110
B1536495205495N00306510WA015710174200110
B1536505205481N00306496WA015690174000110
B1536515205466N00306483WA015670173700110
B1536525205451N00306469WA015640173500110
B1536535205435N00306455WA015640173200110
B1536545205420N00306440WA015620173000110
B1536555205405N00306425WA015590172800110
LFLA15365603srurbgef%utkwj
B1536565205389N00306410WA015580172700110
B1536575205374N00306395WA015560172500110
B1536585205358N00306379WA015540172400110
B1536595205343N00306364WA015540172400110
B1537005205328N00306348WA015530172400110
B1537015205313N00306331WA015530172400110
B1537025205297N00306315WA015530172400110
B1537035205282N00306299WA015540172400110
B1537045205267N00306283WA015540172500110
B1537055205253N00306268WA015560172700110
B1537065205238N00306254WA015560173000110
B1537075205224N00306240WA015580173300110
B1537085205210N00306227WA015620173400110
B1537095205196N00306214WA015640173500110
B1537105205181N00306201WA015640173500110
B1537115205167N00306188WA015640173500110
B1537125205153N00306175WA015640173500110
B1537135205139N00306161WA015640173600110
B1537145205125N00306148WA015650173700110
B1537155205111N00306135WA015660173700110
B1537165205098N00306121WA015650173600109
B1537175205084N00306108WA015640173400109
B1537185205071N00306094WA015640173200109
B1537195205057N00306080WA015610172900109
B1537205205044N00306067WA015580172600109
B1537215205030N00306053WA015550172300109
B1537225205016N00306040WA015520172100109
B1537235205001N00306026WA015480171900109
B1537245204987N00306013WA015470171700109
B1537255204973N00305999WA015440171600109
B1537265204958N00305986WA015430171600109
B1537275204944N00305973WA015440171600109
B1537285204931N00305959WA015430171600109
B1537295204917N00305946WA015430171500109
B1537305204904N00305932WA015420171400109
B1537315204891N00305918WA015420171300109
B1537325204877N00305904WA015410171100109
B1537335204864N00305890WA015400170900109
B1537345204851N00305875WA015390170700109
B1537355204837N00305862WA015360170300109
B1537365204823N00305847WA015320169800109
B1537375204809N00305833WA015260169300109
B1537385204795N00305819WA015190168700109
B1537395204780N00305804WA015140168100109
B1537405204765N00305790WA015080167600109
B1537415204748N00305776WA015020167200109
B1537425204732N00305763WA014990166900109
B1537435204715N00305749WA014980166600109
B1537445204698N00305737WA014980166600109
B1537455204681N00305724WA014970166500109
B1537465204665N00305713WA014960166500109
B1537475204648N00305701WA014940166400109
B1537485204632N00305690WA014940166300109
B1537495204616N00305679WA014930166200109
B1537505204599N00305667WA014910166100109
B1537515204583N00305657WA014890165900109
B1537525204566N00305646WA014870165800109
B1537535204550N00305635WA014860165600109
B1537545204533N00305625WA014850165500109
B1537555204517N00305614WA014840165300109
LFLA15375603srurbgef%tujvk
B1537565204500N00305604WA014840165200109
B1537575204484N00305593WA014840165100109
B1537585204467N00305583WA014820165000109
B1537595204451N00305572WA014800164900109
F1537593007061411052109
B1538005204435N00305561WA014800164900108
B1538015204418N00305550WA014800164900109
B1538025204402N00305539WA014780164800109
B1538035204386N00305528WA014790164800109
B1538045204369N00305517WA014780164800109
B1538055204353N00305506WA014770164700109
B1538065204337N00305495WA014770164600109
B1538075204321N00305484WA014760164600109
B1538085204305N00305473WA014760164500109
B1538095204288N00305462WA014760164500109
B1538105204272N00305451WA014760164500109
B1538115204256N00305439WA014750164500109
B1538125204240N00305428WA014760164500109
B1538135204225N00305416WA014760164600109
B1538145204209N00305405WA014760164800109
B1538155204194N00305394WA014790165200109
B1538165204180N00305383WA014830165500109
B1538175204165N00305373WA014860165700109
B1538185204152N00305364WA014870165800109
B1538195204138N00305354WA014870165900109
B1538205204124N00305345WA014880165900109
B1538215204111N00305335WA014870165900109
B1538225204097N00305325WA014870165800109
B1538235204084N00305314WA014870165800109
B1538245204071N00305304WA014870165700109
B1538255204058N00305293WA014870165800109
B1538265204044N00305282WA014870165800109
B1538275204031N00305272WA014870165800109
B1538285204018N00305261WA014870165900109
B1538295204005N00305251WA014870165900109
B1538305203992N00305240WA014870165900109
B1538315203979N00305229WA014870165800109
B1538325203965N00305219WA014860165700109
B1538335203951N00305209WA014860165700109
B1538345203937N00305199WA014870165800109
B1538355203923N00305189WA014890166200109
B1538365203908N00305180WA014890166600109
B1538375203893N00305173WA014960166800109
B1538385203876N00305173WA014990167100109
B1538395203861N00305180WA015000167300109
B1538405203846N00305195WA015020167500109
B1538415203836N00305216WA015050167600109
B1538425203829N00305240WA015060167800109
B1538435203828N00305266WA015070167900109
B1538445203833N00305291WA015090168000108
B1538455203841N00305311WA015090168000107
B1538465203852N00305325WA015090168000207
B1538475203865N00305331WA015080167900208
B1538485203878N00305329WA015070167800209
B1538495203889N00305319WA015070167900209
B1538505203897N00305304WA015070168100209
B1538515203903N00305286WA015110168300209
B1538525203906N00305266WA015120168600209
B1538535203907N00305246WA015170168900209
B1538545203904N00305226WA015190169100209
B1538555203895N00305208WA015200169200209
LFLA15385603tuuridfe]yxosn
B1538565203882N00305197WA015220169400209
B1538575203866N00305193WA015240169600109
B1538585203849N00305196WA015270169900109
B1538595203834N00305209WA015300170100109
B1539005203821N00305228WA015330170300109
B1539015203813N00305252WA015350170400108
B1539025203811N00305279WA015350170600108
B1539035203814N00305304WA015360170700208
B1539045203823N00305324WA015370170800207
B1539055203835N00305338WA015380170900207
B1539065203848N00305342WA015390171100208
B1539075203861N00305338WA015410171300209
B1539085203872N00305326WA015440171600209
B1539095203878N00305309WA015460172000209
B1539105203880N00305289WA015490172200209
LFLA153911AZNSTAT 0 0
B1539115203876N00305269WA015510172400209
B1539125203868N00305252WA015550172500209
B1539135203854N00305241WA015560172500209
B1539145203838N00305238WA015560172600209
B1539155203822N00305245WA015560172800209
B1539165203807N00305259WA015580173000209
B1539175203796N00305279WA015600173300209
B1539185203788N00305303WA015620173500209
B1539195203785N00305329WA015650173600208
B1539205203787N00305354WA015650173700207
B1539215203793N00305377WA015660173700207
B1539225203803N00305395WA015660173700207
B1539235203815N00305407WA015660173700207
B1539245203829N00305412WA015680173700208
B1539255203842N00305408WA015680173900208
B1539265203853N00305398WA015700174200209
B1539275203861N00305382WA015730174400209
B1539285203866N00305363WA015730174700209
B1539295203868N00305342WA015760175100209
B1539305203866N00305322WA015800175400209
B1539315203860N00305303WA015840175600209
B1539325203850N00305288WA015850175800209
B1539335203837N00305280WA015870175900209
B1539345203822N00305281WA015890176100209
B1539355203807N00305290WA015890176100209
B1539365203795N00305307WA015900176200209
B1539375203786N00305330WA015900176200209
B1539385203782N00305357WA015910176300208
B1539395203784N00305383WA015910176400208
B1539405203791N00305406WA015920176500208
B1539415203803N00305422WA015920176500207
B1539425203817N00305431WA015920176500208
B1539435203831N00305430WA015930176600209
B1539445203844N00305422WA015940176800209
B1539455203854N00305407WA015960177100209
B1539465203859N00305388WA015990177500209
B1539475203861N00305368WA016030177800209
B1539485203858N00305348WA016070178100209
B1539495203852N00305330WA016100178300209
B1539505203842N00305317WA016130178500209
B1539515203829N00305308WA016150178600209
B1539525203815N00305307WA016160178800209
B1539535203799N00305312WA016180179000209
B1539545203785N00305325WA016180179100208
B1539555203773N00305344WA016200179200208
LFLA15395603tuuridfe]srmyl
B1539565203766N00305368WA016220179400208
B1539575203762N00305395WA016220179400208
B1539585203764N00305421WA016220179400209
B1539595203770N00305446WA016230179400208
B1540005203780N00305466WA016220179300209
B1540015203793N00305479WA016220179300209
LFLA154001RFC 40405 37095 499 0 0
B1540025203808N00305484WA016230179500209
B1540035203823N00305482WA016240179800209
B1540045203835N00305473WA016290180200209
B1540055203846N00305461WA016320180600209
B1540065203854N00305446WA016350180800209
B1540075203860N00305428WA016350181100209
B1540085203862N00305409WA016370181200209
B1540095203862N00305389WA016380181100209
B1540105203859N00305369WA016380181000109
B1540115203854N00305349WA016380181000109
B1540125203845N00305331WA016370181000109
B1540135203835N00305315WA016380181200109
B1540145203823N00305300WA016390181400109
B1540155203810N00305289WA016420181700109
B1540165203796N00305279WA016450182000109
B1540175203781N00305272WA016480182200109
B1540185203766N00305265WA016510182500109
B1540195203751N00305259WA016510182800109
B1540205203736N00305254WA016540183200109
B1540215203721N00305249WA016580183500109
B1540225203706N00305244WA016630183900109
B1540235203691N00305240WA016660184300109
B1540245203677N00305237WA016710184700109
B1540255203662N00305233WA016740185000109
B1540265203648N00305230WA016780185400108
B1540275203634N00305228WA016810185600108
B1540285203620N00305225WA016850185900108
B1540295203605N00305223WA016880186200108
B1540305203590N00305220WA016910186600108
B1540315203576N00305217WA016950186900108
B1540325203561N00305213WA016990187200108
B1540335203546N00305210WA016990187400108
B1540345203532N00305205WA017020187700108
B1540355203517N00305201WA017050188100108
B1540365203502N00305197WA017100188600108
B1540375203488N00305192WA017150189100108
B1540385203474N00305188WA017200189600108
B1540395203460N00305183WA017250190100108
B1540405203447N00305179WA017290190400108
B1540415203433N00305174WA017320190700108
B1540425203419N00305169WA017360190900108
B1540435203405N00305164WA017380191100108
B1540445203391N00305158WA017410191500108
B1540455203376N00305152WA017410191900108
B1540465203362N00305146WA017450192200108
B1540475203348N00305140WA017490192300108
B1540485203334N00305135WA017500192400108
B1540495203319N00305129WA017520192400108
B1540505203304N00305124WA017520192500108
B1540515203289N00305119WA017530192700108
B1540525203273N00305114WA017570193100108
B1540535203258N00305109WA017610193600108
B1540545203243N00305103WA017670194100108
B1540555203228N00305096WA017700194500108
LFLA15405603srurcfdg_srmyl
B1540565203213N00305089WA017750194900108
B1540575203198N00305081WA017780195300108
B1540585203183N00305074WA017780195700108
B1540595203168N00305067WA017830196200108
B1541005203154N00305060WA017870196700108
B1541015203139N00305054WA017930197300108
B1541025203124N00305048WA017980197800108
B1541035203110N00305042WA018040198300108
B1541045203096N00305036WA018080198700108
B1541055203082N00305030WA018140199000108
B1541065203068N00305025WA018160199300108
B1541075203053N00305019WA018190199500108
B1541085203039N00305013WA018210199700108
B1541095203024N00305007WA018220199800108
B1541105203009N00305001WA018240199900108
B1541115202993N00304995WA018240200000108
B1541125202977N00304989WA018240200100108
B1541135202961N00304982WA018250200100108
B1541145202945N00304975WA018250200000108
B1541155202929N00304969WA018240199600108
B1541165202912N00304962WA018210199100108
B1541175202894N00304955WA018180198700108
B1541185202877N00304948WA018130198300108
B1541195202858N00304940WA018090198100108
B1541205202840N00304931WA018060197800108
B1541215202821N00304923WA018040197600108
B1541225202802N00304914WA018030197400108
B1541235202783N00304905WA018010197200108
B1541245202764N00304896WA017980197000108
B1541255202744N00304886WA017980196900108
B1541265202725N00304876WA017970196800108
B1541275202705N00304866WA017960196700108
B1541285202685N00304856WA017950196600108
B1541295202665N00304846WA017940196500108
B1541305202645N00304835WA017940196300108
B1541315202625N00304824WA017930196300108
B1541325202605N00304813WA017920196200108
B1541335202585N00304802WA017910196000108
B1541345202565N00304791WA017890195900108
B1541355202544N00304780WA017870195700108
B1541365202524N00304769WA017850195500108
B1541375202503N00304757WA017840195300108
B1541385202482N00304745WA017840195000108
B1541395202461N00304732WA017810194600108
B1541405202440N00304719WA017780194200108
B1541415202418N00304705WA017730193900108
B1541425202396N00304691WA017700193600108
B1541435202373N00304678WA017690193400108
B1541445202350N00304664WA017670193200108
B1541455202328N00304650WA017650193100108
B1541465202305N00304637WA017630192900108
B1541475202282N00304623WA017610192900108
B1541485202259N00304609WA017610192800108
B1541495202236N00304596WA017590192600108
B1541505202214N00304582WA017570192400108
B1541515202191N00304568WA017570192200108
B1541525202168N00304555WA017540192000108
B1541535202145N00304541WA017520191700108
B1541545202122N00304527WA017510191500108
B1541555202098N00304513WA017480191300108
LFLA15415603srruehbiasrmyl
B1541565202075N00304500WA017450191100108
B1541575202052N00304486WA017430190900108
B1541585202028N00304472WA017390190700108
B1541595202004N00304457WA017390190500108
B1542005201980N00304443WA017370190300108
B1542015201956N00304428WA017360190200108
B1542025201933N00304413WA017340189900108
B1542035201909N00304398WA017310189600108
B1542045201885N00304382WA017310189400108
B1542055201860N00304366WA017280189100108
B1542065201836N00304350WA017260188800108
B1542075201812N00304334WA017230188500108
B1542085201787N00304317WA017190188200108
B1542095201762N00304300WA017160187900108
B1542105201737N00304283WA017130187600108
B1542115201712N00304266WA017100187200108
B1542125201686N00304249WA017070186900108
B1542135201660N00304232WA017020186500108
B1542145201635N00304215WA016990186200108
B1542155201609N00304198WA016960186000108
B1542165201583N00304180WA016930185700108
B1542175201557N00304162WA016930185500108
B1542185201531N00304144WA016910185300108
B1542195201505N00304126WA016880185000108
B1542205201479N00304107WA016860184800108
B1542215201453N00304089WA016830184600108
B1542225201428N00304070WA016810184400108
B1542235201402N00304052WA016780184200108
B1542245201376N00304033WA016750184000108
B1542255201350N00304015WA016740183800108
B1542265201324N00303996WA016720183600108
B1542275201298N00303979WA016700183400108
B1542285201272N00303961WA016680183200108
B1542295201246N00303943WA016650183000108
B1542305201220N00303926WA016650182800108
B1542315201194N00303909WA016640182500108
B1542325201168N00303891WA016620182400108
B1542335201142N00303874WA016590182200108
B1542345201115N00303856WA016580182100108
B1542355201089N00303839WA016560181900108
B1542365201063N00303821WA016540181600108
B1542375201037N00303804WA016510181300108
B1542385201011N00303786WA016470181000108
B1542395200984N00303769WA016440180600108
B1542405200958N00303752WA016400180200108
B1542415200931N00303735WA016360179800108
B1542425200903N00303717WA016330179500108
B1542435200876N00303700WA016330179200108
B1542445200848N00303682WA016300178900108
B1542455200821N00303664WA016270178700108
B1542465200793N00303647WA016240178500108
B1542475200766N00303629WA016230178300108
B1542485200738N00303611WA016210178100108
B1542495200711N00303593WA016180177900108
B1542505200684N00303576WA016150177700108
B1542515200656N00303558WA016130177500108
B1542525200629N00303540WA016110177300108
B1542535200601N00303523WA016080177000108
B1542545200574N00303505WA016040176700108
B1542555200546N00303488WA016020176500108
LFLA15425603srrudich`rslxm
B1542565200519N00303470WA016020176200108
B1542575200491N00303453WA015990176000108
B1542585200464N00303435WA015970175800108
B1542595200436N00303417WA015950175700108
F1542593007201411052109
B1543005200409N00303399WA015930175600108
B1543015200382N00303381WA015920175400108
B1543025200355N00303363WA015900175200108
B1543035200328N00303345WA015880175000108
B1543045200300N00303327WA015850174600108
B1543055200273N00303308WA015820174300108
B1543065200246N00303289WA015770173900108
B1543075200218N00303271WA015730173500108
B1543085200190N00303252WA015700173100108
B1543095200162N00303233WA015700172800108
B1543105200134N00303215WA015660172500108
B1543115200105N00303197WA015630172200108
B1543125200077N00303178WA015600172000108
B1543135200049N00303160WA015570171700108
B1543145200021N00303142WA015530171500108
B1543155159993N00303124WA015510171200108
B1543165159965N00303105WA015490171100108
B1543175159937N00303086WA015480170900108
B1543185159910N00303068WA015460170700108
B1543195159882N00303049WA015450170600108
B1543205159855N00303031WA015430170400108
B1543215159827N00303012WA015420170200108
B1543225159800N00302994WA015420170000108
B1543235159773N00302975WA015390169800108
B1543245159746N00302957WA015360169600108
B1543255159719N00302938WA015340169300108
B1543265159692N00302920WA015300169100108
LFLA154327AZNSTAT 0 0
B1543275159666N00302902WA015260168900108
B1543285159639N00302885WA015250168700108
B1543295159612N00302867WA015240168500108
B1543305159585N00302850WA015220168300108
B1543315159557N00302833WA015210168200108
B1543325159530N00302816WA015180168000108
B1543335159503N00302799WA015160167800108
B1543345159476N00302783WA015130167500108
B1543355159449N00302768WA015130167100108
B1543365159422N00302752WA015090166900108
B1543375159394N00302737WA015060166700108
B1543385159367N00302722WA015050166400108
B1543395159339N00302708WA015010166100108
B1543405159312N00302693WA014990165900108
B1543415159285N00302678WA014950165700108
B1543425159258N00302663WA014930165500108
B1543435159230N00302648WA014920165300108
B1543445159203N00302633WA014910165200108
B1543455159177N00302618WA014890165100108
B1543465159150N00302602WA014880164900108
B1543475159123N00302587WA014850164700108
B1543485159097N00302572WA014850164300108
B1543495159070N00302556WA014820164100108
B1543505159044N00302541WA014800163900108
B1543515159017N00302526WA014770163800108
B1543525158991N00302511WA014760163700108
B1543535158966N00302495WA014750163600108
B1543545158940N00302479WA014730163300108
B1543555158915N00302463WA014690162900108
LFLA15435603sruridfe]wvqup
B1543565158889N00302448WA014630162400108
B1543575158863N00302432WA014590161900108
B1543585158838N00302416WA014540161300108
B1543595158812N00302400WA014470160800108
B1544005158786N00302384WA014430160400108
B1544015158759N00302367WA014430160000108
B1544025158733N00302350WA014400159800108
B1544035158708N00302333WA014360159600108
B1544045158682N00302316WA014340159400108
B1544055158656N00302299WA014320159200108
B1544065158630N00302282WA014290159000108
B1544075158605N00302266WA014270158800108
B1544085158579N00302249WA014250158700108
B1544095158553N00302233WA014240158600108
B1544105158528N00302217WA014210158300108
B1544115158502N00302201WA014170157900109
B1544125158476N00302184WA014130157600109
B1544135158450N00302168WA014120157500108
B1544145158424N00302152WA014120157400109
B1544155158399N00302135WA014110157400109
B1544165158373N00302119WA014100157400109
B1544175158347N00302104WA014110157500109
LFLA154417RFC 40917 37095 499 0 0
B1544185158322N00302088WA014110157500109
B1544195158296N00302074WA014110157400109
B1544205158270N00302059WA014090157200109
B1544215158244N00302046WA014080157100109
B1544225158217N00302033WA014080157000109
B1544235158191N00302021WA014060157000109
B1544245158164N00302010WA014070157200109
B1544255158137N00302001WA014100157500109
B1544265158110N00301994WA014150158000109
B1544275158084N00301987WA014150158500109
B1544285158058N00301981WA014200159000109
B1544295158032N00301975WA014250159300109
B1544305158007N00301969WA014280159500109
B1544315157982N00301963WA014300159600109
B1544325157956N00301957WA014320159600109
B1544335157930N00301950WA014320159700108
B1544345157905N00301943WA014320159700108
B1544355157879N00301936WA014330159700108
B1544365157853N00301929WA014330159600108
B1544375157827N00301922WA014320159600108
B1544385157802N00301915WA014320159600108
B1544395157776N00301909WA014310159500109
B1544405157750N00301903WA014310159400109
B1544415157724N00301897WA014300159300109
B1544425157699N00301891WA014290159100109
B1544435157673N00301885WA014270158800109
B1544445157647N00301879WA014240158500109
B1544455157621N00301873WA014200158200109
B1544465157595N00301867WA014170157800109
B1544475157568N00301862WA014120157300109
B1544485157541N00301856WA014070156900109
B1544495157514N00301851WA014040156500108
B1544505157487N00301845WA014010156300108
B1544515157460N00301838WA013980156000108
B1544525157433N00301832WA013960155700108
B1544535157406N00301825WA013960155500108
B1544545157379N00301818WA013930155300108
B1544555157352N00301810WA013910155000108
LFLA15445603srurhegd#wvqup
B1544565157325N00301802WA013880154700108
B1544575157298N00301794WA013850154400108
B1544585157271N00301787WA013820154100108
B1544595157244N00301779WA013790153900108
B1545005157216N00301771WA013770153800108
B1545015157189N00301763WA013760153700108
B1545025157162N00301754WA013760153700108
B1545035157135N00301745WA013750153700108
B1545045157108N00301736WA013740153500108
B1545055157081N00301727WA013710153200108
B1545065157054N00301719WA013710152800109
B1545075157027N00301710WA013680152500109
B1545085157000N00301701WA013640152200108
B1545095156973N00301692WA013610151900108
B1545105156946N00301682WA013580151600108
B1545115156919N00301672WA013550151300108
B1545125156892N00301662WA013530151200108
B1545135156865N00301652WA013510151200108
B1545145156838N00301642WA013510151100108
B1545155156811N00301632WA013490150800108
B1545165156783N00301622WA013470150500108
B1545175156756N00301612WA013430150200108
B1545185156728N00301603WA013400150000108
B1545195156701N00301595WA013400149900108
B1545205156673N00301587WA013390149700108
B1545215156645N00301579WA013380149400108
B1545225156618N00301571WA013350149300108
B1545235156590N00301563WA013340149200108
B1545245156563N00301554WA013330149200108
B1545255156536N00301546WA013320149200108
B1545265156509N00301537WA013320149100109
B1545275156482N00301529WA013320149100108
B1545285156455N00301520WA013300148900108
B1545295156429N00301511WA013280148800108
B1545305156402N00301501WA013280148600109
B1545315156375N00301492WA013260148400108
B1545325156349N00301483WA013260148100108
B1545335156322N00301474WA013220147700108
B1545345156296N00301463WA013180147500108
B1545355156269N00301450WA013160147400108
B1545365156243N00301436WA013150147200108
B1545375156218N00301422WA013130147000109
B1545385156192N00301406WA013100146800109
B1545395156167N00301389WA013090146600109
B1545405156142N00301373WA013060146400109
B1545415156116N00301356WA013040146200109
B1545425156091N00301339WA013020146100109
B1545435156066N00301323WA013000146000109
B1545445156041N00301306WA012990145800109
B1545455156016N00301289WA012990145600109
B1545465155991N00301271WA012970145300109
B1545475155967N00301253WA012940145100109
B1545485155942N00301235WA012910144900109
B1545495155918N00301217WA012880144700109
B1545505155893N00301199WA012870144600108
B1545515155869N00301181WA012860144400108
B1545525155845N00301163WA012840144200109
B1545535155821N00301145WA012820144000109
B1545545155797N00301127WA012790143700109
B1545555155772N00301109WA012780143500108
LFLA15455603srurbgef%tujvk
B1545565155748N00301092WA012760143400108
B1545575155724N00301074WA012730143200108
B1545585155699N00301057WA012730142900108
B1545595155675N00301039WA012710142600108
B1546005155651N00301021WA012680142300108
B1546015155626N00301003WA012640141900108
B1546025155602N00300985WA012610141600108
B1546035155577N00300967WA012570141300108
B1546045155553N00300948WA012550141000108
B1546055155529N00300929WA012510140700108
B1546065155504N00300910WA012490140400108
B1546075155480N00300891WA012470140300109
B1546085155456N00300871WA012450140100109
B1546095155431N00300852WA012430139900109
B1546105155407N00300833WA012410139600109
B1546115155382N00300815WA012370139300108
B1546125155358N00300796WA012370138900108
B1546135155333N00300777WA012330138500108
B1546145155309N00300758WA012290138200108
B1546155155284N00300739WA012260137900108
B1546165155260N00300719WA012230137700108
B1546175155236N00300699WA012200137400108
B1546185155212N00300679WA012170137200108
B1546195155188N00300658WA012130136800108
B1546205155164N00300637WA012100136500108
B1546215155139N00300617WA012060136200108
B1546225155115N00300597WA012030135800109
B1546235155090N00300578WA012000135400109
B1546245155066N00300558WA011940135000109
B1546255155041N00300539WA011940134500108
B1546265155016N00300520WA011900134000108
B1546275154990N00300500WA011850133500108
B1546285154965N00300481WA011790133000109
B1546295154940N00300460WA011750132500109
B1546305154915N00300439WA011710132100109
B1546315154890N00300418WA011660131800109
B1546325154865N00300397WA011630131600109
B1546335154840N00300376WA011610131300109
B1546345154815N00300354WA011590131100109
B1546355154790N00300333WA011550130800109
B1546365154765N00300313WA011520130500109
B1546375154740N00300292WA011490130300109
B1546385154715N00300271WA011490130000109
B1546395154691N00300249WA011460129700109
B1546405154667N00300228WA011420129500109
B1546415154643N00300206WA011400129200108
B1546425154619N00300184WA011380128900108
B1546435154595N00300162WA011340128700108
B1546445154571N00300140WA011300128300108
B1546455154548N00300119WA011260127900108
B1546465154525N00300097WA011220127500108
B1546475154501N00300075WA011170127000108
B1546485154477N00300054WA011110126500108
B1546495154453N00300034WA011070126200108
B1546505154429N00300013WA011040126000108
B1546515154405N00259992WA011040125800108
B1546525154382N00259971WA011010125700108
B1546535154359N00259951WA011000125600108
B1546545154336N00259930WA010990125600108
B1546555154313N00259911WA010980125500108
LFLA15465603srruehbiavwptq
B1546565154290N00259891WA010980125500109
B1546575154267N00259872WA010980125400108
B1546585154244N00259854WA010970125300108
B1546595154222N00259835WA010960125100108
B1547005154199N00259816WA010940124800108
B1547015154176N00259798WA010890124300108
B1547025154152N00259779WA010830123700109
B1547035154129N00259760WA010760123000108
B1547045154105N00259741WA010760122400108
B1547055154081N00259721WA010710121900108
B1547065154057N00259700WA010640121400108
B1547075154033N00259680WA010590121000108
B1547085154009N00259660WA010550120500108
B1547095153985N00259639WA010490120100108
B1547105153961N00259619WA010440119600108
B1547115153937N00259598WA010400119200108
B1547125153914N00259577WA010360118800108
B1547135153891N00259555WA010310118500108
B1547145153868N00259533WA010290118200108
B1547155153844N00259511WA010260118000108
B1547165153821N00259489WA010230117700108
B1547175153799N00259467WA010230117400108
B1547185153776N00259444WA010200117200108
B1547195153753N00259421WA010180117000108
B1547205153731N00259398WA010160116700108
B1547215153708N00259375WA010130116500108
B1547225153685N00259352WA010100116300108
B1547235153662N00259329WA010080116000108
B1547245153640N00259306WA010050115800108
B1547255153617N00259283WA010030115600108
B1547265153594N00259260WA010010115500108
B1547275153571N00259237WA010000115400108
B1547285153549N00259214WA009980115400108
B1547295153526N00259192WA009980115400108
B1547305153504N00259170WA009980115600108
B1547315153481N00259149WA010010115800108
B1547325153459N00259128WA010030116200108
B1547335153438N00259108WA010060116700109
B1547345153418N00259090WA010110117200109
B1547355153398N00259072WA010150117700109
B1547365153378N00259055WA010210118100109
B1547375153359N00259038WA010240118400109
B1547385153340N00259022WA010260118700109
B1547395153322N00259007WA010280118900109
B1547405153303N00258992WA010290119000109
B1547415153285N00258978WA010300119100109
B1547425153267N00258963WA010300119100108
LFLA154743AZNSTAT 0 0
B1547435153250N00258949WA010300119200108
B1547445153232N00258934WA010310119300108
B1547455153215N00258920WA010320119400108
B1547465153198N00258906WA010330119500109
B1547475153181N00258892WA010340119500109
B1547485153164N00258878WA010340119400109
B1547495153148N00258865WA010330119300108
B1547505153131N00258851WA010320119200108
B1547515153114N00258838WA010310119100108
B1547525153097N00258824WA010290118900108
B1547535153079N00258810WA010280118700108
B1547545153062N00258796WA010260118500108
B1547555153045N00258782WA010240118400108
LFLA15475603sruridfe]wvqup
B1547565153027N00258767WA010240118200108
B1547575153010N00258753WA010220118000108
B1547585152992N00258738WA010200117800108
B1547595152975N00258723WA010180117700108
F1547593007201411052109
B1548005152957N00258708WA010170117500108
B1548015152940N00258693WA010140117400108
B1548025152922N00258678WA010130117200108
B1548035152905N00258663WA010120117100108
B1548045152887N00258648WA010100116900108
B1548055152870N00258633WA010100116900108
B1548065152852N00258618WA010090116800108
B1548075152835N00258603WA010070116700108
B1548085152817N00258588WA010070116600108
B1548095152800N00258573WA010070116600108
B1548105152783N00258558WA010060116500108
B1548115152766N00258542WA010050116400108
B1548125152749N00258527WA010040116300108
B1548135152732N00258511WA010030116300108
B1548145152715N00258496WA010030116200108
B1548155152698N00258482WA010030116200108
B1548165152681N00258467WA010020116000108
B1548175152664N00258452WA010000115800108
B1548185152647N00258438WA009980115600108
B1548195152630N00258423WA009960115400108
B1548205152613N00258408WA009920115300108
B1548215152596N00258393WA009920115100108
B1548225152579N00258379WA009920115000108
B1548235152562N00258365WA009900114900108
B1548245152545N00258350WA009890114800108
B1548255152528N00258336WA009880114700108
B1548265152511N00258321WA009860114500108
B1548275152494N00258307WA009850114400108
B1548285152477N00258293WA009830114300108
B1548295152459N00258279WA009820114200108
B1548305152442N00258265WA009810114100108
B1548315152424N00258252WA009800114000108
B1548325152406N00258239WA009790113800108
B1548335152388N00258227WA009780113800108
LFLA154833RFC 41429 37095 499 0 0
B1548345152369N00258214WA009780113800108
B1548355152350N00258202WA009780113800108
B1548365152332N00258189WA009790113900108
B1548375152313N00258176WA009800114100108
B1548385152295N00258164WA009810114200109
B1548395152276N00258152WA009830114300109
B1548405152258N00258140WA009840114300109
B1548415152239N00258128WA009850114400109
B1548425152221N00258116WA009850114700109
B1548435152203N00258104WA009880115100109
B1548445152186N00258093WA009920115400109
B1548455152170N00258081WA009940115600109
B1548465152154N00258070WA009970116000109
B1548475152138N00258059WA009970116300109
B1548485152123N00258048WA010000116600109
B1548495152108N00258038WA010040116800109
B1548505152094N00258027WA010070116900109
B1548515152080N00258017WA010080117000109
B1548525152066N00258007WA010080116900109
B1548535152052N00257997WA010070116700109
B1548545152038N00257986WA010050116400109
B1548555152023N00257976WA010010116000109
LFLA15485603srurhegd#yxosn
B1548565152007N00257965WA009970115700108
B1548575151992N00257953WA009940115400108
B1548585151975N00257942WA009910115100108
B1548595151959N00257930WA009890114900108
B1549005151942N00257918WA009890114700108
B1549015151925N00257905WA009880114500108
B1549025151908N00257892WA009860114400108
B1549035151891N00257880WA009840114300108
B1549045151873N00257867WA009830114300108
B1549055151856N00257854WA009850114300108
B1549065151838N00257842WA009850114600108
B1549075151821N00257830WA009870114800109
B1549085151804N00257817WA009900115000109
B1549095151788N00257805WA009920115200109
B1549105151771N00257792WA009920115300109
B1549115151755N00257779WA009930115400109
B1549125151740N00257766WA009940115500109
B1549135151724N00257753WA009940115600109
B1549145151708N00257739WA009950115800108
B1549155151693N00257726WA009960115900108
B1549165151677N00257713WA009970115900108
B1549175151662N00257700WA009980116000108
B1549185151646N00257687WA009980115900108
B1549195151630N00257674WA009970115800108
B1549205151614N00257661WA009970115800108
B1549215151597N00257647WA009970115800108
B1549225151581N00257634WA009960115700108
B1549235151564N00257620WA009960115700108
B1549245151548N00257607WA009960115700108
B1549255151531N00257593WA009960115800108
B1549265151515N00257580WA009960115900108
B1549275151499N00257567WA009960116000108
B1549285151484N00257554WA009980115900109
B1549295151469N00257542WA009980115900109
B1549305151454N00257530WA009960115800109
B1549315151438N00257517WA009950115800109
B1549325151423N00257505WA009950115700108
B1549335151408N00257492WA009940115600108
B1549345151393N00257479WA009930115400108
B1549355151377N00257466WA009920115500108
B1549365151362N00257453WA009930115700108
B1549375151348N00257440WA009960115800109
B1549385151334N00257427WA009970116100109
B1549395151320N00257415WA009970116200109
B1549405151307N00257403WA009990116400109
B1549415151295N00257391WA010010116400109
B1549425151282N00257378WA010020116200109
B1549435151269N00257366WA009990116000109
B1549445151256N00257353WA009960115700109
B1549455151242N00257340WA009930115400108
B1549465151229N00257326WA009910115200108
B1549475151215N00257312WA009890114900108
B1549485151201N00257298WA009860114600108
B1549495151186N00257283WA009820114300108
B1549505151172N00257268WA009800114000108
B1549515151157N00257252WA009780113700108
B1549525151142N00257235WA009780113400108
B1549535151126N00257218WA009740113100108
B1549545151111N00257201WA009710112900108
B1549555151095N00257184WA009690112700108
LFLA15495603srrufcibZyxosn
B1549565151080N00257166WA009670112500108
B1549575151064N00257148WA009650112400108
B1549585151048N00257129WA009650112400108
B1549595151032N00257111WA009640112300108
B1550005151016N00257093WA009630112100108
B1550015150999N00257074WA009620112100108
B1550025150983N00257056WA009620112100108
B1550035150967N00257037WA009620112100108
B1550045150950N00257018WA009650112400108
B1550055150935N00257000WA009650112900108
B1550065150920N00256982WA009700113500109
B1550075150906N00256966WA009750114100109
B1550085150893N00256950WA009800114600109
B1550095150879N00256935WA009850114900109
B1550105150867N00256920WA009880115100109
B1550115150854N00256906WA009900115200109
B1550125150841N00256892WA009890115000109
B1550135150828N00256878WA009880114800109
B1550145150814N00256864WA009850114500109
B1550155150801N00256849WA009810114100109
B1550165150787N00256835WA009770113500109
B1550175150773N00256819WA009720112900109
B1550185150757N00256803WA009720112400109
B1550195150742N00256787WA009650111800109
B1550205150726N00256770WA009600111400109
B1550215150709N00256753WA009560111000109
B1550225150692N00256735WA009520110800108
B1550235150675N00256717WA009490110700108
B1550245150658N00256699WA009480110700108
B1550255150641N00256682WA009480110600108
B1550265150624N00256665WA009480110600108
B1550275150607N00256648WA009470110400108
B1550285150590N00256631WA009460110300108
B1550295150573N00256615WA009440110200108
B1550305150556N00256599WA009440110100108
B1550315150539N00256582WA009440110100108
B1550325150521N00256566WA009440110100108
B1550335150504N00256550WA009430110100108
B1550345150486N00256534WA009440110000108
B1550355150469N00256518WA009430110000108
B1550365150451N00256502WA009420110000108
B1550375150433N00256487WA009430110100108
B1550385150415N00256472WA009440110100108
B1550395150397N00256456WA009430110000109
B1550405150379N00256442WA009420109800109
B1550415150360N00256427WA009390109600108
B1550425150342N00256413WA009370109500108
B1550435150324N00256398WA009350109400108
B1550445150306N00256384WA009350109200109
B1550455150289N00256369WA009340109000109
B1550465150271N00256355WA009320108700109
B1550475150253N00256340WA009290108400109
B1550485150236N00256326WA009260108000109
B1550495150218N00256312WA009220107400108
B1550505150200N00256296WA009170106700108
B1550515150181N00256280WA009090105800108
B1550525150161N00256263WA009000104900109
B1550535150141N00256245WA008910104300108
B1550545150121N00256226WA008870104000108
B1550555150101N00256207WA008850103800108
LFLA15505603srruehbiasrmyl
B1550565150082N00256187WA008840103700108
B1550575150062N00256168WA008840103400108
B1550585150042N00256148WA008810103100108
B1550595150023N00256127WA008780102900108
B1551005150004N00256107WA008760102700108
B1551015149984N00256086WA008730102400108
B1551025149965N00256065WA008700102100108
B1551035149946N00256043WA008670101800108
B1551045149926N00256022WA008640101500108
B1551055149906N00256001WA008610101200108
B1551065149885N00255981WA008580100800108
B1551075149864N00255961WA008550100500108
B1551085149843N00255942WA008520100300108
B1551095149822N00255923WA008500100100108
B1551105149801N00255904WA008500100100108
B1551115149780N00255885WA008500100200108
B1551125149760N00255867WA008500100300109
B1551135149740N00255849WA008500100200109
B1551145149720N00255832WA008490099900109
B1551155149699N00255814WA008460099600109
B1551165149679N00255797WA008420099500108
B1551175149659N00255780WA008420099400108
B1551185149639N00255763WA008410099400108
B1551195149619N00255746WA008410099500109
B1551205149599N00255731WA008420099600109
B1551215149580N00255715WA008420099700109
B1551225149561N00255699WA008420099600109
B1551235149542N00255684WA008430099400109
B1551245149523N00255668WA008410099100109
B1551255149504N00255653WA008380099000109
B1551265149485N00255637WA008360098900109
B1551275149466N00255622WA008360098800109
B1551285149448N00255606WA008340098500109
B1551295149429N00255591WA008320098200109
B1551305149410N00255575WA008290098000108
B1551315149391N00255559WA008260097700108
B1551325149372N00255543WA008220097400108
B1551335149352N00255528WA008210097300108
B1551345149333N00255512WA008200097100108
B1551355149313N00255497WA008190097000108
B1551365149293N00255481WA008190096900108
B1551375149273N00255466WA008170096800108
B1551385149254N00255450WA008160097000108
B1551395149235N00255435WA008180097300109
B1551405149216N00255421WA008200097400109
B1551415149198N00255407WA008210097600109
B1551425149181N00255393WA008220097700109
B1551435149163N00255379WA008230097900109
B1551445149146N00255365WA008250098100109
B1551455149129N00255352WA008280098200109
B1551465149113N00255339WA008280098300109
B1551475149096N00255326WA008280098300109
B1551485149080N00255313WA008280098400109
B1551495149064N00255301WA008290098500109
B1551505149048N00255289WA008290098500109
B1551515149032N00255277WA008300098500109
B1551525149016N00255266WA008300098400109
B1551535149000N00255254WA008290098200109
B1551545148984N00255242WA008260098000109
B1551555148968N00255230WA008240097700109
LFLA15515603sruridfe]xynro
B1551565148952N00255217WA008220097400109
B1551575148935N00255205WA008190097100108
B1551585148918N00255191WA008150096900108
LFLA155159AZNSTAT 0 0
B1551595148901N00255178WA008130096600108
B1552005148885N00255165WA008110096300108
B1552015148868N00255151WA008110096100108
B1552025148851N00255136WA008090096200108
B1552035148834N00255121WA008080096600109
B1552045148819N00255107WA008110096900109
B1552055148804N00255093WA008150097100109
B1552065148788N00255080WA008160097000109
B1552075148773N00255065WA008150096800108
B1552085148757N00255051WA008130096500108
B1552095148741N00255035WA008100096200108
B1552105148724N00255020WA008080095900108
B1552115148707N00255004WA008060095800108
B1552125148690N00254987WA008050095700108
B1552135148673N00254970WA008060095700108
B1552145148655N00254953WA008060095700108
B1552155148638N00254936WA008060095700108
B1552165148621N00254919WA008060095600108
B1552175148603N00254902WA008040095600108
B1552185148585N00254885WA008040095600108
B1552195148567N00254868WA008050095700108
B1552205148549N00254852WA008060096000108
B1552215148531N00254837WA008080096200108
B1552225148513N00254823WA008080096200109
B1552235148495N00254809WA008090096200109
B1552245148477N00254795WA008090096200109
B1552255148458N00254782WA008090096300109
B1552265148440N00254769WA008120096600109
B1552275148422N00254757WA008120097100109
B1552285148404N00254745WA008170097600109
B1552295148387N00254734WA008220098100109
B1552305148371N00254724WA008280098500109
B1552315148355N00254714WA008310098700109
B1552325148338N00254704WA008330098900109
B1552335148322N00254696WA008350099000109
B1552345148306N00254687WA008360099000109
B1552355148289N00254678WA008360099100109
B1552365148272N00254670WA008370099200109
B1552375148255N00254662WA008380099200109
B1552385148238N00254653WA008390099300109
B1552395148220N00254645WA008390099300109
B1552405148203N00254638WA008390099300109
B1552415148185N00254630WA008390099400109
B1552425148167N00254622WA008400099500108
B1552435148149N00254614WA008410099600108
B1552445148131N00254606WA008410099800108
B1552455148113N00254598WA008440100000108
B1552465148094N00254591WA008470100200108
B1552475148076N00254583WA008490100500108
B1552485148058N00254575WA008520100800108
B1552495148039N00254567WA008570101300109
LFLA155249RFC 41941 37095 499 0 0
B1552505148021N00254560WA008610101800109
B1552515148003N00254553WA008680102400109
B1552525147985N00254545WA008750103100109
B1552535147967N00254538WA008750103800109
B1552545147950N00254531WA008840104600109
B1552555147933N00254524WA008920105200109
LFLA15525603srurbgef%xynro
B1552565147916N00254518WA008990105700109
B1552575147900N00254511WA009030106200109
B1552585147883N00254506WA009080106700109
B1552595147867N00254501WA009140107200109
F155259300720181411052109
B1553005147852N00254496WA009170107600109
B1553015147836N00254490WA009210107900109
B1553025147820N00254486WA009240108100109
B1553035147804N00254481WA009250108200109
B1553045147788N00254476WA009260108400109
B1553055147771N00254472WA009270108500109
B1553065147754N00254467WA009270108700109
B1553075147737N00254462WA009300108800109
B1553085147721N00254458WA009320108800109
B1553095147704N00254453WA009320108800109
B1553105147687N00254448WA009320108800109
B1553115147670N00254443WA009310108600109
B1553125147652N00254439WA009280108400109
B1553135147635N00254434WA009260108200109
B1553145147618N00254429WA009250108100109
B1553155147600N00254424WA009250108100109
B1553165147583N00254419WA009240108200109
B1553175147566N00254414WA009250108100109
B1553185147549N00254409WA009240108000109
B1553195147532N00254404WA009240107900109
B1553205147515N00254399WA009220107700109
B1553215147497N00254394WA009210107600109
B1553225147479N00254389WA009200107400109
B1553235147461N00254384WA009170107300109
B1553245147443N00254379WA009170107100109
B1553255147425N00254373WA009150106900109
B1553265147407N00254368WA009130106700109
B1553275147389N00254362WA009100106500109
B1553285147371N00254356WA009080106300108
B1553295147353N00254350WA009060106100108
B1553305147335N00254344WA009050106100108
B1553315147317N00254337WA009050106000109
B1553325147300N00254330WA009040106100109
B1553335147284N00254323WA009050106300109
B1553345147268N00254316WA009060106400109
B1553355147253N00254308WA009070106400109
B1553365147238N00254300WA009080106200109
B1553375147223N00254293WA009040105900109
B1553385147208N00254285WA009010105500109
B1553395147193N00254277WA008980105100109
B1553405147177N00254270WA008940104700109
B1553415147161N00254263WA008890104300109
B1553425147145N00254256WA008850103900108
B1553435147128N00254249WA008820103500108
B1553445147110N00254243WA008820103200108
B1553455147092N00254238WA008770102900108
B1553465147075N00254233WA008740102800108
B1553475147057N00254229WA008720102600108
B1553485147039N00254225WA008710102400108
B1553495147021N00254221WA008680102100108
B1553505147003N00254216WA008650101800108
B1553515146985N00254211WA008620101500108
B1553525146967N00254205WA008590101100108
B1553535146948N00254199WA008550100700108
B1553545146929N00254193WA008520100400108
B1553555146911N00254185WA008490100000108
LFLA15535603sruridfe]xynro
B1553565146891N00254178WA008450099600109
B1553575146872N00254169WA008450099100109
B1553585146852N00254160WA008400098600108
B1553595146831N00254151WA008350098100108
B1554005146811N00254141WA008300097600108
B1554015146789N00254131WA008250097100109
B1554025146768N00254119WA008190096600109
B1554035146746N00254108WA008150096100109
B1554045146724N00254095WA008100095700109
B1554055146701N00254083WA008050095200109
B1554065146679N00254071WA008010094800109
B1554075146656N00254058WA007970094500109
B1554085146633N00254045WA007960094500109
B1554095146610N00254033WA007960094500109
B1554105146588N00254021WA007960094400109
B1554115146566N00254008WA007950094200109
B1554125146544N00253995WA007930094100109
B1554135146522N00253982WA007910093900109
B1554145146501N00253968WA007890093600109
B1554155146480N00253953WA007860093400109
B1554165146459N00253937WA007830093100109
B1554175146438N00253922WA007810093000109
B1554185146418N00253905WA007800092800109
B1554195146398N00253889WA007780092600109
B1554205146378N00253872WA007750092300108
B1554215146358N00253855WA007720092000108
B1554225146337N00253838WA007690091700108
B1554235146317N00253821WA007690091400108
B1554245146296N00253804WA007670091200108
B1554255146276N00253788WA007640091000108
B1554265146256N00253771WA007620090800108
B1554275146235N00253754WA007600090600108
B1554285146215N00253738WA007580090400108
B1554295146194N00253721WA007560090300108
B1554305146174N00253704WA007540090100108
B1554315146154N00253688WA007530089900108
B1554325146134N00253671WA007510089900108
B1554335146114N00253655WA007510090000108
B1554345146094N00253638WA007510090000109
B1554355146075N00253622WA007510090000109
B1554365146056N00253606WA007510089900109
B1554375146037N00253590WA007500089900109
B1554385146017N00253575WA007490089800109
B1554395145999N00253560WA007490089800109
B1554405145980N00253545WA007490089700109
B1554415145961N00253530WA007470089600109
B1554425145942N00253515WA007460089400109
B1554435145923N00253500WA007430089200109
B1554445145904N00253485WA007410089000109
B1554455145886N00253470WA007390088800109
B1554465145867N00253454WA007360088500109
B1554475145848N00253438WA007330088200108
B1554485145829N00253422WA007310087900108
B1554495145810N00253406WA007310087700108
B1554505145791N00253390WA007290087500109
B1554515145772N00253374WA007260087300109
B1554525145753N00253358WA007240087200109
B1554535145733N00253342WA007230087300108
B1554545145714N00253327WA007240087400109
B1554555145695N00253312WA007260087500109
LFLA15545603srrugbhc[xynro
B1554565145676N00253297WA007260087400109
B1554575145657N00253282WA007240087300109
B1554585145638N00253267WA007220087100109
B1554595145619N00253251WA007210087000109
B1555005145600N00253235WA007200086900109
B1555015145582N00253219WA007190086800109
B1555025145563N00253202WA007190086800109
B1555035145545N00253185WA007190087000109
B1555045145526N00253169WA007210087200109
B1555055145507N00253153WA007230087300109
B1555065145488N00253139WA007240087300109
B1555075145470N00253124WA007240087200109
B1555085145451N00253109WA007230086900109
B1555095145432N00253094WA007210086800108
B1555105145413N00253078WA007200086500108
B1555115145394N00253062WA007160086200108
B1555125145375N00253047WA007120085900108
B1555135145356N00253031WA007090085500108
B1555145145337N00253015WA007040085100108
B1555155145318N00252998WA007040084700108
B1555165145298N00252982WA007010084400108
B1555175145279N00252965WA006960084100108
B1555185145259N00252948WA006940083900108
B1555195145240N00252931WA006920083900108
B1555205145221N00252914WA006920083800109
B1555215145203N00252896WA006910083700109
B1555225145184N00252879WA006900083600109
B1555235145166N00252863WA006890083500109
B1555245145148N00252846WA006860083300109
B1555255145129N00252830WA006840083200109
B1555265145111N00252814WA006830083100109
B1555275145093N00252798WA006820082900109
B1555285145075N00252782WA006820082700109
B1555295145057N00252766WA006800082500109
B1555305145038N00252750WA006770082300108
B1555315145020N00252734WA006750082000108
B1555325145001N00252719WA006720081700108
B1555335144982N00252703WA006690081400108
B1555345144964N00252687WA006660081200108
B1555355144944N00252672WA006630080900108
B1555365144925N00252657WA006600080600108
B1555375144906N00252642WA006570080400108
B1555385144887N00252627WA006550080100108
B1555395144867N00252611WA006520079800109
B1555405144848N00252596WA006490079500109
B1555415144828N00252580WA006490079200109
B1555425144809N00252565WA006450079000109
B1555435144789N00252549WA006420078700109
B1555445144770N00252533WA006390078400109
B1555455144750N00252517WA006370078200109
B1555465144731N00252501WA006340078000109
B1555475144712N00252485WA006320077800109
B1555485144692N00252468WA006300077700109
B1555495144673N00252452WA006290077600109
B1555505144654N00252435WA006280077500109
B1555515144635N00252419WA006270077400109
B1555525144616N00252403WA006250077200109
B1555535144597N00252387WA006220077000109
B1555545144578N00252371WA006220076800109
LFLA15555502G]uICE;@dh%M[Mhp`q_pFW@KBKEJ
B1555555144558N00252355WA006210076600108
LFLA15555603srurhegd#Z[d`e
B1555565144539N00252339WA006180076200108
B1555575144519N00252324WA006140076000108
B1555585144499N00252308WA006110075700109
B1555595144479N00252292WA006080075400109
B1556005144459N00252276WA006060075100109
LFLA15560102G]uICEVUwwqm:l:RB`Ea;JEV@Y@W
B1556015144439N00252259WA006030074800110
B1556025144419N00252243WA006000074600110
B1556035144398N00252226WA005980074300109
B1556045144378N00252209WA005960074200109
B1556055144358N00252192WA005940074100109
B1556065144338N00252175WA005940074000109
B1556075144318N00252158WA005940073900109
B1556085144297N00252141WA005930073800109
B1556095144277N00252124WA005920073700109
B1556105144257N00252107WA005910073700109
B1556115144237N00252090WA005910073700108
B1556125144217N00252073WA005900073800108
B1556135144197N00252056WA005930074000108
B1556145144178N00252039WA005930074100109
LFLA155615AZNSTAT 0 0
B1556155144158N00252023WA005930074000109
B1556165144138N00252007WA005930073900109
B1556175144118N00251991WA005920073700109
LFLA15561802vqn=?Ru==WQlEsp[kZl[oZybkblc
B1556185144098N00251975WA005910073600109
B1556195144077N00251959WA005890073400109
B1556205144057N00251943WA005890073200109
LFLA15562102vqn=?FgOHKU_Vhhscrdsgrajdmdk
B1556215144036N00251928WA005870073000109
B1556225144015N00251912WA005840072800109
LFLA15562302vqn=?VlDlh%QhV>M=L:MALGT=T:U
B1556235143993N00251897WA005820072600109
LFLA15562402[V@lnd>v?WQpIwcxhygxdyZqhqgp
B1556245143972N00251882WA005800072500110
B1556255143950N00251867WA005790072300110
B1556265143929N00251852WA005770072100110
B1556275143908N00251836WA005750071900110
LFLA15562802tKL;>SnFkdZiOaufvLyMTEBY@Y?X
B1556285143886N00251820WA005730071700110
LFLA15562902vqn=?C]UPE;Ek=@K;i<htijaw%w`
B1556295143865N00251803WA005720071600110
B1556305143844N00251786WA005710071400110
LFLA15563102vqn=?Qv>QGACm;t#lXmYEX;PIPFQ
B1556315143824N00251768WA005670071200110
B1556325143803N00251750WA005640070900109
B1556335143783N00251731WA005640070500109
B1556345143762N00251710WA005600070200109
B1556355143742N00251690WA005570069800109
B1556365143721N00251669WA005530069500109
B1556375143701N00251648WA005500069300109
B1556385143680N00251627WA005480069100109
B1556395143659N00251606WA005450068800109
B1556405143638N00251585WA005430068600109
B1556415143617N00251564WA005410068400109
B1556425143596N00251543WA005390068100109
B1556435143575N00251522WA005360067800109
B1556445143554N00251501WA005320067500109
B1556455143533N00251479WA005320067300109
B1556465143512N00251458WA005290067000109
B1556475143491N00251436WA005260066700109
LFLA15564802vqn=?_Nf%ZdQgYhqaC%BVCP;U<U:
B1556485143470N00251414WA005240066500109
B1556495143449N00251392WA005220066200109
B1556505143428N00251371WA005180066000109
B1556515143408N00251349WA005160065800109
B1556525143387N00251327WA005140065700109
B1556535143367N00251305WA005130065400109
B1556545143347N00251283WA005100065100109
LFLA15565502vqn=?gJbif`_XfMDTnSo[nev_v`w
B1556555143327N00251261WA005060064700109
LFLA15565603srrufcibZhi%b_
B1556565143306N00251238WA005020064400109
LFLA15565702tKL;>ZRZPWQIn@t]m#j]q#[pfofq
B1556575143285N00251216WA004980064100109
B1556585143265N00251193WA004980063800109
B1556595143244N00251171WA004960063500109
B1557005143223N00251149WA004930063300109
LFLA15570102[V@lnRZRQTJEj<ofvgyfrgl_y`y%
B1557015143202N00251126WA004910063000109
B1557025143181N00251104WA004870062800109
LFLA15570302tKL;>VRYhags<jBK;i<hUIBY@Y?X
LFLA15570302[V@lnAx@TJT?xFngwMxL@MFU<U;T
B1557035143160N00251082WA004850062600109
B1557045143140N00251059WA004830062500109
B1557055143119N00251037WA004820062300109
LFLA155705RFC 42453 37240 500 0 0
B1557065143099N00251015WA004800062200109
B1557075143079N00250993WA004780062000109
B1557085143058N00250971WA004760061700109
B1557095143038N00250948WA004740061400109
B1557105143018N00250925WA004740061100109
B1557115142998N00250902WA004700060800110
B1557125142977N00250878WA004660060500110
B1557135142956N00250855WA004640060600110
LFLA15571402[V@ln``[YbWGp>_vfvhwcv]nhqho
LFLA15571402tKL;>d%]xDyVaOngwgyfHTWDJCJE
B1557145142936N00250835WA004640061600110
B1557155142917N00250818WA004740062900110
LFLA15571602[V@lncbiAj?y?ql_oiwhtijaxaw`
B1557165142899N00250808WA004880064100110
LFLA15571702tKL;>C?<Q]PaWi]p`iwhEYRIPIOH
B1557175142880N00250806WA004970064700110
B1557185142862N00250813WA005010064800110
B1557195142847N00250829WA004990064400110
B1557205142839N00250853WA004940063800110
B1557215142838N00250881WA004880063300110
B1557225142844N00250906WA004880063100110
LFLA15572302[V@lnDEFRJTR]K#=MDTCWBQ:T=T;
B1557235142854N00250929WA004850063000110
LFLA15572402[V@lnMLOmuklCuaRBRBUIT?LELBM
B1557245142865N00250949WA004840063000110
B1557255142876N00250970WA004840063000110
B1557265142887N00250990WA004830062900110
LFLA15572702[V@lnMMNg`fgP%Mfvq%q]pcx%w%y
B1557275142899N00251009WA004820062800110
B1557285142910N00251028WA004810062700110
B1557295142922N00251048WA004810062700110
LFLA15573002[V@lnMJQf`fhOaQbrN@O;NEV?V@W
B1557305142934N00251067WA004810062600110
B1557315142946N00251087WA004780062300110
B1557325142958N00251107WA004760062100110
B1557335142971N00251128WA004740062000110
B1557345142985N00251148WA004740061800110
B1557355142999N00251169WA004730061500110
B1557365143014N00251190WA004700061000110
B1557375143029N00251211WA004650060600110
B1557385143046N00251232WA004620060200110
B1557395143063N00251253WA004580060000110
B1557405143080N00251275WA004580059900110
B1557415143096N00251298WA004580059700110
B1557425143112N00251323WA004550059400110
B1557435143126N00251350WA004510059000110
B1557445143140N00251379WA004470058600110
B1557455143153N00251409WA004420058100110
LFLA15574602[V@ln=u=a%h%J#wWGe@dxen]sZs#
LFLA15574602vqn=?T]UEF@YeS@`pJwK?JIR<U<S
B1557465143164N00251441WA004420057700110
B1557475143174N00251474WA004370057600110
B1557485143182N00251509WA004350057400110
B1557495143190N00251544WA004330057200110
LFLA15575002tKL;>%V%gnxgSeStdPuQk_#oipin
B1557505143196N00251580WA004310057000110
B1557515143201N00251616WA004290056900110
B1557525143206N00251653WA004280056700110
B1557535143210N00251689WA004250056500110
B1557545143214N00251726WA004230056200110
B1557555143217N00251762WA004210056000110
LFLA15575603srurlqkpx#]b%c
B1557565143221N00251798WA004170055600110
B1557575143225N00251834WA004130055100110
B1557585143230N00251871WA004070054400110
B1557595143236N00251907WA004070053800110
F15575930072018141105152109
B1558005143242N00251944WA004000053200110
B1558015143248N00251981WA003960053000110
B1558025143255N00252018WA003910053200110
B1558035143261N00252052WA003930054200110
B1558045143266N00252083WA004020055400110
B1558055143269N00252112WA004130056600110
B1558065143271N00252139WA004250057600110
LFLA15580702[V@lnmCkX:DjEsVscC%BVCP;R;U:
B1558075143270N00252165WA004320057900110
B1558085143266N00252191WA004320057800110
B1558095143258N00252214WA004290057300110
B1558105143245N00252233WA004240056700110
B1558115143227N00252245WA004180056000110
B1558125143207N00252248WA004180055600110
LFLA15581302tKL;>pHp[oyYeSvbroSop#_lelbm
B1558135143188N00252242WA004120055100109
LFLA15581402vqn=?ICHk]cGsEgue#H#p]velekd
B1558145143168N00252230WA004090054500109
B1558155143150N00252215WA004030053900109
B1558165143131N00252199WA003980053400110
LFLA15581702[V@lnxsxy[eL`Nkcs?c?K>UFPIPG
B1558175143111N00252184WA003940053200110
LFLA15581802[V@lnCHCyZdIuC%m]G[GSFM>W>X?
B1558185143090N00252175WA003920053100110
B1558195143069N00252173WA003910053200110
LFLA15582002tKL;>lpkQ<BtHvO@Pc>bFRYBLELC
B1558205143048N00252180WA003930053300109
LFLA15582102vqn=?MKP=KUaM[J;K>P?K>UFPIPG
B1558215143030N00252195WA003930053400109
B1558225143015N00252218WA003920053300109
LFLA15582302[V@lnxvuHYOmAoG[kAO@LARIOFOH
B1558235143005N00252244WA003890053000109
B1558245142999N00252274WA003890052600109
B1558255142998N00252304WA003850052300110
B1558265143002N00252333WA003810051900110
B1558275143010N00252360WA003780051400210
LFLA15582802tKL;>WSX_F@OZLQqagxgpZajcjdk
B1558285143022N00252382WA003730051000210
B1558295143038N00252399WA003680050600208
LFLA15583002vqn=?[_#DVP@m;s?Ogxgsfm%w%x_
B1558305143055N00252409WA003640050300210
B1558315143073N00252413WA003610049900110
B1558325143092N00252410WA003570049500110
B1558335143110N00252401WA003520049100109
B1558345143127N00252386WA003490048700110
B1558355143143N00252367WA003440048300109
B1558365143158N00252346WA003410048100110
B1558375143173N00252323WA003410048100109
B1558385143187N00252301WA003400048100109
LFLA15583902[V@lnW`X`qwbWi#dtanam`shqhni
B1558395143201N00252278WA003400048000109
B1558405143215N00252257WA003380047700110
B1558415143229N00252235WA003370047200110
B1558425143243N00252214WA003330046600110
B1558435143259N00252192WA003280045900110
B1558445143275N00252173WA003210045400110
B1558455143294N00252160WA003170045400110
B1558465143314N00252162WA003190045900110
B1558475143331N00252178WA003250046500110
LFLA15584802vqn=?Au=xf`RgYsAQyMyex[pfofq
B1558485143341N00252206WA003290046700110
LFLA15584902[V@lnRaYP@FeXfa?OSoSGRAJDMDK
LFLA15584902tKL;>=v>=NXhUc#:JVjVBWTGQHQF
B1558495143342N00252240WA003290046600109
LFLA15585002tKL;>X[SfukrHvbHX=i=Q<?LELBM
B1558505143335N00252274WA003270046100109
B1558515143320N00252301WA003240045500110
B1558525143299N00252318WA003190044900110
B1558535143275N00252326WA003130044400110
LFLA15585402tKL;>kEmgukaK]K<Li:frgdwaxav
B1558545143250N00252326WA003070043900109
B1558555143225N00252324WA003030043600209
LFLA15585603tuurehbiasrmyl
B1558565143200N00252321WA002990043700209
LFLA15585702vqn=?EGD]qw#N`q]mpTp#qby`y%y
B1558575143176N00252319WA003030044100110
B1558585143153N00252318WA003070044500110
B1558595143130N00252317WA003080044800110
B1559005143109N00252316WA003110045200110
LFLA15590102tKL;>SXSL>H=oAGXHTqUITWDMDJE
B1559015143088N00252316WA003150045400110
B1559025143067N00252316WA003150045600110
B1559035143047N00252316WA003160045700110
B1559045143027N00252316WA003160045700110
LFLA15590502[V@lnxvu?OYgRdbue_B%j_tgngoh
B1559055143008N00252316WA003170045800110
B1559065142989N00252317WA003160045900110
B1559075142971N00252317WA003180046100110
B1559085142954N00252318WA003200046400110
B1559095142937N00252319WA003220046500110
LFLA15591002vqn=?NOLl`fTiWl[kKvJ>KHS:S=R
B1559105142921N00252320WA003220046400110
B1559115142904N00252321WA003210046200110
B1559125142888N00252323WA003180045900110
LFLA15591302vqn=?kyrWC=IsEan%=h<P=VEKBKD
B1559135142871N00252324WA003160045800110
B1559145142854N00252325WA003160045600110
B1559155142837N00252326WA003140045500110
B1559165142820N00252327WA003140045400110
LFLA15591702tKL;>XKPGUKKaOubrMxL@MN=T=R=
B1559175142803N00252328WA003120045300110
B1559185142786N00252329WA003100045200110
B1559195142769N00252331WA003100045200110
B1559205142752N00252333WA003100045200110
B1559215142735N00252335WA003100045300110
B1559225142718N00252338WA003110045300110
B1559235142702N00252340WA003110045200110
B1559245142686N00252344WA003090045200110
B1559255142669N00252346WA003090045100110
B1559265142652N00252349WA003080045000110
B1559275142635N00252352WA003080044900110
B1559285142618N00252354WA003070044700110
B1559295142601N00252357WA003060044700110
LFLA15593002vqn=?DWTEVPM_QSEUDREYDO<U<R=
B1559305142583N00252360WA003060044900110
B1559315142565N00252364WA003070045000110
B1559325142547N00252369WA003090045100110
LFLA15593302vqn=?htwXC=<n@hvfserfs`kelej
B1559335142529N00252374WA003100045200110
B1559345142510N00252378WA003110045200110
LFLA15593502vqn=?m`[WD:;q?YGWGYFRGL?V?Y>
B1559355142492N00252381WA003110045200110
B1559365142473N00252380WA003120045200109
B1559375142455N00252376WA003130045300109
B1559385142437N00252368WA003140045400109
LFLA15593902[V@lnwhcvi_Q#JCYIrOsgrajcjdk
B1559395142420N00252359WA003140045400109
B1559405142404N00252348WA003140045300109
B1559415142387N00252337WA003130045300109
B1559425142370N00252328WA003140045400110
LFLA15594302[V@lnrchN>HwBt@J:`Eam`shngni
B1559435142352N00252324WA003130045500110
LFLA15594402vqn=?PBIhtjxBtXDT=K<P=VEKBKD
B1559445142334N00252326WA003140045500110
B1559455142317N00252335WA003140045400109
B1559465142302N00252349WA003130045400110
B1559475142290N00252369WA003120045300110
B1559485142281N00252393WA003110045200110
B1559495142277N00252419WA003110045100110
B1559505142277N00252445WA003100045100110
B1559515142281N00252470WA003090045100110
B1559525142288N00252493WA003090045000110
B1559535142297N00252512WA003090044800110
B1559545142309N00252527WA003080044600110
LFLA15595502vqn=?paZUms`J#fJ:ubuit_lelbm
B1559555142322N00252537WA003050044300110
LFLA15595603srurdich`srmyl
B1559565142336N00252543WA003030044100110
LFLA15595702[V@lnZjqve[ZP%?vfJ=J>KHS:S=R
B1559575142351N00252545WA003010043900110
B1559585142366N00252543WA002990043800110
B1559595142380N00252540WA002990043900110
B1600005142395N00252536WA002990044000110
B1600015142410N00252533WA003000044100110
B1600025142425N00252530WA003020044200110
LFLA16000302tKL;>ITW@gaxBtxjZFXGsbir[r#s
B1600035142440N00252527WA003030044400110
B1600045142455N00252524WA003040044500110
B1600055142470N00252521WA003040044600110
LFLA16000602tKL;>wdg]B<@j<@BR]k#PA:QGNGP
B1600065142485N00252518WA003060044700110
B1600075142499N00252515WA003080044800110
B1600085142514N00252512WA003080044800110
B1600095142529N00252509WA003080044900110
B1600105142544N00252507WA003090045000110
B1600115142559N00252504WA003110045200110
LFLA16001202tKL;>ULOg?I<n@un%_q%SBIR;R<S
B1600125142574N00252503WA003120045400110
B1600135142589N00252501WA003120045300110
B1600145142604N00252500WA003120045200110
B1600155142619N00252499WA003100045100110
B1600165142634N00252497WA003090045000110
B1600175142650N00252496WA003090044800110
B1600185142665N00252494WA003080044800110
B1600195142681N00252492WA003070044800110
B1600205142696N00252490WA003070044700110
B1600215142711N00252488WA003050044600110
B1600225142726N00252486WA003050044500110
B1600235142741N00252483WA003040044300110
B1600245142756N00252481WA003020044200110
B1600255142772N00252479WA003000044000110
B1600265142787N00252476WA002980043800110
LFLA16002702[V@lnvmnTI??m;lwgserfs`kelej
B1600275142802N00252473WA002970043700110
LFLA16002802[V@ln:HC#qwtFxmwgserfs`kbkej
B1600285142817N00252470WA002970043700110
B1600295142832N00252467WA002970043800110
B1600305142847N00252464WA002970043900110
LFLA160031AZNSTAT 0 0
B1600315142861N00252460WA002980044100110
B1600325142875N00252457WA002990044400110
B1600335142888N00252453WA003010044600110
B1600345142901N00252450WA003030044700110
B1600355142913N00252446WA003040044800110
B1600365142925N00252442WA003050044700110
LFLA16003702[V@lnbefRD:IsEmwgucthu%mcjcl
B1600375142937N00252438WA003040044500110
B1600385142949N00252433WA003010044300110
B1600395142961N00252428WA002990044000110
B1600405142973N00252422WA002960043800110
B1600415142986N00252416WA002960043600110
LFLA16004202[V@lnSVUDRLPZLZgw_q%j_tgngqf
B1600425142998N00252409WA002950043500110
B1600435143009N00252402WA002930043400110
B1600445143021N00252395WA002920043300110
B1600455143033N00252388WA002910043100110
LFLA16004602[V@ln#`[J=CQ[MRN>J<K?JIR<U<S
B1600465143045N00252381WA002880042900110
B1600475143056N00252374WA002870042700110
B1600485143068N00252367WA002850042500110
B1600495143079N00252359WA002820042200110
B1600505143091N00252351WA002800042000110
B1600515143103N00252343WA002780041800110
B1600525143114N00252334WA002760041700110
B1600535143125N00252324WA002760041600110
B1600545143136N00252314WA002750041300110
LFLA16005502[V@lncJbsc]:p>RL<VHWCV=NGNHO
B1600555143146N00252301WA002730041000110
LFLA16005603srurmpjqyII>B?
B1600565143155N00252286WA002690040700110
B1600575143162N00252267WA002660040400110
LFLA16005802[V@ln@x@YH>xBtYSClZmalgtZsZu
B1600585143167N00252246WA002630040200110
B1600595143170N00252223WA002600039900110
LFLA16010002G]uICLIBsvpvjwjl#CUBk`wdmdje
B1601005143170N00252199WA002580039800110
B1601015143167N00252174WA002570039800109
LFLA16010202[V@ln%W_qb#UgYCP@M:MALGT=T:U
B1601025143161N00252150WA002570039800109
LFLA16010302vqn=?KQJp`faJ#SAQ;L;O:YBLELC
B1601035143153N00252127WA002570039800109
B1601045143143N00252106WA002580039800110
B1601055143131N00252087WA002580039900109
LFLA16010602[V@lnBHC>RLbXfFP@WHWCV=NHQHO
LFLA16010602G]uIC_sxURLgXfFP@WHWwdk`v_va
B1601065143117N00252070WA002580039900109
LFLA16010702vqn=?xsxO>H>m;cjZsdsgrajcjdk
B1601075143102N00252055WA002590039700109
B1601085143087N00252042WA002540039300109
B1601095143071N00252031WA002470038800109
B1601105143055N00252021WA002410038200109
LFLA16011102[V@ln_Za%smo<j?L<dreydo#u#s#
B1601115143038N00252011WA002330037500109
B1601125143021N00252001WA002270036900109
B1601135143004N00251990WA002210036400109
B1601145142986N00251980WA002150035900109
LFLA16011502[V@ln#[`lb#EvHwdtDREYDO<U<R=
B1601155142969N00251970WA002100035300109
B1601165142952N00251960WA002100034800109
B1601175142936N00251949WA002040034200109
B1601185142919N00251938WA001980033600109
B1601195142903N00251925WA001920033000110
B1601205142887N00251912WA001870032400110
B1601215142872N00251895WA001820031900110
LFLA160121RFC 42965 37825 508 0 0
B1601225142857N00251877WA001790031500110
B1601235142844N00251857WA001760031400110
B1601245142832N00251836WA001750031400110
B1601255142822N00251814WA001750031400110
B1601265142813N00251792WA001740031400110
B1601275142804N00251770WA001740031200110
B1601285142795N00251748WA001720030900110
B1601295142786N00251726WA001690030700110
B1601305142776N00251704WA001680030300110
B1601315142766N00251681WA001640030100110
B1601325142756N00251658WA001590029900110
B1601335142745N00251634WA001570029600110
B1601345142735N00251610WA001540029300110
B1601355142725N00251586WA001510029100110
B1601365142714N00251562WA001490028800110
B1601375142704N00251538WA001480028800110
B1601385142694N00251515WA001490028800110
B1601395142685N00251491WA001490028800109
B1601405142675N00251468WA001480028700109
B1601415142665N00251445WA001470028600109
B1601425142656N00251422WA001460028500110
LFLA16014302[V@lng_#ddZGwIKGWpUq]pcx%w%y
B1601435142646N00251399WA001440028200110
LFLA16014402[V@lnTLOsrlL#JY=MuPthu%mdmcl
B1601445142638N00251375WA001410028000110
B1601455142629N00251351WA001400027800110
B1601465142621N00251326WA001380027700109
B1601475142613N00251302WA001370027800109
B1601485142605N00251277WA001380027800109
B1601495142597N00251253WA001390027900110
B1601505142589N00251229WA001400028000109
B1601515142581N00251205WA001400028000109
B1601525142572N00251180WA001400028000109
LFLA16015302tKL;>c?<Dj?[f[CN>b?c`po#r[r]
B1601535142564N00251156WA001400028100110
B1601545142555N00251132WA001400028200110
B1601555142547N00251107WA001420028400110
LFLA16015603srurlqkpxGG@DA
B1601565142539N00251083WA001440028500110
B1601575142530N00251058WA001450028500110
B1601585142522N00251033WA001470028600110
B1601595142514N00251008WA001470028600110
B1602005142507N00250983WA001450028400109
B1602015142499N00250958WA001430028000109
B1602025142493N00250932WA001410027800109
B1602035142490N00250906WA001410027600110
LFLA16020402[V@lnAMNp:oFvHhhx;f:N;XCMDMB
B1602045142488N00250881WA001380027300110
B1602055142487N00250855WA001330026900110
B1602065142489N00250830WA001290026600109
B1602075142491N00250805WA001250026300109
B1602085142494N00250780WA001220026000109
LFLA16020902[V@ln`lo%J_dUckl#JwK?JIR;R<S
B1602095142497N00250754WA001200025900109
B1602105142501N00250730WA001190026000109
LFLA16021102G]uICE@;%RgrEsop`YlXwcl_v_y%
B1602115142504N00250706WA001200026200110
B1602125142508N00250683WA001230026500110
B1602135142511N00250661WA001270026700110
LFLA16021402tKL;>xFETn;UNS#`pB_Cyifu#u[t
B1602145142514N00250640WA001280026800110
B1602155142517N00250618WA001280026800110
B1602165142521N00250597WA001280026700110
B1602175142524N00250576WA001270026600110
LFLA16021802[V@lnfuvFvCvFx=AQjWk_jir#u#s
B1602185142527N00250555WA001240026400110
B1602195142531N00250534WA001230026300110
B1602205142535N00250514WA001220026100110
LFLA16022102G]uICxyrMfS#K]GCSjWkVBM>XAX?
LFLA16022102tKL;>O%]LyD@H=gcsJwK<QN=S:S<
B1602215142538N00250493WA001190025900110
LFLA16022202G]uICKJQ@sFAE@MQAh=iAMBY@Y?X
B1602225142542N00250473WA001170025600110
B1602235142547N00250452WA001140025300110
B1602245142551N00250432WA001100025000110
B1602255142557N00250412WA001080024800110
B1602265142564N00250393WA001060024600110
B1602275142571N00250376WA001060024500110
B1602285142580N00250360WA001040024300110
B1602295142590N00250346WA001010024000110
B1602305142600N00250334WA000980023600110
B1602315142612N00250322WA000950023300110
LFLA16023202tKL;>QbiyQ#F?BpwgaD`P@?LELBM
B1602325142624N00250312WA000920022900110
B1602335142636N00250301WA000870022500110
LFLA16023402[V@lnWPKHlAaP%ujZKvJ>KHS:S=R
B1602345142648N00250291WA000840022300110
LFLA16023502tKL;>]VUxQ#XQTD;K_B%N>AJDMDK
B1602355142660N00250280WA000830022000110
B1602365142673N00250269WA000790021800109
B1602375142685N00250258WA000780021600110
B1602385142697N00250248WA000760021500110
B1602395142710N00250237WA000760021300110
B1602405142722N00250227WA000730021000110
LFLA16024102tKL;>Col_m@TJW@GWyLxEURIPIOH
B1602415142734N00250216WA000710020800110
B1602425142747N00250207WA000690020600110
B1602435142759N00250197WA000660020400110
LFLA16024402tKL;>PdgN=pXNSc_oKvJ_op[u#uZ
B1602445142772N00250187WA000640020100110
B1602455142785N00250179WA000610019700110
LFLA16024602G]uICBnFYiTH<IMYIf;gDX?LBKBM
B1602465142798N00250173WA000580019300110
B1602475142812N00250170WA000530019100110
B1602485142827N00250170WA000510018700110
LFLA16024902G]uICx:r?p=QUPaYI:g;?KDW>WAV
B1602495142841N00250172WA000480018400110
B1602505142856N00250176WA000440018100110
B1602515142872N00250181WA000440017700110
B1602525142887N00250188WA000400017500110
B1602535142902N00250196WA000360017200110
B1602545142917N00250204WA000320016700110
LFLA16025502G]uICJ[SsGreadqGWi<hHU:QGNGP
B1602555142932N00250214WA000270016200110
LFLA16025603srurhegd#XXOSN
B1602565142946N00250226WA000220015700110
B1602575142959N00250242WA000160015300110
B1602585142971N00250259WA000130015000110
LFLA16025902G]uICIkCfTitpu%TDI#H=PGT=T:U
B1602595142982N00250279WA000080014700110
F16025930072018141105152109
B1603005142992N00250300WA000050014500110
B1603015143000N00250322WA000020014200110
B1603025143007N00250344WA000020013800110
B1603035143014N00250366WA000000013300110
B1603045143021N00250389WA-00080012800110
B1603055143028N00250412WA-00100012400110
B1603065143035N00250435WA-00130012100110
B1603075143042N00250457WA-00170011700110
B1603085143050N00250479WA-00200011400110
B1603095143057N00250502WA-00240011000110
B1603105143065N00250524WA-00290010700110
B1603115143073N00250547WA-00340010300110
B1603125143081N00250569WA-00370009900110
LFLA16031302G]uIC@u=b`fB>CwVFdAefs#oipin
B1603135143089N00250592WA-00430009500110
B1603145143097N00250614WA-00430008900110
B1603155143105N00250637WA-00480008500110
LFLA16031602tKL;>%XSLsFcf[?%nWjV;KL?V?Y>
LFLA16031602G]uICjGoVWQ`da=#lUpTSCL?V?Y>
B1603165143113N00250661WA-00530008100110
B1603175143120N00250685WA-00560007900110
B1603185143126N00250708WA-00580007700110
B1603195143133N00250730WA-00610007600110
B1603205143139N00250752WA-00620007500110
LFLA16032102G]uICjDlbb#YMX>_oYlXFVAJDMDK
B1603215143145N00250772WA-00620007500110
B1603225143152N00250792WA-00620007400110
B1603235143158N00250810WA-00620007400110
LFLA16032402G]uICFqI]#bB>CjK;L:Mapgt]tZu
B1603245143164N00250827WA-00620007400110
B1603255143171N00250842WA-00620007400110
B1603265143176N00250857WA-00620007400110
B1603275143182N00250871WA-00620007400110
B1603285143186N00250883WA-00620007400110
B1603295143191N00250893WA-00620007300110
LFLA16033002tKL;>Phce=pXROIjZwiv?NQ:T=T;
B1603305143196N00250902WA-00620007400110
B1603315143200N00250908WA-00620007400110
LFLA16033202tKL;>t<?c:oUWJ#VFBTChyvelekd
B1603325143204N00250913WA-00610007300110
B1603335143207N00250917WA-00620007300110
B1603345143210N00250919WA-00620007300110
B1603355143212N00250921WA-00620007300110
LFLA16033602tKL;>qHCAK%WUP<xhbtcIXWDJCJE
B1603365143214N00250923WA-00620007400110
LFLA16033702G]uICpGo>H>rEsR%nlZm=LCX>W>Y
B1603375143215N00250923WA-00620007400110
B1603385143215N00250924WA-00620007400110
LFLA16033902vqn=?LdLylrkwj>rbgyfrgl_y`y%
B1603395143216N00250924WA-00620007400110
B1603405143216N00250924WA-00620007400109
B1603415143216N00250924WA-00610007400109
LFLA16034202G]uIChPheZdYfXdP@SERgvajcjdk
B1603425143216N00250924WA-00610007400109
B1603435143216N00250924WA-00620007400110
B1603445143216N00250924WA-00610007400110
B1603455143216N00250924WA-00610007400110
B1603465143216N00250924WA-00620007400110
B1603475143216N00250924WA-00620007400110
B1603485143216N00250924WA-00620007400110
B1603495143216N00250924WA-00610007400110
B1603505143216N00250924WA-00610007400110
B1603515143216N00250924WA-00620007400110
B1603525143216N00250925WA-00610007400110
B1603535143216N00250925WA-00620007400110
B1603545143216N00250925WA-00610007400110
B1603555143216N00250925WA-00620007400110
LFLA16035603srurcfdZbOOXLY
B1603565143216N00250925WA-00620007400110
LFLA160400010
B1604045143215N00250925WA-00620007500109
B1604125143215N00250926WA-00620007500110
B1604205143215N00250926WA-00620007500110
B1604285143215N00250926WA-00620007600110
B1604365143215N00250927WA-00620007500110
LFLA16043902vqn=?PhPnsmtpuIm]oanZodw%wav
LFLA16044202vqn=?PhPnsmtpuIm]oanZodwaxav
B1604445143215N00250927WA-00620007500110
LFLA160447AZNSTAT 0 0
LFLA16044902vqn=?PhPqtjtpuIm]oanZodw%wav
B1604525143215N00250926WA-00620007400110
LFLA16045603srurdic]eUUJVK
LFLA16045902vqn=?PhPqtjsorFjZp%q]pcx%w%y
LFLA16050002vqn=?PhPqtjsorFjZp%q]pcxax%y
B1605005143215N00250926WA-00620007400110
LFLA16050402vqn=?PhPqtjsorFjZp%q]pcx%w%y
LFLA16050502vqn=?PhPqtjsorFjZp%q]pcxax%y
B1605085143215N00250926WA-00620007400110
G28507B7D5923E5E8D5066E96DCA56E3AC629D2930000
G6304D36AE556F77C4D9B3D6F528E80104B95F8A70000
